Source,Target,ROR,CI_LOWER,CI_UPPER,N_EXPOSED,PCT_SERIOUS,Weight,Type,severity
ACYCLOVIR,VINCRISTINE,8.703138331815673,5.483189982270692,13.813969070492067,200,90.0,8.703138331815673,Undirected,strong
CETIRIZINE HYDROCHLORIDE\PSEUDOEPHEDRINE HYDROCHLORIDE,FOLIC ACID,8.645740606278718,5.23726575566377,14.27249143319118,169,89.94082840236686,8.645740606278718,Undirected,strong
CETIRIZINE HYDROCHLORIDE\PSEUDOEPHEDRINE HYDROCHLORIDE,HYDROXYCHLOROQUINE SULFATE,8.621220050340916,4.747049778829611,15.657184697718764,119,89.91596638655463,8.621220050340916,Undirected,strong
ACETAMINOPHEN,CIMZIA,8.614387003887144,5.97743500206658,12.414633271141197,317,89.90536277602523,8.614387003887144,Undirected,strong
CALCIUM CARBONATE,XELJANZ,8.613731348211825,4.618620122511057,16.06461795321411,109,89.90825688073394,8.613731348211825,Undirected,strong
PIPERACILLIN SODIUM\TAZOBACTAM SODIUM,PREDNISONE,8.582853499500446,5.627822322165822,13.089498917502702,237,89.87341772151899,8.582853499500446,Undirected,strong
SIMPONI,STELARA,8.577434302187646,5.573377749376018,13.200680541810083,227,89.86784140969164,8.577434302187646,Undirected,strong
CELECOXIB,OXYCODONE,8.56509493455868,5.4546488859747555,13.449234363486084,207,89.85507246376811,8.56509493455868,Undirected,strong
HYDROCORTISONE,SULFAMETHOXAZOLE / TRIMETHOPRIM,8.558024664802467,5.389655317111625,13.58895548122313,197,89.84771573604061,8.558024664802467,Undirected,strong
ADALIMUMAB,DICLOFENAC,8.553894267088051,5.934686299437892,12.32906061765254,315,89.84126984126985,8.553894267088051,Undirected,strong
CERTOLIZUMAB PEGOL,CETIRIZINE HYDROCHLORIDE,8.553185986526808,4.820020924986346,15.177732972253803,128,89.84375,8.553185986526808,Undirected,strong
DIPHENHYDRAMINE,FENTANYL,8.531940081218215,5.166593301542843,14.089361654953606,167,89.82035928143712,8.531940081218215,Undirected,strong
ALENDRONATE SODIUM,HYDROXYCHLOROQUINE,8.527560538449823,5.486832037434939,13.25341986792846,216,89.81481481481481,8.527560538449823,Undirected,strong
LINEZOLID,PANTOPRAZOLE,8.52581575751783,4.569998970226523,15.905809783483663,108,89.81481481481481,8.52581575751783,Undirected,strong
PANTOPRAZOLE,PEMBROLIZUMAB,8.52581575751783,4.569998970226523,15.905809783483663,108,89.81481481481481,8.52581575751783,Undirected,strong
CORTISONE ACETATE,FLUMETHASONE PIVALATE,8.494889473339233,4.887140870392104,14.765923282759797,137,89.78102189781022,8.494889473339233,Undirected,strong
LEFLUNOMIDE,STELARA,8.487841691448516,5.212364863728884,13.82164496588067,176,89.77272727272727,8.487841691448516,Undirected,strong
ALENDRONATE SODIUM,ENBREL,8.472956637955456,5.394629171433305,13.307864527340476,205,89.75609756097562,8.472956637955456,Undirected,strong
LEFLUNOMIDE,MYCOPHENOLATE MOFETIL,8.45804321760338,6.072538581574402,11.780657151839629,380,89.73684210526316,8.45804321760338,Undirected,strong
FOSAMAX,LISINOPRIL,8.437900586979062,4.5213793256279295,15.747001343633915,107,89.7196261682243,8.437900586979062,Undirected,strong
DICLOFENAC SODIUM,METHOTREXATE,8.417073298213358,6.523905427376454,10.8596183215959,640,89.6875,8.417073298213358,Undirected,strong
ACETAMINOPHEN,COSENTYX,8.411984366736936,5.867081341516203,12.060763583676517,320,89.6875,8.411984366736936,Undirected,strong
DICLOFENAC,OXYCODONE,8.400403025941115,6.004385528368437,11.75253831800765,368,89.67391304347827,8.400403025941115,Undirected,strong
HYDROXYCHLOROQUINE,OXYCODONE,8.380819222204961,5.334611126314456,13.166495021316743,203,89.65517241379311,8.380819222204961,Undirected,strong
CORTISONE ACETATE,DICLOFENAC SODIUM,8.355628473292843,5.522599091448356,12.641969121352965,241,89.62655601659752,8.355628473292843,Undirected,strong
CETIRIZINE,DICLOFENAC SODIUM,8.325037433958641,5.405801304236943,12.820716925443046,221,89.59276018099548,8.325037433958641,Undirected,strong
CHOLECALCIFEROL,QUETIAPINE FUMARATE,8.298852126564775,4.564215921096566,15.08932701896413,115,89.56521739130436,8.298852126564775,Undirected,strong
FENTANYL,ZOPICLONE,8.298852126564775,4.564215921096566,15.08932701896413,115,89.56521739130436,8.298852126564775,Undirected,strong
COSENTYX,ORENCIA,8.294745907685835,5.525761541823472,12.451280995807569,249,89.5582329317269,8.294745907685835,Undirected,strong
EPCORITAMAB,RITUXIMAB,8.282971993054119,5.377873153009169,12.75738997289845,220,89.54545454545455,8.282971993054119,Undirected,strong
DESOXIMETASONE,ORENCIA,8.26533531970474,5.762901021190376,11.854405913958844,315,89.52380952380953,8.26533531970474,Undirected,strong
DESOXIMETASONE,ERELZI,8.26533531970474,5.762901021190376,11.854405913958844,315,89.52380952380953,8.26533531970474,Undirected,strong
CASPOFUNGIN,CYCLOPHOSPHAMIDE,8.262071506355163,4.42414471303273,15.429383531474206,105,89.52380952380953,8.262071506355163,Undirected,strong
ACTEMRA,OXYCODONE,8.242614750150457,5.2445872646675955,12.95444131077948,200,89.5,8.242614750150457,Undirected,strong
ALENDRONIC ACID,SULFASALAZINE,8.196547033211637,5.214580183804318,12.883756870075894,199,89.44723618090453,8.196547033211637,Undirected,strong
DICLOFENAC,OXYCODONE HYDROCHLORIDE,8.190545033120681,4.954591028179561,13.539972836915773,161,89.44099378881988,8.190545033120681,Undirected,strong
CETIRIZINE,ORENCIA,8.190545033120681,4.954591028179561,13.539972836915773,161,89.44099378881988,8.190545033120681,Undirected,strong
ATIVAN,IBUPROFEN,8.174157596264006,4.37552982570246,15.27057409506598,104,89.42307692307693,8.174157596264006,Undirected,strong
AIMOVIG,DOMPERIDONE MALEATE,8.174157596264006,4.37552982570246,15.27057409506598,104,89.42307692307693,8.174157596264006,Undirected,strong
EPCORITAMAB,PREDNISONE,8.158395407358551,4.858867152959123,13.69854608646244,151,89.40397350993378,8.158395407358551,Undirected,strong
PHTHALYLSULFATHIAZOLE,XELJANZ,8.15148796789572,5.509170162940479,12.061118848302778,264,89.39393939393939,8.15148796789572,Undirected,strong
APREMILAST,INFLIXIMAB,8.149471389415089,4.682818504479289,14.182459530167092,132,89.39393939393939,8.149471389415089,Undirected,strong
ADALIMUMAB,PSEUDOEPHEDRINE HYDROCHLORIDE,8.149471389415089,4.682818504479289,14.182459530167092,132,89.39393939393939,8.149471389415089,Undirected,strong
ACETAMINOPHEN,LITHIUM,8.137670475635186,4.472806898432779,14.805396761757804,113,89.38053097345133,8.137670475635186,Undirected,strong
CORTISONE ACETATE,KEVZARA,8.106816570083456,4.561168477452167,14.408692690450808,122,89.34426229508196,8.106816570083456,Undirected,strong
DICLOFENAC,HYDROCORTISONE,8.09200564217047,5.028360263670061,13.022248184167749,178,89.32584269662921,8.09200564217047,Undirected,strong
CETIRIZINE HYDROCHLORIDE\PSEUDOEPHEDRINE HYDROCHLORIDE,DICLOFENAC,8.08624410631603,4.326916607550554,15.111764260219058,103,89.32038834951457,8.08624410631603,Undirected,strong
OLANZAPINE,SULFAMETHOXAZOLE / TRIMETHOPRIM,8.08624410631603,4.326916607550554,15.111764260219058,103,89.32038834951457,8.08624410631603,Undirected,strong
INFLIXIMAB,TRIAMCINOLONE ACETONIDE,8.08624410631603,4.326916607550554,15.111764260219058,103,89.32038834951457,8.08624410631603,Undirected,strong
CELLCEPT,LANSOPRAZOLE,8.08624410631603,4.326916607550554,15.111764260219058,103,89.32038834951457,8.08624410631603,Undirected,strong
BACTRIM,LENALIDOMIDE,8.074327470006214,5.077903042013302,12.838914716073091,187,89.3048128342246,8.074327470006214,Undirected,strong
DICLOFENAC SODIUM,FOLIC ACID,8.0638320094462,6.1691867064051245,10.54034993122463,560,89.28571428571429,8.0638320094462,Undirected,strong
CETIRIZINE,RITUXIMAB,8.060032543492257,5.617056882463975,11.565509476139963,308,89.28571428571429,8.060032543492257,Undirected,strong
ALENDRONIC ACID,DESOXIMETASONE,8.057923494655906,4.941786448845976,13.138999776263168,168,89.28571428571429,8.057923494655906,Undirected,strong
AMLODIPINE,PIPERACILLIN SODIUM\TAZOBACTAM SODIUM,8.057080227900348,4.42710447238728,14.66343118932926,112,89.28571428571429,8.057080227900348,Undirected,strong
CETIRIZINE HYDROCHLORIDE\PSEUDOEPHEDRINE HYDROCHLORIDE,ORENCIA,8.04109330753592,4.995920635065944,12.942395667109214,177,89.26553672316385,8.04109330753592,Undirected,strong
CETIRIZINE HYDROCHLORIDE\PSEUDOEPHEDRINE HYDROCHLORIDE,REMICADE,8.037491874853627,4.784885988096433,13.501110747267427,149,89.26174496644296,8.037491874853627,Undirected,strong
CHOLECALCIFEROL,DESOXIMETASONE,8.032422911764527,4.5180304375195055,14.280518629897164,121,89.25619834710744,8.032422911764527,Undirected,strong
CETIRIZINE HYDROCHLORIDE,KEVZARA,8.032422911764527,4.5180304375195055,14.280518629897164,121,89.25619834710744,8.032422911764527,Undirected,strong
DESOXIMETASONE,METHYLPREDNISOLONE SODIUM SUCCINATE,8.01130646704653,4.601096494890758,13.949073091644731,130,89.23076923076924,8.01130646704653,Undirected,strong
CALCIUM CARBONATE,DICLOFENAC,8.01130646704653,4.601096494890758,13.949073091644731,130,89.23076923076924,8.01130646704653,Undirected,strong
FOSAMAX,HUMIRA,7.987513354488047,5.3573588319220375,11.908922211438934,250,89.2,7.987513354488047,Undirected,strong
CELECOXIB,CHOLECALCIFEROL,7.96295377346966,4.813269496163643,13.17371338732513,157,89.171974522293,7.96295377346966,Undirected,strong
CANDESARTAN,SIMPONI,7.958029608987839,4.474893616989132,14.152344318776889,120,89.16666666666667,7.958029608987839,Undirected,strong
SULFASALAZINE,TRAMADOL HYDROCHLORIDE,7.939269368313131,4.931043065115146,12.782690653942463,175,89.14285714285714,7.939269368313131,Undirected,strong
ALENDRONATE SODIUM,CIMZIA,7.929901860022659,5.235190066897128,12.011663894919764,230,89.13043478260869,7.929901860022659,Undirected,strong
FUROSEMIDE,OXAZEPAM,7.929222819969265,4.9843869007356645,12.613903330706885,184,89.13043478260869,7.929222819969265,Undirected,strong
ERELZI,XELJANZ,7.924473349406859,5.457772656433469,11.506026692305682,285,89.12280701754386,7.924473349406859,Undirected,strong
ENBREL,QUETIAPINE FUMARATE,7.910418386837573,4.229695359030754,14.794143252235802,101,89.10891089108911,7.910418386837573,Undirected,strong
COSENTYX,TOCILIZUMAB,7.910418386837573,4.229695359030754,14.794143252235802,101,89.10891089108911,7.910418386837573,Undirected,strong
MEROPENEM,ONDANSETRON,7.910418386837573,4.229695359030754,14.794143252235802,101,89.10891089108911,7.910418386837573,Undirected,strong
ARAVA,CERTOLIZUMAB PEGOL,7.895900887876782,4.335703959643896,14.37949901826183,110,89.0909090909091,7.895900887876782,Undirected,strong
PHENYLEPHRINE HYDROCHLORIDE,SULFASALAZINE,7.895900887876782,4.335703959643896,14.37949901826183,110,89.0909090909091,7.895900887876782,Undirected,strong
CIMZIA,STELARA,7.880855065675009,4.953215887298719,12.538899571374534,183,89.07103825136612,7.880855065675009,Undirected,strong
LANSOPRAZOLE,LANTUS,7.87314286533591,4.5193786856827955,13.715685913720844,128,89.0625,7.87314286533591,Undirected,strong
FOLIC ACID,SULFAMETHOXAZOLE / TRIMETHOPRIM,7.872245491342347,5.568705824720925,11.12866274976298,329,89.05775075987842,7.872245491342347,Undirected,strong
FOSAMAX,ORENCIA,7.870382723499216,5.351651693630677,11.57454329250854,265,89.05660377358491,7.870382723499216,Undirected,strong
DICLOFENAC SODIUM,KEVZARA,7.864065413674581,4.599774433437143,13.444903815498774,137,89.05109489051095,7.864065413674581,Undirected,strong
CETIRIZINE HYDROCHLORIDE\PSEUDOEPHEDRINE HYDROCHLORIDE,CORTISONE ACETATE,7.864065413674581,4.599774433437143,13.444903815498774,137,89.05109489051095,7.864065413674581,Undirected,strong
RAMIPRIL,VITAMIN D2,7.856138743048867,4.673920206924188,13.204957127552118,146,89.04109589041096,7.856138743048867,Undirected,strong
ASCORBIC ACID,FOSAMAX,7.849159775321555,4.742612969352595,12.990583371793909,155,89.03225806451613,7.849159775321555,Undirected,strong
FOSAMAX,PANTOPRAZOLE,7.822506157301067,4.1810874235528726,14.63533200389664,100,89.0,7.822506157301067,Undirected,strong
LORAZEPAM,SULFASALAZINE,7.822506157301067,4.1810874235528726,14.63533200389664,100,89.0,7.822506157301067,Undirected,strong
DICLOFENAC,RITUXIMAB,7.817089838659151,5.826650547244783,10.487482139213494,454,88.98678414096916,7.817089838659151,Undirected,strong
HYDROXYCHLOROQUINE,METHYLPREDNISOLONE SODIUM SUCCINATE,7.815311795582531,4.290005944387461,14.23753236101692,109,88.9908256880734,7.815311795582531,Undirected,strong
CEFEPIME,CYCLOPHOSPHAMIDE,7.815311795582531,4.290005944387461,14.23753236101692,109,88.9908256880734,7.815311795582531,Undirected,strong
CORTISONE ACETATE,FOSAMAX,7.813798487039449,5.156812791892857,11.839764067457834,227,88.98678414096916,7.813798487039449,Undirected,strong
ACETAMINOPHEN,DESOXIMETASONE,7.812662757543123,5.6013324558805,10.89699635646899,354,88.98305084745762,7.812662757543123,Undirected,strong
APIXABAN,OLANZAPINE,7.809244070050987,4.388623743065684,13.895994853052908,118,88.98305084745762,7.809244070050987,Undirected,strong
LEFLUNOMIDE,TOFACITINIB CITRATE,7.809244070050987,4.388623743065684,13.895994853052908,118,88.98305084745762,7.809244070050987,Undirected,strong
PANTOPRAZOLE SODIUM,TRIAMCINOLONE ACETONIDE,7.809244070050987,4.388623743065684,13.895994853052908,118,88.98305084745762,7.809244070050987,Undirected,strong
FENTANYL,QUETIAPINE,7.781947489739697,4.944537053984433,12.247598930271185,190,88.94736842105263,7.781947489739697,Undirected,strong
DICLOFENAC,ERELZI,7.760489995573898,5.69255862903212,10.57963718884743,406,88.91625615763546,7.760489995573898,Undirected,strong
CORTISONE ACETATE,SULFASALAZINE,7.737041260006645,5.293302680622133,11.308971179409207,270,88.88888888888889,7.737041260006645,Undirected,strong
CELECOXIB,INFLIXIMAB,7.736010764535349,4.966142615254707,12.050774048489018,198,88.88888888888889,7.736010764535349,Undirected,strong
DICLOFENAC,FOSAMAX,7.735624410003943,4.801294886087293,12.463280517521811,171,88.88888888888889,7.735624410003943,Undirected,strong
ADALIMUMAB,CETIRIZINE,7.735624410003943,4.801294886087293,12.463280517521811,171,88.88888888888889,7.735624410003943,Undirected,strong
ALLOPURINOL,POLYETHYLENE GLYCOL,7.735238099789943,4.599947156029165,13.007520832498576,144,88.88888888888889,7.735238099789943,Undirected,strong
SULFASALAZINE,ZOPICLONE,7.73472308842962,4.244309473169639,14.095565281673103,108,88.88888888888889,7.73472308842962,Undirected,strong
CANDESARTAN,RITUXIMAB,7.711783065806093,5.478819684029072,10.85481937421944,332,88.85542168674698,7.711783065806093,Undirected,strong
DESOXIMETASONE,DICLOFENAC,7.697696779066321,5.078438669745532,11.667864782034888,224,88.83928571428571,7.697696779066321,Undirected,strong
RAMIPRIL,TRAMADOL HYDROCHLORIDE,7.684713778778217,4.768859337849258,12.383427918085196,170,88.8235294117647,7.684713778778217,Undirected,strong
APIXABAN,POTASSIUM CHLORIDE,7.6747882115375425,4.5629619148958325,12.908802481929172,143,88.81118881118881,7.6747882115375425,Undirected,strong
RAMIPRIL,TOPIRAMATE,7.660459953252509,4.302359083491354,13.639644101432047,116,88.79310344827587,7.660459953252509,Undirected,strong
CETIRIZINE HYDROCHLORIDE\PSEUDOEPHEDRINE HYDROCHLORIDE,PREDNISONE,7.655645634807771,5.006919421505241,11.705582844816693,214,88.78504672897196,7.655645634807771,Undirected,strong
ARAVA,CETIRIZINE HYDROCHLORIDE\PSEUDOEPHEDRINE HYDROCHLORIDE,7.6215750423021715,4.6013088467337955,12.624322352688186,151,88.74172185430463,7.6215750423021715,Undirected,strong
PHTHALYLSULFATHIAZOLE,TOCILIZUMAB,7.606154498103006,4.4444985174786185,13.01689853680796,133,88.7218045112782,7.606154498103006,Undirected,strong
FLUCONAZOLE,MYCOPHENOLIC ACID,7.586068428148789,4.259228784869016,13.511468179637978,115,88.69565217391305,7.586068428148789,Undirected,strong
AZATHIOPRINE,COSENTYX,7.586068428148789,4.259228784869016,13.511468179637978,115,88.69565217391305,7.586068428148789,Undirected,strong
PHENYLEPHRINE HYDROCHLORIDE,PREDNISONE,7.586068428148789,4.259228784869016,13.511468179637978,115,88.69565217391305,7.586068428148789,Undirected,strong
CETIRIZINE HYDROCHLORIDE\PSEUDOEPHEDRINE HYDROCHLORIDE,DESOXIMETASONE,7.574285172598933,4.637433519680922,12.371022815179758,159,88.67924528301887,7.574285172598933,Undirected,strong
CEFTAZIDIME,CIPROFLOXACIN,7.573546829536775,4.152921321726559,13.81162972655112,106,88.67924528301887,7.573546829536775,Undirected,strong
ATORVASTATIN,LOVENOX,7.573546829536775,4.152921321726559,13.81162972655112,106,88.67924528301887,7.573546829536775,Undirected,strong
GOLIMUMAB,PREDNISONE,7.564679538885292,4.565984747846733,12.532756828199256,150,88.66666666666667,7.564679538885292,Undirected,strong
LEFLUNOMIDE,PHTHALYLSULFATHIAZOLE,7.557475235814816,5.062721475880626,11.28156708048399,238,88.65546218487394,7.557475235814816,Undirected,strong
LEFLUNOMIDE,METHYLPREDNISOLONE SODIUM SUCCINATE,7.527739638813578,4.315103698969401,13.132213736439116,123,88.6178861788618,7.527739638813578,Undirected,strong
ALENDRONIC ACID,PANTOPRAZOLE,7.527739638813578,4.315103698969401,13.132213736439116,123,88.6178861788618,7.527739638813578,Undirected,strong
DICLOFENAC DIETHYLAMMONIUM,FOSAMAX,7.511677258572018,4.216099883030905,13.38329185796816,114,88.59649122807018,7.511677258572018,Undirected,strong
ARAVA,COSENTYX,7.503345559999268,5.096822361185642,11.046136318485305,254,88.58267716535433,7.503345559999268,Undirected,strong
MEROPENEM,PREDNISONE,7.494883715371561,5.056221264288801,11.109735703950255,245,88.57142857142857,7.494883715371561,Undirected,strong
ACETAMINOPHEN / CODEINE,METHOTREXATE,7.492959277791319,4.107229724951137,13.669661182466962,105,88.57142857142857,7.492959277791319,Undirected,strong
INFLIXIMAB,VITAMIN D2,7.492959277791319,4.107229724951137,13.669661182466962,105,88.57142857142857,7.492959277791319,Undirected,strong
HYDROCORTISONE,NAPROXEN,7.481073687229258,4.639123386050209,12.06401702572613,166,88.55421686746988,7.481073687229258,Undirected,strong
COCAINE,METHADONE,7.472175974077188,4.792610903561405,11.64989499691836,192,88.54166666666666,7.472175974077188,Undirected,strong
ENBREL,FOSAMAX,7.469979502209227,5.073657736008856,10.998099727420913,253,88.53754940711462,7.469979502209227,Undirected,strong
ACETAMINOPHEN,LAMICTAL,7.46681281518585,4.569807060552266,12.200360513751276,157,88.53503184713377,7.46681281518585,Undirected,strong
CORTISONE ACETATE,RITUXIMAB,7.465498358007046,4.921700239567153,11.324067501174648,218,88.53211009174312,7.465498358007046,Undirected,strong
OTEZLA,SULFASALAZINE,7.450889347843445,4.495338959077908,12.349625374010596,148,88.51351351351352,7.450889347843445,Undirected,strong
DESOXIMETASONE,MYCOPHENOLATE MOFETIL,7.4372864445196445,4.17297241148571,13.255115108259824,113,88.49557522123894,7.4372864445196445,Undirected,strong
MIDODRINE HYDROCHLORIDE,OXYGEN,7.428204244646176,4.763690624420464,11.583081826791018,191,88.48167539267016,7.428204244646176,Undirected,strong
ACETAMINOPHEN,CHLORHEXIDINE GLUCONATE,7.428204244646176,4.763690624420464,11.583081826791018,191,88.48167539267016,7.428204244646176,Undirected,strong
LEFLUNOMIDE,PSEUDOEPHEDRINE HYDROCHLORIDE,7.426799268633707,4.895578480925806,11.26676808297174,217,88.47926267281106,7.426799268633707,Undirected,strong
ALENDRONIC ACID,PREDNISONE,7.414839976350636,5.158756657799177,10.657578079742756,286,88.46153846153845,7.414839976350636,Undirected,strong
ERELZI,TOCILIZUMAB,7.41307702173184,4.5359949211122474,12.115029202160937,156,88.46153846153845,7.41307702173184,Undirected,strong
CALCIUM CARBONATE,HUMIRA,7.4127245470824015,4.328052267405224,12.69589224343194,130,88.46153846153845,7.4127245470824015,Undirected,strong
HYDROXYCHLOROQUINE SULFATE,PREGABALIN,7.412372111176159,4.061539839277829,13.527692079541788,104,88.46153846153845,7.412372111176159,Undirected,strong
MAGNESIUM,POLYETHYLENE GLYCOL,7.412372111176159,4.061539839277829,13.527692079541788,104,88.46153846153845,7.412372111176159,Undirected,strong
CALCIUM CARBONATE,MIRTAZAPINE,7.412372111176159,4.061539839277829,13.527692079541788,104,88.46153846153845,7.412372111176159,Undirected,strong
FOSAMAX,SULFASALAZINE,7.391214811390109,4.98471271725775,10.95951953238466,242,88.42975206611571,7.391214811390109,Undirected,strong
ERELZI,INFLIXIMAB,7.367517973512482,5.152770803801303,10.534200560596595,293,88.39590443686008,7.367517973512482,Undirected,strong
CARBOPLATIN,SIMVASTATIN,7.362895985989121,4.129846405012917,13.126937901295916,112,88.39285714285714,7.362895985989121,Undirected,strong
DICLOFENAC SODIUM,METHYLPREDNISOLONE SODIUM SUCCINATE,7.359341485110394,4.502183523904848,12.029697769293229,155,88.38709677419355,7.359341485110394,Undirected,strong
ALPRAZOLAM,PERPRAZOLE,7.348825026587164,4.610371098005888,11.713857328047318,172,88.37209302325581,7.348825026587164,Undirected,strong
NAPROXEN,OXYCODONE HYDROCHLORIDE,7.348248513046242,4.28923899585756,12.58888960527381,129,88.37209302325581,7.348248513046242,Undirected,strong
HUMIRA,MYCOPHENOLATE MOFETIL,7.331785329688535,4.015851710820538,13.38572238008573,103,88.3495145631068,7.331785329688535,Undirected,strong
ACTEMRA,CHOLECALCIFEROL,7.328346173540331,4.541828232123127,11.82445810244532,163,88.34355828220859,7.328346173540331,Undirected,strong
ADALIMUMAB,PHTHALYLSULFATHIAZOLE,7.328346173540331,4.541828232123127,11.82445810244532,163,88.34355828220859,7.328346173540331,Undirected,strong
(-)-ARTERENOL,DOBUTAMINE,7.320501664694113,4.192553080667692,12.782126687887937,120,88.33333333333333,7.320501664694113,Undirected,strong
CYCLOPHOSPHAMIDE,VALACICLOVIR,7.320501664694113,4.192553080667692,12.782126687887937,120,88.33333333333333,7.320501664694113,Undirected,strong
COSENTYX,VOLTARENE,7.310703110435519,4.817215530519188,11.09486997837758,214,88.3177570093458,7.310703110435519,Undirected,strong
PHTHALYLSULFATHIAZOLE,SULFASALAZINE,7.310590991350763,5.112131562465895,10.45449241471384,291,88.31615120274914,7.310590991350763,Undirected,strong
HYDROXYCHLOROQUINE,KEVZARA,7.305606205319672,4.468372880943357,11.944366204267514,154,88.31168831168831,7.305606205319672,Undirected,strong
CYCLOPHOSPHAMIDE,EPCORITAMAB,7.305606205319672,4.468372880943357,11.944366204267514,154,88.31168831168831,7.305606205319672,Undirected,strong
DARATUMUMAB/HYALURONIDASE-FIHJ,DEXAMETHASONE,7.305606205319672,4.468372880943357,11.944366204267514,154,88.31168831168831,7.305606205319672,Undirected,strong
ACTEMRA,RAMIPRIL,7.300460046458718,4.579206889942557,11.63885322739995,171,88.30409356725146,7.300460046458718,Undirected,strong
NAPROXEN,OXYCODONE,7.296290317429314,4.676932769862221,11.382642217835652,188,88.29787234042553,7.296290317429314,Undirected,strong
KARDEGIC,PERPRAZOLE,7.292852914792491,4.764011685198109,11.1640581827384,205,88.29268292682927,7.292852914792491,Undirected,strong
ERELZI,ORENCIA,7.291452494929484,5.220822753871893,10.183314391660716,333,88.28828828828829,7.291452494929484,Undirected,strong
CELECOXIB,TRIAMCINOLONE ACETONIDE,7.2885058829779,4.086721899723675,12.99876020675528,111,88.28828828828829,7.2885058829779,Undirected,strong
ASCORBIC ACID,LANSOPRAZOLE,7.283772787158422,4.250426833673033,12.48188666480425,128,88.28125,7.283772787158422,Undirected,strong
ACTEMRA,SULFAMETHOXAZOLE / TRIMETHOPRIM,7.280206100731212,4.389376507474055,12.074926992222084,145,88.27586206896552,7.280206100731212,Undirected,strong
ALENDRONIC ACID,NAPROXEN,7.277437488962869,4.50939786306315,11.744604937073952,162,88.27160493827161,7.277437488962869,Undirected,strong
HUMIRA,RAMIPRIL,7.277437488962869,4.50939786306315,11.744604937073952,162,88.27160493827161,7.277437488962869,Undirected,strong
CETIRIZINE HYDROCHLORIDE,ERELZI,7.268214765942685,5.0546126678731635,10.451235209303452,281,88.25622775800713,7.268214765942685,Undirected,strong
IBUPROFEN,QUETIAPINE FUMARATE,7.251871182357833,4.43456300457527,11.85903449590269,153,88.23529411764706,7.251871182357833,Undirected,strong
CETIRIZINE,HUMIRA,7.223312228872814,4.354057410645556,11.983360492264984,144,88.19444444444444,7.223312228872814,Undirected,strong
CALCIUM CARBONATE,CETIRIZINE HYDROCHLORIDE,7.1981364162230355,4.400753907493973,11.773702632706724,152,88.1578947368421,7.1981364162230355,Undirected,strong
HYDROCORTISONE ACETATE,METHOTREXATE,7.182344665989163,4.110859108819575,12.548733375558529,118,88.13559322033898,7.182344665989163,Undirected,strong
BACTRIM,CELLCEPT,7.17192547642777,4.683050045365265,10.983550152392567,202,88.11881188118812,7.17192547642777,Undirected,strong
ADALIMUMAB,ORENCIA,7.169692159790478,4.865189388559382,10.565772791299764,244,88.11475409836066,7.169692159790478,Undirected,strong
LEFLUNOMIDE,RAMIPRIL,7.169692159790478,4.865189388559382,10.565772791299764,244,88.11475409836066,7.169692159790478,Undirected,strong
DICLOFENAC SODIUM,XELJANZ,7.156455248407491,4.887749917188364,10.478206248309869,252,88.09523809523809,7.156455248407491,Undirected,strong
LEFLUNOMIDE,SULFAMETHOXAZOLE / TRIMETHOPRIM,7.144401906913437,4.366945602750973,11.688370602865758,151,88.0794701986755,7.144401906913437,Undirected,strong
ADALIMUMAB,TRIAMCINOLONE ACETONIDE,7.139726743503169,4.000477544188981,12.742403227819818,109,88.07339449541286,7.139726743503169,Undirected,strong
ALENDRONIC ACID,PSEUDOEPHEDRINE HYDROCHLORIDE,7.139726743503169,4.000477544188981,12.742403227819818,109,88.07339449541286,7.139726743503169,Undirected,strong
PREGABALIN,TRIAMCINOLONE ACETONIDE,7.139726743503169,4.000477544188981,12.742403227819818,109,88.07339449541286,7.139726743503169,Undirected,strong
OXYCODONE,PANTOPRAZOLE SODIUM,7.136327697022052,4.842027758712424,10.517736687413466,243,88.06584362139918,7.136327697022052,Undirected,strong
DESOXIMETASONE,DICLOFENAC DIETHYLAMMONIUM,7.1247128951626015,4.4121109485920025,11.505044734810069,159,88.0503144654088,7.1247128951626015,Undirected,strong
PSEUDOEPHEDRINE HYDROCHLORIDE,SULFASALAZINE,7.111350840280894,4.969901393621059,10.175515924415077,284,88.02816901408451,7.111350840280894,Undirected,strong
INFLIXIMAB,METHYLPREDNISOLONE SODIUM SUCCINATE,7.109525300912838,4.28342189076391,11.80022684977815,142,88.02816901408451,7.109525300912838,Undirected,strong
ALENDRONATE SODIUM,CORTISONE ACETATE,7.1052212817347,4.596048398123063,10.984255405803044,192,88.02083333333334,7.1052212817347,Undirected,strong
FOLIC ACID,OXYCODONE HYDROCHLORIDE,7.101293028606975,5.059833304676945,9.9664079114088,317,88.01261829652996,7.101293028606975,Undirected,strong
ALENDRONATE SODIUM,CALCIUM CARBONATE,7.090987884161462,4.494556161684379,11.187335826832996,175,88.0,7.090987884161462,Undirected,strong
PHENOBARBITAL,PROPOFOL,7.0903474583629045,4.133997239089646,12.160875823754544,125,88.0,7.0903474583629045,Undirected,strong
CELECOXIB,HUMIRA,7.063161671621654,4.568132576542213,10.920929277675963,191,87.95811518324608,7.063161671621654,Undirected,strong
CIMZIA,DICLOFENAC SODIUM,7.062945359568251,4.908821202985435,10.162357741183897,274,87.95620437956204,7.062945359568251,Undirected,strong
CETIRIZINE HYDROCHLORIDE\PSEUDOEPHEDRINE HYDROCHLORIDE,ERELZI,7.052632244807363,4.248105500426641,11.708659677943768,141,87.94326241134752,7.052632244807363,Undirected,strong
CETIRIZINE HYDROCHLORIDE\PSEUDOEPHEDRINE HYDROCHLORIDE,DICLOFENAC SODIUM,7.052632244807363,4.248105500426641,11.708659677943768,141,87.94326241134752,7.052632244807363,Undirected,strong
CHOLECALCIFEROL,COSENTYX,7.044925671841745,4.464561922625577,11.116651215039536,174,87.93103448275862,7.044925671841745,Undirected,strong
TOFACITINIB CITRATE,XELJANZ,7.044188987828544,4.029170569822594,12.315338265371508,116,87.93103448275862,7.044188987828544,Undirected,strong
ACETAMINOPHEN,OTEZLA,7.044188987828544,4.029170569822594,12.315338265371508,116,87.93103448275862,7.044188987828544,Undirected,strong
CELECOXIB,DICLOFENAC SODIUM,7.036235265687424,4.772544759917627,10.373628578594593,240,87.91666666666667,7.036235265687424,Undirected,strong
ERELZI,SULFASALAZINE,7.033361885656811,5.201277168423427,9.510775490859752,397,87.90931989924434,7.033361885656811,Undirected,strong
ARAVA,DICLOFENAC SODIUM,7.031663419643378,4.986466672743437,9.91569656274223,306,87.90849673202614,7.031663419643378,Undirected,strong
CETIRIZINE HYDROCHLORIDE,TRAMADOL HYDROCHLORIDE,7.025872965046351,4.095189754200828,12.053871464767406,124,87.90322580645162,7.025872965046351,Undirected,strong
CORTISONE ACETATE,LEFLUNOMIDE,7.019224052144377,4.821730991095102,10.21821963630786,256,87.890625,7.019224052144377,Undirected,strong
ERELZI,LEFLUNOMIDE,7.008084579301353,5.570642656712272,8.816442284529428,684,87.86549707602339,7.008084579301353,Undirected,strong
ASCORBIC ACID,DICLOFENAC SODIUM,7.0028714408956185,4.749384399681807,10.32559260122154,239,87.86610878661088,7.0028714408956185,Undirected,strong
CETIRIZINE,HYDROXYCHLOROQUINE,6.998863679686268,4.434568288151453,11.045966512165403,173,87.86127167630057,6.998863679686268,Undirected,strong
ADALIMUMAB,METHYLPREDNISOLONE SODIUM SUCCINATE,6.990949026075062,3.9142396629480394,12.486043904723632,107,87.85046728971963,6.990949026075062,Undirected,strong
LORAZEPAM,METHOTRIMEPRAZINE,6.975111643946444,3.98832841836646,12.198639966927354,115,87.82608695652175,6.975111643946444,Undirected,strong
ADALIMUMAB,CANDESARTAN,6.962937679714894,4.752586118566528,10.201288292744644,246,87.8048780487805,6.962937679714894,Undirected,strong
HYDROXYCHLOROQUINE SULFATE,STELARA,6.96139877986709,4.056383502771519,11.946866695228412,123,87.8048780487805,6.96139877986709,Undirected,strong
ASCORBIC ACID,REMICADE,6.949412087308112,4.119212266390384,11.724165990004645,131,87.78625954198473,6.949412087308112,Undirected,strong
LISINOPRIL,SULFASALAZINE,6.944529092477729,4.445601487287199,10.848134825890202,180,87.77777777777777,6.944529092477729,Undirected,strong
LORAZEPAM,NAPROXEN,6.938846948335689,4.177475544514869,11.525524556486396,139,87.76978417266187,6.938846948335689,Undirected,strong
PANTOPRAZOLE,PIPERACILLIN SODIUM\TAZOBACTAM SODIUM,6.923727940192348,4.556032138264629,10.521876741646413,204,87.74509803921569,6.923727940192348,Undirected,strong
CALCIUM,DICLOFENAC SODIUM,6.916560700622121,3.871123256579416,12.357863274976545,106,87.73584905660378,6.916560700622121,Undirected,strong
ATORVASTATIN,OXALIPLATIN,6.8969249028229145,4.017578512254051,11.839861491217308,122,87.70491803278688,6.8969249028229145,Undirected,strong
DICLOFENAC POTASSIUM,NAPROXEN,6.881954707965592,4.14216201475063,11.433956574810866,138,87.68115942028986,6.881954707965592,Undirected,strong
RAMIPRIL,RISEDRONATE SODIUM,6.881954707965592,4.14216201475063,11.433956574810866,138,87.68115942028986,6.881954707965592,Undirected,strong
ACTEMRA,CETIRIZINE HYDROCHLORIDE\PSEUDOEPHEDRINE HYDROCHLORIDE,6.870176771831216,4.249980744428025,11.105774758648089,154,87.66233766233766,6.870176771831216,Undirected,strong
ENBREL,STELARA,6.870176771831216,4.249980744428025,11.105774758648089,154,87.66233766233766,6.870176771831216,Undirected,strong
ETOPOSIDE,ONDANSETRON,6.865185627740802,4.298757969170122,10.963811882723302,162,87.65432098765432,6.865185627740802,Undirected,strong
DICLOFENAC,XELJANZ,6.846335125833512,4.503800609534316,10.40727792344881,202,87.62376237623762,6.846335125833512,Undirected,strong
HYDROCORTISONE,XELJANZ,6.836957946566824,3.90664852365548,11.965241735999466,113,87.61061946902655,6.836957946566824,Undirected,strong
ASCORBIC ACID,SULFAMETHOXAZOLE / TRIMETHOPRIM,6.828520111165807,4.045268460924127,11.526722480599895,129,87.59689922480621,6.828520111165807,Undirected,strong
DICLOFENAC DIETHYLAMMONIUM,ENBREL,6.828520111165807,4.045268460924127,11.526722480599895,129,87.59689922480621,6.828520111165807,Undirected,strong
FENTANYL,OLANZAPINE,6.810808232736115,4.400648379817795,10.540971415904547,185,87.56756756756758,6.810808232736115,Undirected,strong
LEFLUNOMIDE,VOLTARENE,6.807638996106699,4.477685520393439,10.349978463257628,201,87.56218905472637,6.807638996106699,Undirected,strong
METHOTREXATE,OXYCODONE,6.807605200649793,5.119021970197118,9.053191964739616,434,87.55760368663594,6.807605200649793,Undirected,strong
LORAZEPAM,QUETIAPINE FUMARATE,6.796257085576206,4.8160683798760795,9.59062594838682,297,87.54208754208754,6.796257085576206,Undirected,strong
ACETAMINOPHEN,VINCRISTINE SULFATE,6.768364025675463,4.18513407530087,10.946065468825973,152,87.5,6.768364025675463,Undirected,strong
ONDANSETRON,PEMETREXED,6.768364025675463,4.18513407530087,10.946065468825973,152,87.5,6.768364025675463,Undirected,strong
DICLOFENAC DIETHYLAMMONIUM,ORENCIA,6.767785116225722,3.784895740414522,12.10149988818188,104,87.5,6.767785116225722,Undirected,strong
COSENTYX,ETANERCEPT,6.767785116225722,3.784895740414522,12.10149988818188,104,87.5,6.767785116225722,Undirected,strong
ADALIMUMAB,CETIRIZINE HYDROCHLORIDE,6.730247291551649,4.4254567187530585,10.235379415980647,199,87.43718592964824,6.730247291551649,Undirected,strong
ARAVA,ASCORBIC ACID,6.717458017557066,4.1527119530241965,10.866210497643632,151,87.41721854304636,6.717458017557066,Undirected,strong
COSENTYX,IBUPROFEN,6.694411851423964,5.1291365914431335,8.737367242519941,491,87.37270875763747,6.694411851423964,Undirected,strong
LANTUS,SIMVASTATIN,6.693397857277168,3.7417847275215017,11.973317050090817,103,87.37864077669903,6.693397857277168,Undirected,strong
CYCLOPHOSPHAMIDE,METRONIDAZOLE,6.693397857277168,3.7417847275215017,11.973317050090817,103,87.37864077669903,6.693397857277168,Undirected,strong
CIMZIA,CORTISONE ACETATE,6.678906298551985,4.609916520151511,9.676485279037392,253,87.35177865612648,6.678906298551985,Undirected,strong
ACTEMRA,CANDESARTAN,6.676435899064125,4.224630523158407,10.55117034968239,166,87.34939759036145,6.676435899064125,Undirected,strong
DESOXIMETASONE,ENBREL,6.6760616505769175,4.811339363608873,9.263491056027492,324,87.34567901234568,6.6760616505769175,Undirected,strong
ERELZI,PHTHALYLSULFATHIAZOLE,6.6758864581636255,4.580533963768593,9.729752110739726,245,87.34693877551021,6.6758864581636255,Undirected,strong
AIMOVIG,CANDESARTAN,6.6446748448717825,4.558608783621587,9.685346097849513,244,87.29508196721312,6.6446748448717825,Undirected,strong
FOLIC ACID,HYRIMOZ,6.642576627461706,4.289002960954268,10.28766467484166,181,87.29281767955801,6.642576627461706,Undirected,strong
CARBOPLATIN,ROSUVASTATIN,6.639032475952884,3.8623717431719986,11.411835822037874,118,87.28813559322035,6.639032475952884,Undirected,strong
DOXYCYCLINE HYCLATE,FOLIC ACID,6.639032475952884,3.8623717431719986,11.411835822037874,118,87.28813559322035,6.639032475952884,Undirected,strong
ERELZI,KORTISON,6.639032475952884,3.8623717431719986,11.411835822037874,118,87.28813559322035,6.639032475952884,Undirected,strong
ADALIMUMAB,COSENTYX,6.634900362142432,5.163119261809408,8.526222344151384,550,87.27272727272727,6.634900362142432,Undirected,strong
CELEBREX,CIMZIA,6.630375668165762,4.194642052846089,10.48048461517144,165,87.27272727272727,6.630375668165762,Undirected,strong
ALENDRONIC ACID,FOLIC ACID,6.613112462228129,4.801918573989633,9.107454815032726,337,87.24035608308606,6.613112462228129,Undirected,strong
ORENCIA,QUETIAPINE FUMARATE,6.586739625500027,3.897394833987285,11.131830554038704,125,87.2,6.586739625500027,Undirected,strong
LANSOPRAZOLE,QUETIAPINE FUMARATE,6.574560139550999,3.823573504458932,11.304828056310516,117,87.17948717948718,6.574560139550999,Undirected,strong
ADALIMUMAB,CELECOXIB,6.5457905486011825,4.336194941036903,9.881330172833644,202,87.12871287128714,6.5457905486011825,Undirected,strong
MICAFUNGIN,TACROLIMUS,6.544624405866607,3.655568449765135,11.716948869229006,101,87.12871287128714,6.544624405866607,Undirected,strong
ALENDRONIC ACID,HYDROXYCHLOROQUINE,6.540606975742562,3.930302330363531,10.884541700682703,132,87.12121212121212,6.540606975742562,Undirected,strong
OXYCODONE,RAMIPRIL,6.527008424448826,4.251326043431456,10.020835508170032,186,87.09677419354838,6.527008424448826,Undirected,strong
CORTISONE ACETATE,FOLIC ACID,6.50424043431074,4.665897043550659,9.066883223623243,309,87.05501618122977,6.50424043431074,Undirected,strong
COSENTYX,DESOXIMETASONE,6.501198505752163,4.580635591455143,9.227012532941425,278,87.05035971223022,6.501198505752163,Undirected,strong
ACETAMINOPHEN,NAPROXEN SODIUM,6.492813251055981,4.365098930570278,9.657656008172207,216,87.03703703703704,6.492813251055981,Undirected,strong
CALCIUM CARBONATE,LORAZEPAM,6.491579480250737,3.702476267011615,11.381735117082991,108,87.03703703703704,6.491579480250737,Undirected,strong
FLUVOXAMINE,OLANZAPINE,6.491579480250737,3.702476267011615,11.381735117082991,108,87.03703703703704,6.491579480250737,Undirected,strong
CETIRIZINE,METHOTREXATE,6.4900567517011165,4.615506359578096,9.1259405488397,293,87.03071672354949,6.4900567517011165,Undirected,strong
CELLCEPT,FUROSEMIDE,6.483716638686788,3.894996160775808,10.79297121628244,131,87.02290076335878,6.483716638686788,Undirected,strong
CORTISONE ACETATE,ORENCIA,6.471375631989666,4.285594376056597,9.771970675592602,200,87.0,6.471375631989666,Undirected,strong
BACTRIM,LEVOFLOXACIN,6.470238213399504,3.612463294580979,11.58876343489357,100,87.0,6.470238213399504,Undirected,strong
BUPROPION,RISPERIDONE,6.445616391110517,3.7459814049399327,11.09081070358884,115,86.95652173913044,6.445616391110517,Undirected,strong
ACETAMINOPHEN,ADALIMUMAB,6.43165631177971,4.612709897891938,8.967874379388265,306,86.9281045751634,6.43165631177971,Undirected,strong
NAPROXEN,XELJANZ,6.4299299325612855,4.018366485960504,10.28875765366264,153,86.9281045751634,6.4299299325612855,Undirected,strong
CEFEPIME,METHYLPREDNISOLONE,6.426826573525265,3.859691130547656,10.701400295808076,130,86.92307692307692,6.426826573525265,Undirected,strong
ARAVA,PANTOPRAZOLE,6.426826573525265,3.859691130547656,10.701400295808076,130,86.92307692307692,6.426826573525265,Undirected,strong
ALENDRONIC ACID,SIMPONI,6.426826573525265,3.859691130547656,10.701400295808076,130,86.92307692307692,6.426826573525265,Undirected,strong
HUMIRA,METHYLPREDNISOLONE SODIUM SUCCINATE,6.422504777334237,3.6616468565120432,11.26503161863431,107,86.91588785046729,6.422504777334237,Undirected,strong
ACETAMINOPHEN,LERCANIDIPINO,6.422504777334237,3.6616468565120432,11.26503161863431,107,86.91588785046729,6.422504777334237,Undirected,strong
ENBREL,PHTHALYLSULFATHIAZOLE,6.406776815058261,4.417694332731772,9.291450713065958,244,86.88524590163934,6.406776815058261,Undirected,strong
LAMICTAL,PREDNISONE,6.405407294476929,3.786502669467672,10.835656591232878,122,86.88524590163934,6.405407294476929,Undirected,strong
HYRIMOZ,SULFASALAZINE,6.405407294476929,3.786502669467672,10.835656591232878,122,86.88524590163934,6.405407294476929,Undirected,strong
ALENDRONATE SODIUM,XELJANZ,6.4000778158929235,4.044710271618589,10.127053187691784,160,86.875,6.4000778158929235,Undirected,strong
ADALIMUMAB,CIMZIA,6.399833299447678,4.462034978692327,9.179189866575795,259,86.87258687258688,6.399833299447678,Undirected,strong
COSENTYX,LISINOPRIL,6.392145742194013,3.8937208131983434,10.49369719856381,137,86.86131386861314,6.392145742194013,Undirected,strong
DIAZEPAM,FENTANYL,6.388537101907357,4.429882531267576,9.213202836502392,251,86.85258964143426,6.388537101907357,Undirected,strong
CETIRIZINE HYDROCHLORIDE,DESOXIMETASONE,6.3836921752850895,4.665443288497924,8.73475965065612,342,86.8421052631579,6.3836921752850895,Undirected,strong
CIMZIA,FOSAMAX,6.3828428419814704,4.473061967892309,9.108007677486068,266,86.8421052631579,6.3828428419814704,Undirected,strong
ALENDRONATE SODIUM,DESOXIMETASONE,6.3828428419814704,4.473061967892309,9.108007677486068,266,86.8421052631579,6.3828428419814704,Undirected,strong
SULFAMETHOXAZOLE / TRIMETHOPRIM,TRAMADOL HYDROCHLORIDE,6.3811449790675,3.707187615909537,10.983801054236148,114,86.8421052631579,6.3811449790675,Undirected,strong
CARBOPLATIN,PERPRAZOLE,6.3811449790675,3.707187615909537,10.983801054236148,114,86.8421052631579,6.3811449790675,Undirected,strong
DICLOFENAC SODIUM,TRIAMCINOLONE ACETONIDE,6.372945788946095,4.069767572968254,9.979547308453274,167,86.82634730538922,6.372945788946095,Undirected,strong
CETIRIZINE HYDROCHLORIDE,INFLIXIMAB,6.365786867863684,4.143415681629703,9.780153757377049,182,86.81318681318682,6.365786867863684,Undirected,strong
CERTOLIZUMAB PEGOL,RITUXIMAB,6.361122773142452,3.925781087253746,10.307218368943175,144,86.80555555555556,6.361122773142452,Undirected,strong
APREMILAST,RITUXIMAB,6.361122773142452,3.925781087253746,10.307218368943175,144,86.80555555555556,6.361122773142452,Undirected,strong
METHOTREXATE,TOPIRAMATE,6.359754590940779,4.209697059910313,9.607930898916988,197,86.80203045685279,6.359754590940779,Undirected,strong
KARDEGIC,METFORMIN,6.3540189058711025,4.014726108907831,10.056366277785926,159,86.79245283018868,6.3540189058711025,Undirected,strong
QUETIAPINE FUMARATE,TRAMADOL HYDROCHLORIDE,6.353430404527789,3.6208192312830745,11.148327305716943,106,86.79245283018868,6.353430404527789,Undirected,strong
DESOXIMETASONE,PSEUDOEPHEDRINE HYDROCHLORIDE,6.346305186470576,4.374981714262638,9.205887510003318,242,86.77685950413223,6.346305186470576,Undirected,strong
AIMOVIG,PREDNISONE,6.344963761882232,3.74954125251018,10.736930847912951,121,86.77685950413223,6.344963761882232,Undirected,strong
AIMOVIG,OXYCODONE,6.339167855027896,4.228186993704856,9.504085120655397,204,86.76470588235294,6.339167855027896,Undirected,strong
ALENDRONATE SODIUM,ORENCIA,6.339167855027896,4.228186993704856,9.504085120655397,204,86.76470588235294,6.339167855027896,Undirected,strong
CETIRIZINE HYDROCHLORIDE,TRIAMCINOLONE ACETONIDE,6.338415085041478,3.8599262474372855,10.40836099315499,136,86.76470588235294,6.338415085041478,Undirected,strong
PANTOPRAZOLE SODIUM,STELARA,6.338415085041478,3.8599262474372855,10.40836099315499,136,86.76470588235294,6.338415085041478,Undirected,strong
DIAZEPAM,METHADONE,6.327549883797404,4.433407575739018,9.030951214827232,264,86.74242424242425,6.327549883797404,Undirected,strong
NAPROXEN,RITUXIMAB,6.327480895651086,4.66979612164734,8.573610804813,362,86.74033149171271,6.327480895651086,Undirected,strong
ENBREL,INFLIXIMAB,6.325474803706885,4.4753259912743975,8.940495412030737,279,86.73835125448028,6.325474803706885,Undirected,strong
ASCORBIC ACID,OXYCODONE HYDROCHLORIDE,6.316673875139689,3.668395384153601,10.876790712699682,113,86.72566371681415,6.316673875139689,Undirected,strong
FLUCONAZOLE,LEVETIRACETAM,6.316673875139689,3.668395384153601,10.876790712699682,113,86.72566371681415,6.316673875139689,Undirected,strong
EPCORITAMAB,VINCRISTINE,6.3130472588771696,3.789084585692601,10.518257059582533,128,86.71875,6.3130472588771696,Undirected,strong
ARAVA,KEVZARA,6.2851772454717745,4.089463900998632,9.659812132673324,180,86.66666666666667,6.2851772454717745,Undirected,strong
CALCIUM CARBONATE,HYDROXYCHLOROQUINE,6.284684684684684,3.826132743874608,10.323024377327949,135,86.66666666666667,6.284684684684684,Undirected,strong
CETIRIZINE,MYCOPHENOLATE MOFETIL,6.284684684684684,3.826132743874608,10.323024377327949,135,86.66666666666667,6.284684684684684,Undirected,strong
SULFASALAZINE,USTEKINUMAB,6.284356361829026,3.579993440000264,11.031622136843367,105,86.66666666666667,6.284356361829026,Undirected,strong
RAMIPRIL,SULFAMETHOXAZOLE / TRIMETHOPRIM,6.284356361829026,3.579993440000264,11.031622136843367,105,86.66666666666667,6.284356361829026,Undirected,strong
MEROPENEM,NOREPINEPHRINE BITARTRATE,6.284356361829026,3.579993440000264,11.031622136843367,105,86.66666666666667,6.284356361829026,Undirected,strong
DIPHENHYDRAMINE,PROCHLORPERAZINE,6.284356361829026,3.579993440000264,11.031622136843367,105,86.66666666666667,6.284356361829026,Undirected,strong
VALACYCLOVIR HYDROCHLORIDE,VINCRISTINE SULFATE,6.284356361829026,3.579993440000264,11.031622136843367,105,86.66666666666667,6.284356361829026,Undirected,strong
ACETAMINOPHEN,VANCOMYCIN,6.276768945556124,4.61674760391214,8.533676036895061,352,86.64772727272727,6.276768945556124,Undirected,strong
OXYCODONE HYDROCHLORIDE,PANTOPRAZOLE SODIUM,6.270147122976267,4.2955320348463975,9.15247392519409,232,86.63793103448276,6.270147122976267,Undirected,strong
ARAVA,DESOXIMETASONE,6.261319092689316,4.71330415881058,8.317756601213928,411,86.61800486618006,6.261319092689316,Undirected,strong
HYDROCORTISONE,SULFASALAZINE,6.25095498493944,4.198323485967309,9.307152808577907,209,86.60287081339713,6.25095498493944,Undirected,strong
PREGABALIN,SULFASALAZINE,6.248135150503351,4.133804120765259,9.443890353403711,194,86.5979381443299,6.248135150503351,Undirected,strong
ERELZI,FOLIC ACID,6.239745093182754,4.841922914357152,8.041106708339134,514,86.57587548638132,6.239745093182754,Undirected,strong
PSEUDOEPHEDRINE HYDROCHLORIDE,XELJANZ,6.231679650913757,4.154574192046445,9.347247028577907,201,86.56716417910447,6.231679650913757,Undirected,strong
HYDROXYCHLOROQUINE SULFATE,TRAMADOL HYDROCHLORIDE,6.224077563299911,3.6756225607311337,10.539477564385065,119,86.5546218487395,6.224077563299911,Undirected,strong
DICLOFENAC DIETHYLAMMONIUM,FOLIC ACID,6.221171750391576,4.234566284967217,9.13977379106484,223,86.54708520179372,6.221171750391576,Undirected,strong
ACETAMINOPHEN,CYAMEMAZINE,6.215282649235581,3.5391695333492414,10.914916068836115,104,86.53846153846155,6.215282649235581,Undirected,strong
COSENTYX,VITAMIN D2,6.208411317804985,3.82853873517091,10.067645584191368,141,86.52482269503547,6.208411317804985,Undirected,strong
DESOXIMETASONE,SIMPONI,6.20395854910921,4.464078636245388,8.62195870981282,304,86.51315789473685,6.20395854910921,Undirected,strong
ALENDRONATE SODIUM,ASCORBIC ACID,6.1970811483006605,3.954148634267757,9.71228406180922,163,86.50306748466258,6.1970811483006605,Undirected,strong
MYCOPHENOLATE MOFETIL,RAMIPRIL,6.188129302990257,3.862621528931774,9.913718955819308,148,86.48648648648648,6.188129302990257,Undirected,strong
AMPHETAMINE,DIAZEPAM,6.187732591620847,3.5908157515617254,10.662767815016554,111,86.48648648648648,6.187732591620847,Undirected,strong
INFLIXIMAB,SULFAMETHOXAZOLE / TRIMETHOPRIM,6.187732591620847,3.5908157515617254,10.662767815016554,111,86.48648648648648,6.187732591620847,Undirected,strong
ACETAMINOPHEN,COCAINE,6.177224654350962,3.758549010581656,10.152349835772444,133,86.46616541353383,6.177224654350962,Undirected,strong
ACTEMRA,DESOXIMETASONE,6.171150745455067,4.580167229612078,8.314784070964174,369,86.44986449864498,6.171150745455067,Undirected,strong
ACTEMRA,CORTISONE ACETATE,6.168827652798521,4.170489176195736,9.12469329188967,214,86.44859813084112,6.168827652798521,Undirected,strong
KARDEGIC,NEBIVOLOL,6.163634897308147,3.63866535161898,10.440749966306038,118,86.4406779661017,6.163634897308147,Undirected,strong
ASCORBIC ACID,MYCOPHENOLATE MOFETIL,6.153115513488512,3.92524569095928,9.645467698884415,162,86.41975308641975,6.153115513488512,Undirected,strong
AMOXICILLIN / CLAVULANATE,DEXAMETHASONE,6.153115513488512,3.92524569095928,9.645467698884415,162,86.41975308641975,6.153115513488512,Undirected,strong
CLONAZEPAM,PROPOFOL,6.146209266745088,3.4983475641306674,10.798209056740886,103,86.40776699029125,6.146209266745088,Undirected,strong
AMLODIPINE,VANCOMYCIN,6.142380326063168,3.683183945144468,10.24353837112743,125,86.4,6.142380326063168,Undirected,strong
OXYCODONE,VITAMIN D2,6.139769870477465,3.8314751601057586,9.838710284469736,147,86.39455782312925,6.139769870477465,Undirected,strong
ADALIMUMAB,XELJANZ,6.112753894846818,4.103032673617009,9.10686391049997,205,86.34146341463415,6.112753894846818,Undirected,strong
HYDROXYCHLOROQUINE,SULFAMETHOXAZOLE / TRIMETHOPRIM,6.088364443091904,4.056430397081121,9.138128345201949,197,86.29441624365482,6.088364443091904,Undirected,strong
CIMZIA,ERELZI,6.08257381128451,4.440848524698888,8.331224081153007,328,86.28048780487805,6.08257381128451,Undirected,strong
FOLIC ACID,KEVZARA,6.078204035198474,4.079211093328666,9.056791484491672,204,86.27450980392157,6.078204035198474,Undirected,strong
ADALIMUMAB,RAMIPRIL,6.07767006863684,3.834837528251492,9.63223948630913,153,86.27450980392157,6.07767006863684,Undirected,strong
ALENDRONATE SODIUM,CHOLECALCIFEROL,6.07767006863684,3.834837528251492,9.63223948630913,153,86.27450980392157,6.07767006863684,Undirected,strong
LANSOPRAZOLE,VITAMIN D2,6.058792540536321,3.5132428410602983,10.448741720962218,109,86.23853211009175,6.058792540536321,Undirected,strong
CETIRIZINE,PANTOPRAZOLE SODIUM,6.052536069282481,4.031895667146691,9.085848418267764,196,86.22448979591837,6.052536069282481,Undirected,strong
ACTEMRA,INFLIXIMAB,6.044257126603276,4.251412481163358,8.593154480860342,261,86.20689655172413,6.044257126603276,Undirected,strong
DESOXIMETASONE,XELJANZ,6.044257126603276,4.251412481163358,8.593154480860342,261,86.20689655172413,6.044257126603276,Undirected,strong
AZACITIDINE,COVID-19 VACCINE MRNA,6.0430516988400385,3.769185174141153,9.68869189165655,145,86.20689655172413,6.0430516988400385,Undirected,strong
FOSAMAX,REMICADE,6.035389896004326,4.0778883805748505,8.932547386609986,210,86.19047619047619,6.035389896004326,Undirected,strong
FOLIC ACID,STELARA,6.035389896004326,4.0778883805748505,8.932547386609986,210,86.19047619047619,6.035389896004326,Undirected,strong
ACETAMINOPHEN,DILTIAZEM HYDROCHLORIDE,6.028603730269854,3.612589958623024,10.060389735035557,123,86.1788617886179,6.028603730269854,Undirected,strong
COSENTYX,HYDROXYCHLOROQUINE SULFATE,6.016707866729018,4.007361436999082,9.033568377268168,195,86.15384615384616,6.016707866729018,Undirected,strong
LOVENOX,PANTOPRAZOLE,6.016036534772421,3.657181941336787,9.896334436806082,130,86.15384615384616,6.016036534772421,Undirected,strong
FOSAMAX,HYDROXYCHLOROQUINE SULFATE,6.00910481134327,4.031569317636045,8.956646354993577,202,86.13861386138613,6.00910481134327,Undirected,strong
(-)-ARTERENOL,HYDROCORTISONE,6.008063492063492,3.416709660445501,10.56479201102488,101,86.13861386138613,6.008063492063492,Undirected,strong
ARAVA,DICLOFENAC DIETHYLAMMONIUM,6.004799450025287,3.698896253883053,9.748209725312291,137,86.13138686131386,6.004799450025287,Undirected,strong
COSENTYX,PREGABALIN,6.00304963539003,3.90065163545448,9.238611466198671,173,86.1271676300578,6.00304963539003,Undirected,strong
ALENDRONATE SODIUM,CETIRIZINE HYDROCHLORIDE,6.0014206191109825,4.177705218833097,8.621251993827993,245,86.12244897959184,6.0014206191109825,Undirected,strong
ALENDRONATE SODIUM,SULFASALAZINE,5.996173438288087,4.293627658438133,8.373827160203824,288,86.11111111111111,5.996173438288087,Undirected,strong
CORTISONE ACETATE,DESOXIMETASONE,5.996173438288087,4.293627658438133,8.373827160203824,288,86.11111111111111,5.996173438288087,Undirected,strong
METHYLPREDNISOLONE,PIPERACILLIN / TAZOBACTAM,5.994692959712089,3.738041591453864,9.613682138631503,144,86.11111111111111,5.994692959712089,Undirected,strong
HYDROCORTISONE,VITAMIN D2,5.994322977151405,3.474459018217341,10.34172737856642,108,86.11111111111111,5.994322977151405,Undirected,strong
CYCLOPHOSPHAMIDE,VANCOMYCIN,5.9905017587024165,4.212685509651949,8.518583036591698,259,86.10038610038609,5.9905017587024165,Undirected,strong
ALFACALCIDOL,SULFAMETHOXAZOLE / TRIMETHOPRIM,5.982308632505592,3.5278026914958565,10.144562977068343,115,86.08695652173914,5.982308632505592,Undirected,strong
ACETAMINOPHEN,PIPERACILLIN SODIUM\TAZOBACTAM SODIUM,5.981036953898523,4.422790289798352,8.088288320251946,352,86.07954545454545,5.981036953898523,Undirected,strong
LEVOFLOXACIN,PIPERACILLIN SODIUM\TAZOBACTAM SODIUM,5.974555447134041,4.007749133413766,8.906573640869105,201,86.06965174129353,5.974555447134041,Undirected,strong
ADALIMUMAB,ARAVA,5.97296359081712,4.157398259918138,8.58139918929235,244,86.0655737704918,5.97296359081712,Undirected,strong
FUROSEMIDE,MIDODRINE HYDROCHLORIDE,5.971715840192156,3.5772949863550343,9.968814484694734,122,86.0655737704918,5.971715840192156,Undirected,strong
CETIRIZINE,DICLOFENAC,5.950491134286635,3.93144565185944,9.006443907593352,186,86.02150537634408,5.950491134286635,Undirected,strong
HYDROCORTISONE,VANCOMYCIN,5.946334451709108,3.70689897279692,9.538671992698994,143,86.01398601398601,5.946334451709108,Undirected,strong
ACETAMINOPHEN,AIMOVIG,5.939498621810825,3.744904395707099,9.42017209275958,150,86.0,5.939498621810825,Undirected,strong
DULOXETINA,MAGNESIUM OXIDE,5.938991099867657,3.375893843196232,10.448081877750264,100,86.0,5.938991099867657,Undirected,strong
AMIODARONE,DEXAMETHASONE,5.938991099867657,3.375893843196232,10.448081877750264,100,86.0,5.938991099867657,Undirected,strong
POLYETHYLENE GLYCOL,VITAMIN D NOS,5.929853721868441,3.435677013442684,10.234712117924651,107,85.98130841121495,5.929853721868441,Undirected,strong
CEFTRIAXONE,DAPTOMYCIN,5.929853721868441,3.435677013442684,10.234712117924651,107,85.98130841121495,5.929853721868441,Undirected,strong
CLOTRIMAZOLE,VANCOMYCIN,5.929853721868441,3.435677013442684,10.234712117924651,107,85.98130841121495,5.929853721868441,Undirected,strong
CEFEPIME,PREDNISONE,5.922443480546793,3.846710988065325,9.118266719047718,171,85.96491228070175,5.922443480546793,Undirected,strong
ASCORBIC ACID,INFLIXIMAB,5.921867121955416,3.4908515849449993,10.045832472894732,114,85.96491228070175,5.921867121955416,Undirected,strong
CALCIUM CARBONATE,CETIRIZINE,5.89344191312365,3.714928436674747,9.349482278170596,149,85.90604026845638,5.89344191312365,Undirected,strong
DESOXIMETASONE,FOLIC ACID,5.892459513895003,4.54181046990964,7.644766190250672,468,85.8974358974359,5.892459513895003,Undirected,strong
FOLIC ACID,LAMICTAL,5.885574205491299,3.7867193650072504,9.147755719224842,163,85.88957055214725,5.885574205491299,Undirected,strong
DIPYRONE,FOLIC ACID,5.885574205491299,3.7867193650072504,9.147755719224842,163,85.88957055214725,5.885574205491299,Undirected,strong
LAMOTRIGINE,ZOLPIDEM,5.865384774685222,3.396896876492148,10.127695895977766,106,85.84905660377359,5.865384774685222,Undirected,strong
LEFLUNOMIDE,LYRICA,5.865384774685222,3.396896876492148,10.127695895977766,106,85.84905660377359,5.865384774685222,Undirected,strong
AZITHROMYCIN,CEFEPIME,5.8614259002604605,3.4539021009119555,9.947101157028406,113,85.84070796460178,5.8614259002604605,Undirected,strong
HUMIRA,VITAMIN D2,5.8614259002604605,3.4539021009119555,9.947101157028406,113,85.84070796460178,5.8614259002604605,Undirected,strong
LEVETIRACETAM,POLYETHYLENE GLYCOL,5.8614259002604605,3.4539021009119555,9.947101157028406,113,85.84070796460178,5.8614259002604605,Undirected,strong
METHYLPREDNISOLONE SODIUM SUCCINATE,NAPROXEN,5.8614259002604605,3.4539021009119555,9.947101157028406,113,85.84070796460178,5.8614259002604605,Undirected,strong
FLUCONAZOLE,LINEZOLID,5.854850726256153,3.555825705059412,9.64031419705636,127,85.8267716535433,5.854850726256153,Undirected,strong
DICLOFENAC,PHTHALYLSULFATHIAZOLE,5.845361953545888,3.72294650286014,9.177745729548402,155,85.80645161290322,5.845361953545888,Undirected,strong
METHOTREXATE,SULFAMETHOXAZOLE,5.845361953545888,3.72294650286014,9.177745729548402,155,85.80645161290322,5.845361953545888,Undirected,strong
CALCIUM CARBONATE,SULFASALAZINE,5.845361953545888,3.72294650286014,9.177745729548402,155,85.80645161290322,5.845361953545888,Undirected,strong
COSENTYX,VITAMIN D3,5.845361953545888,3.72294650286014,9.177745729548402,155,85.80645161290322,5.845361953545888,Undirected,strong
FAMOTIDINE,URSADIOL 300 MG ORAL CAPSULE [URSODIOL],5.843520424957482,3.7588212093368023,9.084425423607748,162,85.80246913580247,5.843520424957482,Undirected,strong
ACTEMRA,ERELZI,5.824488398456881,4.248367438595333,7.98534156804844,316,85.75949367088607,5.824488398456881,Undirected,strong
CETIRIZINE HYDROCHLORIDE,SULFASALAZINE,5.80270640458382,4.168973229980364,8.076665346674984,287,85.71428571428571,5.80270640458382,Undirected,strong
DICLOFENAC DIETHYLAMMONIUM,DICLOFENAC SODIUM,5.802499766946569,4.115795249334805,8.180436952216363,266,85.71428571428571,5.802499766946569,Undirected,strong
ARAVA,CORTISONE ACETATE,5.80243089168549,4.09681795184808,8.218135306109538,259,85.71428571428571,5.80243089168549,Undirected,strong
COSENTYX,DICLOFENAC DIETHYLAMMONIUM,5.802224277755071,4.035563395264202,8.342281677169963,238,85.71428571428571,5.802224277755071,Undirected,strong
PIPERACILLIN / TAZOBACTAM,PREDNISONE,5.801466845422023,3.730923810336232,9.021094846613272,161,85.71428571428571,5.801466845422023,Undirected,strong
ADALIMUMAB,IBUPROFEN,5.801466845422023,3.730923810336232,9.021094846613272,161,85.71428571428571,5.801466845422023,Undirected,strong
OLANZAPINE,OXYCODONE,5.801397999784923,3.69404983618377,9.11092709747465,154,85.71428571428571,5.801397999784923,Undirected,strong
KORTISON,SULFASALAZINE,5.801329156122076,3.654979243108092,9.208101534675873,147,85.71428571428571,5.801329156122076,Undirected,strong
DIVALPROEX SODIUM,RISPERIDONE,5.801260314433396,3.6134770894172705,9.313639024966722,140,85.71428571428571,5.801260314433396,Undirected,strong
TRAMADOL HYDROCHLORIDE,TRIAMCINOLONE ACETONIDE,5.801260314433396,3.6134770894172705,9.313639024966722,140,85.71428571428571,5.801260314433396,Undirected,strong
HYDROCORTISONE,MEROPENEM,5.801191474718799,3.5692709637088904,9.428766509612318,133,85.71428571428571,5.801191474718799,Undirected,strong
CHOLECALCIFEROL,TRAMADOL HYDROCHLORIDE,5.801122636978199,3.522042825149901,9.554972929049663,126,85.71428571428571,5.801122636978199,Undirected,strong
CIMZIA,OTEZLA,5.801053801211513,3.4714185378985496,9.694084662266675,119,85.71428571428571,5.801053801211513,Undirected,strong
ORENCIA,VITAMIN D2,5.800916135599539,3.3581186591673036,10.020678667919158,105,85.71428571428571,5.800916135599539,Undirected,strong
ACETAMINOPHEN,ALENDRONATE SODIUM,5.767749756378975,4.323342819879236,7.694725733810526,376,85.63829787234043,5.767749756378975,Undirected,strong
KETAMINE,LIDOCAINE,5.762913406526176,3.772771147956091,8.802858596157197,174,85.63218390804597,5.762913406526176,Undirected,strong
ASCORBIC ACID,SIMPONI,5.76123348245723,3.738837822475379,8.877574480460057,167,85.62874251497006,5.76123348245723,Undirected,strong
ACTEMRA,ADALIMUMAB,5.7515731503100005,4.078787086658338,8.11039973416929,264,85.60606060606061,5.7515731503100005,Undirected,strong
AZITHROMYCIN,VANCOMYCIN,5.748608963240405,4.038428650494428,8.183010738149852,250,85.6,5.748608963240405,Undirected,strong
POTASSIUM CHLORIDE,TYVASO,5.74739480447758,3.488261259008029,9.469631024119302,125,85.6,5.74739480447758,Undirected,strong
CELEBREX,CHOLECALCIFEROL,5.74739480447758,3.488261259008029,9.469631024119302,125,85.6,5.74739480447758,Undirected,strong
ACETAMINOPHEN,ARAVA,5.743999415705234,4.243836448678572,7.774458249420864,340,85.58823529411764,5.743999415705234,Undirected,strong
AMLODIPINE,RISPERIDONE,5.740544323427927,3.380008169008551,9.74963594212462,111,85.58558558558559,5.740544323427927,Undirected,strong
CARBOPLATIN,SULFAMETHOXAZOLE / TRIMETHOPRIM,5.740544323427927,3.380008169008551,9.74963594212462,111,85.58558558558559,5.740544323427927,Undirected,strong
ALCOHOL,QUETIAPINE,5.740544323427927,3.380008169008551,9.74963594212462,111,85.58558558558559,5.740544323427927,Undirected,strong
COSENTYX,KORTISON,5.740544323427927,3.380008169008551,9.74963594212462,111,85.58558558558559,5.740544323427927,Undirected,strong
ARAVA,HYDROXYCHLOROQUINE,5.7399330355333245,4.199779096838664,7.844896241615936,319,85.57993730407524,5.7399330355333245,Undirected,strong
ENALAPRIL,PANTOPRAZOLE,5.736447804609182,3.3193424154218527,9.913660387105136,104,85.57692307692307,5.736447804609182,Undirected,strong
ALENDRONIC ACID,REMICADE,5.736447804609182,3.3193424154218527,9.913660387105136,104,85.57692307692307,5.736447804609182,Undirected,strong
ASCORBIC ACID,XELJANZ,5.720931464509474,3.7118712871241497,8.81740079057861,166,85.54216867469879,5.720931464509474,Undirected,strong
DEXAMETHASONE,POLYETHYLENE GLYCOL,5.714202991887555,3.951104104415308,8.264048470909273,228,85.52631578947368,5.714202991887555,Undirected,strong
DESOXIMETASONE,SULFASALAZINE,5.7088536161258725,4.351853621052012,7.488994908444309,421,85.5106888361045,5.7088536161258725,Undirected,strong
FLUCONAZOLE,VANCOMYCIN,5.708500366528465,4.242395939963883,7.681267117876096,352,85.51136363636364,5.708500366528465,Undirected,strong
ARAVA,FOSAMAX,5.708298874572248,4.099546344845051,7.948361428433704,283,85.51236749116607,5.708298874572248,Undirected,strong
ALENDRONATE SODIUM,HUMIRA,5.694261750063465,3.7865769562216456,8.56304183253416,186,85.48387096774194,5.694261750063465,Undirected,strong
AZATHIOPRINE,CANDESARTAN,5.687280467915301,3.4008416398806394,9.510927748422333,117,85.47008547008546,5.687280467915301,Undirected,strong
DESOXIMETASONE,PHTHALYLSULFATHIAZOLE,5.684885799338001,3.930291832354032,8.222780376122396,227,85.46255506607929,5.684885799338001,Undirected,strong
ACETAMINOPHEN,CLORHEXIDINA,5.680629639188808,3.6849054767325615,8.757226827496282,165,85.45454545454545,5.680629639188808,Undirected,strong
SIMPONI,TOFACITINIB,5.680103968286208,3.3430638095862,9.650901965444168,110,85.45454545454545,5.680103968286208,Undirected,strong
ACETAMINOPHEN,GRANISETRON,5.6719797817119435,3.280568201474713,9.806641004959776,103,85.43689320388349,5.6719797817119435,Undirected,strong
FILGRASTIM,VANCOMYCIN,5.6719797817119435,3.280568201474713,9.806641004959776,103,85.43689320388349,5.6719797817119435,Undirected,strong
IBUPROFEN,SIMPONI,5.669507399243717,3.607364976835759,8.910469097660899,151,85.43046357615894,5.669507399243717,Undirected,strong
ONDANSETRON,SULFAMETHOXAZOLE / TRIMETHOPRIM,5.667813016217947,4.101611686541612,7.832068670034415,295,85.42372881355932,5.667813016217947,Undirected,strong
ORENCIA,PHTHALYLSULFATHIAZOLE,5.65577737094954,4.136819457297048,7.732466451568418,315,85.39682539682539,5.65577737094954,Undirected,strong
COVID-19 VACCINE MRNA,VENETOCLAX,5.648488047607333,3.472064160435504,9.189178468395864,130,85.38461538461539,5.648488047607333,Undirected,strong
OXYCODONE,TRAMADOL HYDROCHLORIDE,5.646841107826432,3.694473711581566,8.630949084054526,171,85.38011695906432,5.646841107826432,Undirected,strong
ERELZI,NAPROXEN,5.645527469573591,3.983287286456198,8.0014264896433,253,85.37549407114624,5.645527469573591,Undirected,strong
ACETAMINOPHEN,BROMAZEPAM,5.640328006493853,3.6579404030924194,8.697052580174347,164,85.36585365853658,5.640328006493853,Undirected,strong
CALCIUM CARBONATE,INFLIXIMAB,5.6399399098009795,3.420702189497993,9.298945194300591,123,85.36585365853658,5.6399399098009795,Undirected,strong
ALCOHOL,FENTANYL,5.633299669657754,4.027783602633818,7.878790992498915,273,85.34798534798534,5.633299669657754,Undirected,strong
ARAVA,INFLIXIMAB,5.629070887766613,3.769574529132351,8.405839655011388,191,85.34031413612566,5.629070887766613,Undirected,strong
CLOPIDOGREL,LANTUS,5.6196639019914265,3.306121249742438,9.552167021643806,109,85.3211009174312,5.6196639019914265,Undirected,strong
POLYETHYLENE GLYCOL,ZOPICLONE,5.6196639019914265,3.306121249742438,9.552167021643806,109,85.3211009174312,5.6196639019914265,Undirected,strong
SODIUM CHLORIDE,TORSEMIDE,5.608150711448659,3.6683759207626294,8.573645417393204,170,85.29411764705883,5.608150711448659,Undirected,strong
DEXAMETHASONE,PIPERACILLIN / TAZOBACTAM,5.607512066905615,3.2417960759303313,9.699620470873764,102,85.29411764705883,5.607512066905615,Undirected,strong
HYDROCORTISONE,HYDROXYCHLOROQUINE,5.603034601828016,3.893438335079616,8.063309097879952,231,85.28138528138528,5.603034601828016,Undirected,strong
REMODULIN,TORSEMIDE,5.601734806168145,3.77698558707698,8.30806263757027,197,85.27918781725889,5.601734806168145,Undirected,strong
MELATONINA,POLYETHYLENE GLYCOL,5.600026566423227,3.630976078309246,8.636878037282127,163,85.2760736196319,5.600026566423227,Undirected,strong
ONDANSETRON,URSADIOL 300 MG ORAL CAPSULE [URSODIOL],5.591201962669628,3.591448619293897,8.704437317971971,156,85.25641025641025,5.591201962669628,Undirected,strong
FOSAMAX,SIMPONI,5.587352881265817,3.922271285416712,7.959294487319658,244,85.24590163934425,5.587352881265817,Undirected,strong
CIMZIA,NAPROXEN,5.5867827936054235,3.7129921287331222,8.40619664700858,183,85.24590163934425,5.5867827936054235,Undirected,strong
DARZALEX,VALACYCLOVIR HYDROCHLORIDE,5.559224124541512,3.269180538224052,9.45343106798046,108,85.18518518518519,5.559224124541512,Undirected,strong
ALPRAZOLAM,QUETIAPINE FUMARATE,5.559224124541512,3.269180538224052,9.45343106798046,108,85.18518518518519,5.559224124541512,Undirected,strong
FUROSEMIDE,JANUVIA,5.559224124541512,3.269180538224052,9.45343106798046,108,85.18518518518519,5.559224124541512,Undirected,strong
PANTOPRAZOLE,VANCOMYCIN,5.549149589094043,3.5635560377421354,8.64110479420243,155,85.16129032258064,5.549149589094043,Undirected,strong
CORTISONE ACETATE,ENBREL,5.543978426522313,3.761768131966324,8.170545263691967,202,85.14851485148515,5.543978426522313,Undirected,strong
LAMICTAL,TOPIRAMATE,5.543044660187989,3.2030260999067464,9.59259873209685,101,85.14851485148515,5.543044660187989,Undirected,strong
ACETAMINOPHEN,CEFEPIME,5.543044660187989,3.2030260999067464,9.59259873209685,101,85.14851485148515,5.543044660187989,Undirected,strong
CETIRIZINE HYDROCHLORIDE,CORTISONE ACETATE,5.538301938693432,3.8262362270869184,8.01643875174115,222,85.13513513513513,5.538301938693432,Undirected,strong
PANTOPRAZOLE SODIUM,SULFASALAZINE,5.536537726062368,3.9569015732415416,7.74678101659232,269,85.13011152416357,5.536537726062368,Undirected,strong
FOSAMAX,PHTHALYLSULFATHIAZOLE,5.533601881751057,3.8835547616787074,7.884722030411824,242,85.12396694214877,5.533601881751057,Undirected,strong
ALLOPURINOL,VINCRISTINE,5.532486042211623,3.3531487503522963,9.128256479540484,121,85.12396694214877,5.532486042211623,Undirected,strong
KARDEGIC,OXAZEPAM,5.532486042211623,3.3531487503522963,9.128256479540484,121,85.12396694214877,5.532486042211623,Undirected,strong
DICLOFENAC SODIUM,PHTHALYLSULFATHIAZOLE,5.529994783749677,3.798498867863453,8.050770415392934,215,85.11627906976744,5.529994783749677,Undirected,strong
KARDEGIC,LOVENOX,5.524996167985938,3.475154726870459,8.78394922108951,141,85.1063829787234,5.524996167985938,Undirected,strong
CHOLECALCIFEROL,VITAMIN D2,5.524996167985938,3.475154726870459,8.78394922108951,141,85.1063829787234,5.524996167985938,Undirected,strong
HUMALOG,LT4,5.524996167985938,3.475154726870459,8.78394922108951,141,85.1063829787234,5.524996167985938,Undirected,strong
DICLOFENAC,PANTOPRAZOLE SODIUM,5.517669638213777,3.83253302367916,7.943748442182979,228,85.08771929824562,5.517669638213777,Undirected,strong
ACTEMRA,FOSAMAX,5.516992104650112,4.004701428184374,7.600367325404103,295,85.08474576271186,5.516992104650112,Undirected,strong
CETIRIZINE,FOLIC ACID,5.51679337192356,4.131351310765468,7.366841214687368,362,85.0828729281768,5.51679337192356,Undirected,strong
DIPHENHYDRAMINE,OLANZAPINE,5.51662250696833,3.294988141143721,9.23618616540026,114,85.08771929824562,5.51662250696833,Undirected,strong
DOXYCYCLINE,SULFAMETHOXAZOLE / TRIMETHOPRIM,5.511118280032403,3.426662045959461,8.863560015298525,134,85.07462686567165,5.511118280032403,Undirected,strong
ACTEMRA,DICLOFENAC DIETHYLAMMONIUM,5.511118280032403,3.426662045959461,8.863560015298525,134,85.07462686567165,5.511118280032403,Undirected,strong
HYDROCORTISONE,STELARA,5.498784635934394,3.2322417257531875,9.3546940600002,107,85.04672897196261,5.498784635934394,Undirected,strong
AMBRISENTAN,TYVASO,5.498784635934394,3.2322417257531875,9.3546940600002,107,85.04672897196261,5.498784635934394,Undirected,strong
LEVOFLOXACIN,PREGABALIN,5.498784635934394,3.2322417257531875,9.3546940600002,107,85.04672897196261,5.498784635934394,Undirected,strong
CHOLECALCIFEROL,URSADIOL 300 MG ORAL CAPSULE [URSODIOL],5.4936562068631405,3.4917977524186155,8.643186306624251,147,85.03401360544217,5.4936562068631405,Undirected,strong
ACETAMINOPHEN,CERTOLIZUMAB PEGOL,5.492080631863208,3.590086762823213,8.401732787975043,167,85.02994011976048,5.492080631863208,Undirected,strong
SULFASALAZINE,TOCILIZUMAB,5.479305378307371,3.639412657267972,8.249349622058396,180,85.0,5.479305378307371,Undirected,strong
FAMOTIDINE,SULFAMETHOXAZOLE / TRIMETHOPRIM,5.479305378307371,3.639412657267972,8.249349622058396,180,85.0,5.479305378307371,Undirected,strong
CYCLOSPORINE,VANCOMYCIN,5.478941440365014,3.4451875370584353,8.713255514844818,140,85.0,5.478941440365014,Undirected,strong
MICAFUNGIN,VANCOMYCIN,5.4787594935700605,3.319374226504936,9.04291096457347,120,85.0,5.4787594935700605,Undirected,strong
METFORMIN,SULFAMETHOXAZOLE / TRIMETHOPRIM,5.478577561556854,3.164258337172014,9.485575733623357,100,85.0,5.478577561556854,Undirected,strong
ERELZI,PSEUDOEPHEDRINE HYDROCHLORIDE,5.4683078920218255,3.684416796338247,8.115908936162331,193,84.97409326424871,5.4683078920218255,Undirected,strong
HYDROMORPHONE,POLYETHYLENE GLYCOL,5.462762083187964,3.3955301896410948,8.788544913709146,133,84.9624060150376,5.462762083187964,Undirected,strong
ALLOPURINOL,HYDROMORPHONE,5.459737063710837,3.2597069633858102,9.144603836995191,113,84.95575221238938,5.459737063710837,Undirected,strong
ACETAMINOPHEN,MEROPENEM,5.457176321945056,3.9304852950160254,7.576869310911985,279,84.94623655913979,5.457176321945056,Undirected,strong
ORIDONIN,SULFAMETHOXAZOLE / TRIMETHOPRIM,5.456334800613042,3.6505071322809193,8.155466727654083,186,84.94623655913979,5.456334800613042,Undirected,strong
ARAVA,PANTOPRAZOLE SODIUM,5.453390975179593,3.5639918194171134,8.344427999566532,166,84.93975903614458,5.453390975179593,Undirected,strong
CYCLOPHOSPHAMIDE,ONDANSETRON,5.452992738847438,4.279163207848683,6.948818814712141,511,84.93150684931507,5.452992738847438,Undirected,strong
GABAPENTIN,RISPERIDONE,5.443479915682289,3.614887397546759,8.197066833270059,179,84.91620111731844,5.443479915682289,Undirected,strong
ADALIMUMAB,CHOLECALCIFEROL,5.443479915682289,3.614887397546759,8.197066833270059,179,84.91620111731844,5.443479915682289,Undirected,strong
LANSOPRAZOLE,LORAZEPAM,5.4393001312119535,3.734462858685539,7.922420716701433,212,84.90566037735849,5.4393001312119535,Undirected,strong
EXTRANEAL,REGUNEAL LCA,5.438345436168001,3.195304865128575,9.255955951451671,106,84.90566037735849,5.438345436168001,Undirected,strong
ERELZI,SIMPONI,5.437388041347079,3.959700145180611,7.4665221173801,298,84.8993288590604,5.437388041347079,Undirected,strong
LORAZEPAM,RAMIPRIL,5.432305898774199,3.771631118947451,7.824187055199686,225,84.88888888888889,5.432305898774199,Undirected,strong
PIPERACILLIN SODIUM\TAZOBACTAM SODIUM,SULFAMETHOXAZOLE / TRIMETHOPRIM,5.429641491595268,3.577407376331597,8.240886101566598,172,84.88372093023256,5.429641491595268,Undirected,strong
METHOTREXATE,PHTHALYLSULFATHIAZOLE,5.424357591648013,3.96369723629768,7.423285263218744,304,84.86842105263158,5.424357591648013,Undirected,strong
HYRIMOZ,RITUXIMAB,5.415587898547433,3.868305170844027,7.581767981478613,264,84.84848484848484,5.415587898547433,Undirected,strong
CELECOXIB,CERTOLIZUMAB PEGOL,5.414406117450266,3.3643995367059567,8.713529200335584,132,84.84848484848484,5.414406117450266,Undirected,strong
ENBREL,VITAMIN D2,5.40285189231251,3.2244275187420204,9.05302054414093,112,84.82142857142857,5.40285189231251,Undirected,strong
DEXAMETHASONE,EMEND,5.40285189231251,3.2244275187420204,9.05302054414093,112,84.82142857142857,5.40285189231251,Undirected,strong
ENBREL,PSEUDOEPHEDRINE HYDROCHLORIDE,5.3718295041361594,3.5658387792613504,8.09250053292798,177,84.7457627118644,5.3718295041361594,Undirected,strong
CIMZIA,DICLOFENAC DIETHYLAMMONIUM,5.371307166583962,3.251829749810249,8.872217458333957,118,84.7457627118644,5.371307166583962,Undirected,strong
CERTOLIZUMAB PEGOL,SIMPONI,5.371307166583962,3.251829749810249,8.872217458333957,118,84.7457627118644,5.371307166583962,Undirected,strong
CETIRIZINE HYDROCHLORIDE,HYDROCORTISONE,5.3651271522755035,3.659986419326553,7.864671084047437,203,84.72906403940887,5.3651271522755035,Undirected,strong
ALENDRONATE SODIUM,HYDROXYCHLOROQUINE SULFATE,5.357882883959531,3.775176725362205,7.60412322034335,242,84.71074380165288,5.357882883959531,Undirected,strong
COSENTYX,INFLIXIMAB,5.352755379994015,3.868259859855919,7.406945550737138,281,84.69750889679716,5.352755379994015,Undirected,strong
FOLIC ACID,OXYCODONE,5.351693459890385,4.21121868949382,6.801029583214561,516,84.68992248062015,5.351693459890385,Undirected,strong
AMPHETAMINE,FENTANYL,5.346943383482949,3.710732732480504,7.704624829463459,222,84.68468468468468,5.346943383482949,Undirected,strong
LEFLUNOMIDE,OTEZLA,5.340778578159425,3.3552924912765523,8.501171178097326,137,84.67153284671532,5.340778578159425,Undirected,strong
LEVOFLOXACIN,METFORMIN,5.3373231146447955,3.485711483870664,8.172511741702895,163,84.66257668711657,5.3373231146447955,Undirected,strong
INFLIXIMAB,RAMIPRIL,5.336004555212658,3.5413154398265183,8.040217003274089,176,84.6590909090909,5.336004555212658,Undirected,strong
FLUCONAZOLE,PIPERACILLIN SODIUM\TAZOBACTAM SODIUM,5.333090419497131,3.680575278060375,7.727556502395636,215,84.65116279069768,5.333090419497131,Undirected,strong
METHOTREXATE,PSEUDOEPHEDRINE HYDROCHLORIDE,5.3306868073616664,3.8218792387117713,7.435143829337185,267,84.6441947565543,5.3306868073616664,Undirected,strong
CHOLECALCIFEROL,OXYCODONE,5.318603022546004,3.728702346849435,7.586429669114519,234,84.61538461538461,5.318603022546004,Undirected,strong
DICLOFENAC,HYDROXYCHLOROQUINE SULFATE,5.31826242405992,3.604213820062248,7.847457621334799,195,84.61538461538461,5.31826242405992,Undirected,strong
LANSOPRAZOLE,URSADIOL 300 MG ORAL CAPSULE [URSODIOL],5.317808376307752,3.3762459314902133,8.375896336037053,143,84.61538461538461,5.317808376307752,Undirected,strong
OXAZEPAM,POLYETHYLENE GLYCOL,5.317694879288467,3.3021419466824247,8.563495841728072,130,84.61538461538461,5.317694879288467,Undirected,strong
CYTARABINE,VORICONAZOLE,5.317694879288467,3.3021419466824247,8.563495841728072,130,84.61538461538461,5.317694879288467,Undirected,strong
CERTOLIZUMAB PEGOL,REMICADE,5.317581388235744,3.218059872787386,8.786869399051543,117,84.61538461538461,5.317581388235744,Undirected,strong
FERROUS SULFATE,LOPERAMIDE,5.317467903149112,3.1214372216479083,9.058476238100818,104,84.61538461538461,5.317467903149112,Undirected,strong
ASCORBIC ACID,METHYLPREDNISOLONE SODIUM SUCCINATE,5.317467903149112,3.1214372216479083,9.058476238100818,104,84.61538461538461,5.317467903149112,Undirected,strong
CHOLECALCIFEROL,LEFLUNOMIDE,5.30271660614542,3.616169276032302,7.775853744308851,201,84.5771144278607,5.30271660614542,Undirected,strong
ALENDRONIC ACID,CALCIUM CARBONATE,5.296839568343754,3.3962190046550966,8.261101352508723,149,84.56375838926175,5.296839568343754,Undirected,strong
CEFAZOLIN,VANCOMYCIN,5.292188565290397,3.2452931747379123,8.630117004098492,123,84.5528455284553,5.292188565290397,Undirected,strong
CALCIUM CARBONATE,CANDESARTAN,5.292188565290397,3.2452931747379123,8.630117004098492,123,84.5528455284553,5.292188565290397,Undirected,strong
METFORMIN,METOCLOPRAMIDE,5.292188565290397,3.2452931747379123,8.630117004098492,123,84.5528455284553,5.292188565290397,Undirected,strong
AMLODIPINE,KARDEGIC,5.290035720024851,3.6701358208738775,7.624916157047179,220,84.54545454545455,5.290035720024851,Undirected,strong
MORPHINE,RITUXIMAB,5.289082365085563,3.153874014078178,8.869850900761337,110,84.54545454545455,5.289082365085563,Undirected,strong
OMEPRAZOLE,PIPERACILLIN SODIUM\TAZOBACTAM SODIUM,5.289082365085563,3.153874014078178,8.869850900761337,110,84.54545454545455,5.289082365085563,Undirected,strong
ALENDRONATE SODIUM,METHOTREXATE,5.285396422087371,4.088871058829114,6.832060717173495,446,84.52914798206278,5.285396422087371,Undirected,strong
MAGNESIUM OXIDE,SULFAMETHOXAZOLE / TRIMETHOPRIM,5.280833709420501,3.476277168086827,8.02214648548857,168,84.52380952380952,5.280833709420501,Undirected,strong
CORTISONE ACETATE,XELJANZ,5.280833709420501,3.476277168086827,8.02214648548857,168,84.52380952380952,5.280833709420501,Undirected,strong
PREDNISONE,PSEUDOEPHEDRINE HYDROCHLORIDE,5.269965137518002,3.886005773215747,7.146806816931932,316,84.49367088607595,5.269965137518002,Undirected,strong
DOXYCYCLINE HYCLATE,PANTOPRAZOLE SODIUM,5.269339606861053,3.271015064672573,8.48847814622155,129,84.49612403100775,5.269339606861053,Undirected,strong
CETIRIZINE HYDROCHLORIDE,LEFLUNOMIDE,5.267752904818271,3.859506853705693,7.189835830859584,303,84.48844884488449,5.267752904818271,Undirected,strong
FOSAMAX,RITUXIMAB,5.267752904818271,3.859506853705693,7.189835830859584,303,84.48844884488449,5.267752904818271,Undirected,strong
HYRIMOZ,INFLIXIMAB,5.263855866648294,3.1842916229017297,8.701520421549269,116,84.48275862068965,5.263855866648294,Undirected,strong
LORAZEPAM,POLYETHYLENE GLYCOL,5.257914727792874,3.6064029126736648,7.665717878495626,206,84.46601941747572,5.257914727792874,Undirected,strong
AMPHOTERICIN B,DEXAMETHASONE,5.254788601655794,3.368332728528024,8.197765919686494,148,84.45945945945947,5.254788601655794,Undirected,strong
ALFACALCIDOL,PREDNISOLONE,5.254788601655794,3.368332728528024,8.197765919686494,148,84.45945945945947,5.254788601655794,Undirected,strong
METHYLPREDNISOLONE,VORICONAZOLE,5.2486711038875695,3.295368125179364,8.3597787289045,135,84.44444444444444,5.2486711038875695,Undirected,strong
DIAZEPAM,ZOLPIDEM,5.2436322084018565,3.450996419138383,7.967460813492883,167,84.4311377245509,5.2436322084018565,Undirected,strong
ACETAMINOPHEN\CODEINE PHOSPHATE,IBUPROFEN,5.241289612279712,3.212902891717172,8.550248085807835,122,84.42622950819673,5.241289612279712,Undirected,strong
ACTEMRA,AZATHIOPRINE,5.241289612279712,3.212902891717172,8.550248085807835,122,84.42622950819673,5.241289612279712,Undirected,strong
AMLODIPINE,MORPHINE SULFATE,5.237322273654561,3.3883330208304807,8.09529182329168,154,84.4155844155844,5.237322273654561,Undirected,strong
FLUCONAZOLE,VORICONAZOLE,5.237322273654561,3.3883330208304807,8.09529182329168,154,84.4155844155844,5.237322273654561,Undirected,strong
POLYETHYLENE GLYCOL,QUETIAPINE,5.232198009253045,3.118600051324627,8.778264464019232,109,84.40366972477065,5.232198009253045,Undirected,strong
CIMZIA,PANTOPRAZOLE,5.232198009253045,3.118600051324627,8.778264464019232,109,84.40366972477065,5.232198009253045,Undirected,strong
POLYETHYLENE GLYCOL,POTASSIUM CHLORIDE,5.2298857216843775,3.3184761789223916,8.242248305292954,141,84.39716312056737,5.2298857216843775,Undirected,strong
HYDROCHLOROTHIAZIDE,KARDEGIC,5.2298857216843775,3.3184761789223916,8.242248305292954,141,84.39716312056737,5.2298857216843775,Undirected,strong
CELECOXIB,HYDROXYCHLOROQUINE,5.228530735825671,3.4677494201940777,7.88336478301357,173,84.39306358381504,5.228530735825671,Undirected,strong
DICLOFENAC,RAMIPRIL,5.22768433298121,3.58506121740524,7.622933564598061,205,84.39024390243902,5.22768433298121,Undirected,strong
ERELZI,HUMIRA,5.226790779415313,3.760465372427188,7.264883238147648,269,84.38661710037175,5.226790779415313,Undirected,strong
COSENTYX,DICLOFENAC,5.216486155031986,4.175742979688362,6.516619422700009,588,84.35374149659864,5.216486155031986,Undirected,strong
ALLOPURINOL,TORSEMIDE,5.216032643498367,3.9217453058982255,6.937471563265924,358,84.35754189944134,5.216032643498367,Undirected,strong
APIXABAN,DILTIAZEM,5.21013060181977,3.150525041723597,8.616170488576099,115,84.34782608695653,5.21013060181977,Undirected,strong
ONDANSETRON,VINCRISTINE,5.21013060181977,3.150525041723597,8.616170488576099,115,84.34782608695653,5.21013060181977,Undirected,strong
BUPROPION,OLANZAPINE,5.209101905632711,3.550447316377181,7.642626476416553,198,84.34343434343434,5.209101905632711,Undirected,strong
CHOLECALCIFEROL,HYDROMORPHONE,5.20643088519068,3.4257164150561796,7.91277481204552,166,84.33734939759037,5.20643088519068,Undirected,strong
ARAVA,IBUPROFEN,5.1970227597512775,3.3613769275447467,8.035113629788919,153,84.31372549019608,5.1970227597512775,Undirected,strong
ACETAMINOPHEN,HYDROCORTISONE ACETATE,5.196591525468278,3.04757807596292,8.860991518334211,102,84.31372549019608,5.196591525468278,Undirected,strong
HYDROXYCHLOROQUINE,REMICADE,5.194160734473211,3.620764036814031,7.451274223128562,223,84.30493273542601,5.194160734473211,Undirected,strong
ALENDRONATE SODIUM,PHTHALYLSULFATHIAZOLE,5.192706471820423,3.443228781307941,7.83108013294519,172,84.30232558139535,5.192706471820423,Undirected,strong
HYDROXYCHLOROQUINE SULFATE,PSEUDOEPHEDRINE HYDROCHLORIDE,5.189285241994203,3.514194316786455,7.662832187209185,191,84.29319371727748,5.189285241994203,Undirected,strong
INFLIXIMAB,SIMPONI,5.173696916388008,3.6911339626024326,7.251738911088076,254,84.25196850393701,5.173696916388008,Undirected,strong
ALENDRONATE SODIUM,RITUXIMAB,5.170098210845247,3.876417662190722,6.895519997883578,349,84.2406876790831,5.170098210845247,Undirected,strong
CORTISONE ACETATE,SIMPONI,5.169229739785699,3.4004371681976746,7.858088469503394,165,84.24242424242424,5.169229739785699,Undirected,strong
DICLOFENAC,LEFLUNOMIDE,5.16376058304837,4.007492986069532,6.653641928191115,450,84.22222222222221,5.16376058304837,Undirected,strong
QUETIAPINE FUMARATE,RAMIPRIL,5.1572002966779875,3.555739835779187,7.479938389313359,209,84.21052631578947,5.1572002966779875,Undirected,strong
KEVZARA,SULFASALAZINE,5.15704133178149,3.491690823105676,7.616675314353199,190,84.21052631578947,5.15704133178149,Undirected,strong
ACTEMRA,CETIRIZINE,5.15704133178149,3.491690823105676,7.616675314353199,190,84.21052631578947,5.15704133178149,Undirected,strong
CYTARABINE,MEROPENEM,5.15688237904167,3.418708844300432,7.77879517748528,171,84.21052631578947,5.15688237904167,Undirected,strong
POLYETHYLENE GLYCOL,SULFAMETHOXAZOLE / TRIMETHOPRIM,5.156723438457133,3.3344217403234184,7.974934993722156,152,84.21052631578947,5.156723438457133,Undirected,strong
DICLOFENAC SODIUM,VITAMIN D2,5.156405593748333,3.1167601724134406,8.530819561471253,114,84.21052631578947,5.156405593748333,Undirected,strong
CALONAL,MAGNESIUM OXIDE,5.156405593748333,3.1167601724134406,8.530819561471253,114,84.21052631578947,5.156405593748333,Undirected,strong
HUMIRA,PANTOPRAZOLE SODIUM,5.147768941565623,3.5686508573654168,7.425642388370582,215,84.18604651162791,5.147768941565623,Undirected,strong
CHOLECALCIFEROL,DICLOFENAC,5.146692851066704,3.5066352571985235,7.553807385254812,196,84.18367346938776,5.146692851066704,Undirected,strong
CORTISONE ACETATE,PHTHALYLSULFATHIAZOLE,5.145420246590551,3.436223138726622,7.704781804081288,177,84.18079096045197,5.145420246590551,Undirected,strong
AMPHOTERICIN B,CYCLOPHOSPHAMIDE,5.145420246590551,3.436223138726622,7.704781804081288,177,84.18079096045197,5.145420246590551,Undirected,strong
CETIRIZINE HYDROCHLORIDE,DICLOFENAC DIETHYLAMMONIUM,5.1438803787274106,3.355260015018611,7.885977608954422,158,84.17721518987342,5.1438803787274106,Undirected,strong
IRBESARTAN,KARDEGIC,5.1419639074811485,3.2607107543029694,8.108598038310436,139,84.17266187050359,5.1419639074811485,Undirected,strong
ACETAMINOPHEN,ATOVAQUONE,5.13949243601685,3.148126841663485,8.390507698195838,120,84.16666666666667,5.13949243601685,Undirected,strong
ADALIMUMAB,CALCIUM,5.136153769874457,3.010651847151319,8.76224714350696,101,84.15841584158416,5.136153769874457,Undirected,strong
CYCLOPHOSPHAMIDE,PIPERACILLIN / TAZOBACTAM,5.136153769874457,3.010651847151319,8.76224714350696,101,84.15841584158416,5.136153769874457,Undirected,strong
CIMZIA,XELJANZ,5.129840928324989,3.74339792131704,7.02978109809381,290,84.13793103448276,5.129840928324989,Undirected,strong
HUMIRA,PSEUDOEPHEDRINE HYDROCHLORIDE,5.121058457488183,3.3941896204188975,7.726509906000666,170,84.11764705882354,5.121058457488183,Undirected,strong
BISOPROLOL,LETROZOLE,5.118430113140175,3.0480579630095197,8.595088131865136,107,84.11214953271028,5.118430113140175,Undirected,strong
PIPERACILLIN SODIUM\TAZOBACTAM SODIUM,TACROLIMUS,5.110511543246037,3.2054905627029093,8.147685267751509,132,84.0909090909091,5.110511543246037,Undirected,strong
CETIRIZINE HYDROCHLORIDE,XELJANZ,5.10676419871994,3.4996993077174956,7.451794650991449,201,84.07960199004975,5.10676419871994,Undirected,strong
ETORICOXIB,IBUPROFEN,5.105192386278095,3.3291722091160336,7.828669610284927,157,84.07643312101911,5.105192386278095,Undirected,strong
DAPTOMYCIN,VANCOMYCIN,5.105192386278095,3.3291722091160336,7.828669610284927,157,84.07643312101911,5.105192386278095,Undirected,strong
ALENDRONIC ACID,HYDROXYCHLOROQUINE SULFATE,5.098003315533323,3.2318297208825015,8.041772014551523,138,84.05797101449275,5.098003315533323,Undirected,strong
CETIRIZINE HYDROCHLORIDE,METHYLPREDNISOLONE SODIUM SUCCINATE,5.098003315533323,3.2318297208825015,8.041772014551523,138,84.05797101449275,5.098003315533323,Undirected,strong
FUROSEMIDE,VALACICLOVIR,5.098003315533323,3.2318297208825015,8.041772014551523,138,84.05797101449275,5.098003315533323,Undirected,strong
CARBOPLATIN,LT4,5.092553973712785,3.4466855485651933,7.5243608996979345,188,84.04255319148936,5.092553973712785,Undirected,strong
ADALIMUMAB,HYDROXYCHLOROQUINE SULFATE,5.076329939776312,3.3886115147866005,7.604626716583709,175,84.0,5.076329939776312,Undirected,strong
BUMETANIDE,TADALAFIL,5.075716303108938,2.9737279371111325,8.663501347293249,100,84.0,5.075716303108938,Undirected,strong
LEVOFLOXACIN,VANCOMYCIN,5.071095265201024,3.631023962299924,7.082301702150017,256,83.984375,5.071095265201024,Undirected,strong
ACETAMINOPHEN,SIMPONI,5.070253423313823,3.5671071982587392,7.206811667777878,231,83.98268398268398,5.070253423313823,Undirected,strong
FAMOTIDINE,POLYETHYLENE GLYCOL,5.069257126948791,3.493328309015498,7.356127322130579,206,83.98058252427184,5.069257126948791,Undirected,strong
FOSAMAX,METHOTREXATE,5.068698752493313,3.788586955591488,6.781342844885605,337,83.97626112759644,5.068698752493313,Undirected,strong
LANSOPRAZOLE,ORIDONIN,5.061546572855925,3.012789947039046,8.50349813944647,106,83.9622641509434,5.061546572855925,Undirected,strong
REMODULIN,TYLENOL EXTRA STRENGTH,5.061546572855925,3.012789947039046,8.50349813944647,106,83.9622641509434,5.061546572855925,Undirected,strong
CELECOXIB,METHOTREXATE,5.058725463922685,3.99987988019611,6.397867957496039,517,83.9458413926499,5.058725463922685,Undirected,strong
ALENDRONATE SODIUM,PSEUDOEPHEDRINE HYDROCHLORIDE,5.057627370395173,3.3246040995434063,7.694027274189866,162,83.9506172839506,5.057627370395173,Undirected,strong
CARBOPLATIN,TORIPALIMAB,5.057627370395173,3.3246040995434063,7.694027274189866,162,83.9506172839506,5.057627370395173,Undirected,strong
CETIRIZINE HYDROCHLORIDE,NAPROXEN,5.057627370395173,3.3246040995434063,7.694027274189866,162,83.9506172839506,5.057627370395173,Undirected,strong
ACETAMINOPHEN,QUETIAPINE,5.056371177116906,4.090957196125858,6.249610605799174,635,83.93700787401575,5.056371177116906,Undirected,strong
ASCORBIC ACID,CELECOXIB,5.0494111280521,3.3451533584877096,7.621938371047643,168,83.92857142857143,5.0494111280521,Undirected,strong
HYDROCORTISONE,OXYCODONE,5.044106040485052,3.5481939843696977,7.170691867394475,230,83.91304347826087,5.044106040485052,Undirected,strong
FLUCONAZOLE,POLYETHYLENE GLYCOL,5.037696232753703,3.0833570624984863,8.230763683572993,118,83.89830508474576,5.037696232753703,Undirected,strong
PANTOPRAZOLE,THIAMINE,5.037696232753703,3.0833570624984863,8.230763683572993,118,83.89830508474576,5.037696232753703,Undirected,strong
ACETAMINOPHEN,MAGNESIUM SULFATE,5.037696232753703,3.0833570624984863,8.230763683572993,118,83.89830508474576,5.037696232753703,Undirected,strong
GOLIMUMAB,RITUXIMAB,5.035826630215727,3.2535617858025967,7.794396270650235,149,83.89261744966443,5.035826630215727,Undirected,strong
COSENTYX,LEFLUNOMIDE,5.0355644155608275,4.098221843129635,6.187295357319769,670,83.88059701492537,5.0355644155608275,Undirected,strong
HYDROXYCHLOROQUINE SULFATE,TOCILIZUMAB,5.027566711192569,3.1154009735794572,8.113378422184345,124,83.87096774193549,5.027566711192569,Undirected,strong
SULFASALAZINE,VOLTARENE,5.027566711192569,3.1154009735794572,8.113378422184345,124,83.87096774193549,5.027566711192569,Undirected,strong
HUMIRA,PHTHALYLSULFATHIAZOLE,5.023898269572551,3.596326891435095,7.018147844992577,254,83.85826771653542,5.023898269572551,Undirected,strong
FLUOROURACIL,LOPERAMIDE,5.00724029341496,3.3410026240839827,7.504470417131912,173,83.8150289017341,5.00724029341496,Undirected,strong
INSULIN GLARGINE,PREDNISONE,5.004663304417201,2.9775240267219227,8.41190686147207,105,83.80952380952381,5.004663304417201,Undirected,strong
ALPRAZOLAM,CIPROFLOXACIN,5.004663304417201,2.9775240267219227,8.41190686147207,105,83.80952380952381,5.004663304417201,Undirected,strong
ONDANSETRON,TRANEXAMIC ACID,5.004663304417201,2.9775240267219227,8.41190686147207,105,83.80952380952381,5.004663304417201,Undirected,strong
ACETAMINOPHEN,RISPERIDONE,5.004380108991826,3.567132427025894,7.020715038648955,247,83.80566801619433,5.004380108991826,Undirected,strong
DICLOFENAC DIETHYLAMMONIUM,METHOTREXATE,5.000299940973715,3.578978824286111,6.986070811606161,253,83.79446640316206,5.000299940973715,Undirected,strong
FOLINIC ACID,ONIVYDE,4.995232110058129,3.0154762927940872,8.274760406169662,111,83.78378378378379,4.995232110058129,Undirected,moderate
NEBIVOLOL,PANTOPRAZOLE,4.989129518374604,3.250914036964591,7.656743016914147,154,83.76623376623377,4.989129518374604,Undirected,moderate
HYDROCORTISONE,PANTOPRAZOLE SODIUM,4.987732326435018,3.5238107490889337,7.059821179839707,234,83.76068376068376,4.987732326435018,Undirected,moderate
DIPYRONE,PREDNISOLONE,4.986798495992663,3.0509746233365203,8.150890226821708,117,83.76068376068376,4.986798495992663,Undirected,moderate
ALENDRONATE SODIUM,METHYLPREDNISOLONE SODIUM SUCCINATE,4.986798495992663,3.0509746233365203,8.150890226821708,117,83.76068376068376,4.986798495992663,Undirected,moderate
POSACONAZOLE,PREDNISONE,4.985846376385563,3.414345499884422,7.280652789753861,197,83.75634517766497,4.985846376385563,Undirected,moderate
ORENCIA,TOCILIZUMAB,4.981315218303677,3.430921120812894,7.232314713847079,203,83.74384236453201,4.981315218303677,Undirected,moderate
INFLIXIMAB,XELJANZ,4.980192456158382,3.549419224251089,6.987711322155817,246,83.73983739837398,4.980192456158382,Undirected,moderate
ADALIMUMAB,ENBREL,4.980192456158382,3.549419224251089,6.987711322155817,246,83.73983739837398,4.980192456158382,Undirected,moderate
FUROSEMIDE,VALACYCLOVIR HYDROCHLORIDE,4.9730375311257085,3.4622706412996247,7.143029776754144,215,83.72093023255815,4.9730375311257085,Undirected,moderate
FUROSEMIDE,MEROPENEM,4.972695717901158,3.3171992308364655,7.454391787193672,172,83.72093023255815,4.972695717901158,Undirected,moderate
CALCIUM CARBONATE,ONDANSETRON,4.972695717901158,3.3171992308364655,7.454391787193672,172,83.72093023255815,4.972695717901158,Undirected,moderate
CORTISONE ACETATE,PREDNISONE,4.971005282910621,3.671643395734696,6.73019976597718,307,83.71335504885994,4.971005282910621,Undirected,moderate
CIMZIA,TOCILIZUMAB,4.9661228002869295,3.14519362194379,7.841290118186072,135,83.7037037037037,4.9661228002869295,Undirected,moderate
PSEUDOEPHEDRINE HYDROCHLORIDE,RITUXIMAB,4.965664641929051,3.4914566599632453,7.062331782277928,227,83.70044052863436,4.965664641929051,Undirected,moderate
SULFAMETHOXAZOLE / TRIMETHOPRIM,VANCOMYCIN,4.96431061902622,3.606984397386223,6.832405468688714,276,83.69565217391305,4.96431061902622,Undirected,moderate
PANTOPRAZOLE,POLYETHYLENE GLYCOL,4.955355174312555,3.798688353108485,6.464216756158029,398,83.66834170854271,4.955355174312555,Undirected,moderate
DIAZEPAM,FUROSEMIDE,4.95522972107517,3.19966000173535,7.674034608461393,147,83.6734693877551,4.95522972107517,Undirected,moderate
ACETAMINOPHEN,REMICADE,4.950342666107583,3.5564781399910155,6.890494345045249,257,83.65758754863813,4.950342666107583,Undirected,moderate
GLUCOSAMINA,LISINOPRIL,4.947780307822054,2.9422602627357364,8.320314244297856,104,83.65384615384616,4.947780307822054,Undirected,moderate
ACETAMINOPHEN,ALENDRONIC ACID,4.947281191679632,3.6752515223455737,6.659569022891403,318,83.64779874213836,4.947281191679632,Undirected,moderate
ERELZI,REMICADE,4.945397725255185,3.442460910183219,7.104498583734817,214,83.64485981308411,4.945397725255185,Undirected,moderate
METHOTREXATE,TRAMADOL HYDROCHLORIDE,4.939517759050835,3.472545005234902,7.026211512074589,226,83.6283185840708,4.939517759050835,Undirected,moderate
ACYCLOVIR,VANCOMYCIN,4.934368845191235,3.732696881236844,6.522896628114653,360,83.61111111111111,4.934368845191235,Undirected,moderate
CORTISONE ACETATE,HYDROXYCHLOROQUINE SULFATE,4.931338275570341,3.334182741372991,7.293570591182131,183,83.60655737704919,4.931338275570341,Undirected,moderate
ARAVA,TOCILIZUMAB,4.93085917057959,3.0531654239380184,7.963332733124267,122,83.60655737704919,4.93085917057959,Undirected,moderate
CODEINE,LEFLUNOMIDE,4.93085917057959,3.0531654239380184,7.963332733124267,122,83.60655737704919,4.93085917057959,Undirected,moderate
ADALIMUMAB,PREGABALIN,4.93085917057959,3.0531654239380184,7.963332733124267,122,83.60655737704919,4.93085917057959,Undirected,moderate
DESOXIMETASONE,INFLIXIMAB,4.929505632029105,3.526936532102984,6.889839257106634,250,83.6,4.929505632029105,Undirected,moderate
FOLIC ACID,TOCILIZUMAB,4.925388332170239,3.3716717702750745,7.195080623372643,195,83.58974358974359,4.925388332170239,Undirected,moderate
CHOLECALCIFEROL,POTASSIUM CHLORIDE,4.9213060478240065,3.574925379587433,6.7747576927449575,274,83.57664233576642,4.9213060478240065,Undirected,moderate
FUROSEMIDE,MORPHINE,4.915502321520189,3.4384184385100416,7.027115374398842,219,83.56164383561644,4.915502321520189,Undirected,moderate
CHOLECALCIFEROL,KARDEGIC,4.913371001158018,3.4536337512464774,6.990091113832658,225,83.55555555555556,4.913371001158018,Undirected,moderate
CIMZIA,PHTHALYLSULFATHIAZOLE,4.911472271875226,3.6374378898522,6.631744818158082,310,83.54838709677419,4.911472271875226,Undirected,moderate
CHOLECALCIFEROL,POLYETHYLENE GLYCOL,4.901558904836956,3.707310291674849,6.480514930605548,358,83.5195530726257,4.901558904836956,Undirected,moderate
LINEZOLID,PIPERACILLIN SODIUM\TAZOBACTAM SODIUM,4.89337457071552,3.368518440802958,7.1085004016238855,200,83.5,4.89337457071552,Undirected,moderate
BISOPROLOL,OXAZEPAM,4.890897583068535,2.9069987183378756,8.228720232027753,103,83.49514563106796,4.890897583068535,Undirected,moderate
MIDODRINE HYDROCHLORIDE,OPSUMIT,4.890897583068535,2.9069987183378756,8.228720232027753,103,83.49514563106796,4.890897583068535,Undirected,moderate
HUMAN IMMUNOGLOBULIN G,VANCOMYCIN,4.890897583068535,2.9069987183378756,8.228720232027753,103,83.49514563106796,4.890897583068535,Undirected,moderate
MAGNESIUM OXIDE,TRAZODONE,4.885003752202934,2.98621485670797,7.9911402240305724,115,83.47826086956522,4.885003752202934,Undirected,moderate
GOLD,METHOTREXATE,4.885003752202934,2.98621485670797,7.9911402240305724,115,83.47826086956522,4.885003752202934,Undirected,moderate
CHOLECALCIFEROL,ENBREL,4.882505746906706,3.022049950692175,7.888308518235089,121,83.47107438016529,4.882505746906706,Undirected,moderate
GOLIMUMAB,SULFASALAZINE,4.880250010781624,3.055720406333023,7.794181731539736,127,83.46456692913385,4.880250010781624,Undirected,moderate
SILDENAFIL CITRATE,TREPROSTINIL,4.8763389453094925,3.117402235915086,7.627723248412332,139,83.45323741007195,4.8763389453094925,Undirected,moderate
LEFLUNOMIDE,VITAMIN D2,4.8763389453094925,3.117402235915086,7.627723248412332,139,83.45323741007195,4.8763389453094925,Undirected,moderate
SULFASALAZINE,TOFACITINIB,4.8763389453094925,3.117402235915086,7.627723248412332,139,83.45323741007195,4.8763389453094925,Undirected,moderate
ETORICOXIB,METHOTREXATE,4.874633582338031,3.145762277320452,7.553670769521125,145,83.44827586206897,4.874633582338031,Undirected,moderate
HUMIRA,HYDROCORTISONE,4.873068314609964,3.172664075373967,7.4848122066174065,151,83.44370860927152,4.873068314609964,Undirected,moderate
ALENDRONATE SODIUM,SIMPONI,4.871626977415877,3.1982320502287567,7.4205839458674205,157,83.43949044585987,4.871626977415877,Undirected,moderate
FOLIC ACID,FOSAMAX,4.869807323712101,3.664896228303965,6.470858079671965,344,83.43023255813954,4.869807323712101,Undirected,moderate
COSENTYX,ETORICOXIB,4.864061301749659,3.3477185802237104,7.067228555871494,199,83.41708542713567,4.864061301749659,Undirected,moderate
PHTHALYLSULFATHIAZOLE,PREDNISONE,4.853352736035238,3.6335630504787177,6.4826266816196805,331,83.38368580060424,4.853352736035238,Undirected,moderate
FOLIC ACID,PSEUDOEPHEDRINE HYDROCHLORIDE,4.835343976555908,3.523145546951595,6.636271780439371,276,83.33333333333334,4.835343976555908,Undirected,moderate
CIMZIA,HYDROXYCHLOROQUINE,4.835298138932313,3.510810608415812,6.65946150336834,270,83.33333333333334,4.835298138932313,Undirected,moderate
ARAVA,ERELZI,4.835206466971977,3.4850062403082847,6.708516417514219,258,83.33333333333334,4.835206466971977,Undirected,moderate
ENBREL,PANTOPRAZOLE SODIUM,4.834473249022588,3.1980629521805115,7.308214986693548,162,83.33333333333334,4.834473249022588,Undirected,moderate
METOCLOPRAMIDE,MORPHINE,4.834427432209283,3.172960232649364,7.365893955053672,156,83.33333333333334,4.834427432209283,Undirected,moderate
ADALIMUMAB,VITAMIN D3,4.834335801867292,3.118814988019385,7.493487986620709,144,83.33333333333334,4.834335801867292,Undirected,moderate
LISINOPRIL,TORSEMIDE,4.834289988338527,3.089526568110144,7.56438217187616,138,83.33333333333334,4.834289988338527,Undirected,moderate
ATOVAQUONE,TACROLIMUS,4.83424417590453,3.0585685624817702,7.640801987876366,132,83.33333333333334,4.83424417590453,Undirected,moderate
COSENTYX,RINVOQ,4.834198364565262,3.025770510949751,7.723478612603068,126,83.33333333333334,4.834198364565262,Undirected,moderate
CLINDAMYCIN,PIPERACILLIN SODIUM\TAZOBACTAM SODIUM,4.8340609371154395,2.9142095434863617,8.018690761608493,108,83.33333333333334,4.8340609371154395,Undirected,moderate
RITONAVIR,TACROLIMUS,4.834015130154695,2.871739459504369,8.137124766394205,102,83.33333333333334,4.834015130154695,Undirected,moderate
AZATHIOPRINE,ORENCIA,4.834015130154695,2.871739459504369,8.137124766394205,102,83.33333333333334,4.834015130154695,Undirected,moderate
ESCITALOPRAM OXALATE,OXYGEN,4.834015130154695,2.871739459504369,8.137124766394205,102,83.33333333333334,4.834015130154695,Undirected,moderate
ADEMPAS,SODIUM CHLORIDE,4.834015130154695,2.871739459504369,8.137124766394205,102,83.33333333333334,4.834015130154695,Undirected,moderate
BUMETANIDE,OXYGEN,4.819854342781369,3.652628054255173,6.360077057001518,359,83.28690807799443,4.819854342781369,Undirected,moderate
ELIQUIS,SODIUM CHLORIDE,4.81740556261504,3.5865391185939517,6.470693776738293,317,83.2807570977918,4.81740556261504,Undirected,moderate
ASCORBIC ACID,LEFLUNOMIDE,4.810882123770281,3.42543638519011,6.756682713150992,239,83.26359832635984,4.810882123770281,Undirected,moderate
ALENDRONATE SODIUM,FOLIC ACID,4.809643494087902,3.7338257727518487,6.1954338386745835,430,83.25581395348837,4.809643494087902,Undirected,moderate
DICLOFENAC SODIUM,PSEUDOEPHEDRINE HYDROCHLORIDE,4.808785219422811,3.3779928350881647,6.8456081511895075,221,83.2579185520362,4.808785219422811,Undirected,moderate
TEDUGLUTIDE,TPN,4.807200677662638,3.3434191037725003,6.911840136716694,209,83.25358851674642,4.807200677662638,Undirected,moderate
FOSAMAX,PSEUDOEPHEDRINE HYDROCHLORIDE,4.798650868441263,3.173550703893197,7.255926344250098,161,83.22981366459628,4.798650868441263,Undirected,moderate
CELEBREX,XELJANZ,4.7940382139932645,3.0918687755176095,7.43330460180354,143,83.21678321678321,4.7940382139932645,Undirected,moderate
BACTRIM,KARDEGIC,4.7940382139932645,3.0918687755176095,7.43330460180354,143,83.21678321678321,4.7940382139932645,Undirected,moderate
ACYCLOVIR,DOXORUBICIN,4.78669539591146,3.4077259623941414,6.723678214178505,238,83.19327731092437,4.78669539591146,Undirected,moderate
ALENDRONATE SODIUM,DICLOFENAC DIETHYLAMMONIUM,4.785799592819866,2.9598237986526996,7.738257173640049,119,83.19327731092437,4.785799592819866,Undirected,moderate
AMLODIPINE,PACLITAXEL,4.783209981378045,2.921462205923958,7.8313858312326445,113,83.1858407079646,4.783209981378045,Undirected,moderate
ACETAMINOPHEN,ISATUXIMAB,4.780337726292068,2.8804580166701017,7.93333165946588,107,83.17757009345794,4.780337726292068,Undirected,moderate
MIDODRINE HYDROCHLORIDE,SPIRONOLACTONE,4.780337726292068,2.8804580166701017,7.93333165946588,107,83.17757009345794,4.780337726292068,Undirected,moderate
DEXAMETHASONE,PIPERACILLIN SODIUM\TAZOBACTAM SODIUM,4.779561664489511,3.32361215241368,6.873307912316957,208,83.17307692307693,4.779561664489511,Undirected,moderate
FENTANYL,METHAMPHETAMINE,4.779240432568513,3.9952978020742105,5.71700540080877,855,83.15789473684211,4.779240432568513,Undirected,moderate
CELEBREX,CETIRIZINE HYDROCHLORIDE,4.777132949078585,2.8364825550777923,8.045527786630924,101,83.16831683168317,4.777132949078585,Undirected,moderate
IBUPROFEN,SULFAMETHOXAZOLE / TRIMETHOPRIM,4.777132949078585,2.8364825550777923,8.045527786630924,101,83.16831683168317,4.777132949078585,Undirected,moderate
ALLOPURINOL,FLUDARABINE,4.777132949078585,2.8364825550777923,8.045527786630924,101,83.16831683168317,4.777132949078585,Undirected,moderate
ELTROMBOPAG OLAMINE,PREDNISOLONE,4.777132949078585,2.8364825550777923,8.045527786630924,101,83.16831683168317,4.777132949078585,Undirected,moderate
LEVOFLOXACIN,PANTOPRAZOLE,4.77362720299898,3.4887958533607977,6.531627997453731,279,83.15412186379928,4.77362720299898,Undirected,moderate
ALPRAZOLAM,FENTANYL,4.77362720299898,3.4887958533607977,6.531627997453731,279,83.15412186379928,4.77362720299898,Undirected,moderate
LANSOPRAZOLE,TACROLIMUS,4.770126430216432,3.221695659050096,7.062773324454338,178,83.14606741573034,4.770126430216432,Undirected,moderate
ERELZI,HYDROXYCHLOROQUINE SULFATE,4.762508783670738,3.3900159036163715,6.690673601367171,237,83.12236286919831,4.762508783670738,Undirected,moderate
ACETAMINOPHEN,FILGRASTIM,4.759675541791719,3.5222472210320035,6.43183451969411,302,83.11258278145695,4.759675541791719,Undirected,moderate
OXYCODONE HYDROCHLORIDE,PANTOPRAZOLE,4.757008774948383,3.094422797024885,7.312876736395739,148,83.1081081081081,4.757008774948383,Undirected,moderate
BACTRIM,TACROLIMUS,4.751922783429302,3.3038056849607345,6.834775496169309,207,83.09178743961353,4.751922783429302,Undirected,moderate
FEBUXOSTAT,SPIRONOLACTONE,4.75019267728648,3.0337788117893023,7.437697957300258,136,83.08823529411765,4.75019267728648,Undirected,moderate
POLYETHYLENE GLYCOL,PREDNISONE,4.749440050385624,3.284553451384342,6.867655261539377,201,83.08457711442786,4.749440050385624,Undirected,moderate
BISOPROLOL,KARDEGIC,4.7492918746849515,3.446700318879933,6.544164338104801,266,83.0827067669173,4.7492918746849515,Undirected,moderate
ALLOPURINOL,DIPYRONE,4.746326143442845,3.0008250231076827,7.5071394321416385,130,83.07692307692308,4.746326143442845,Undirected,moderate
CITALOPRAM,RISPERIDONE,4.746326143442845,3.0008250231076827,7.5071394321416385,130,83.07692307692308,4.746326143442845,Undirected,moderate
AMLODIPINE,DIAZEPAM,4.744017667232273,3.2436639928626656,6.938358497222068,189,83.06878306878306,4.744017667232273,Undirected,moderate
OXYCODONE,QUETIAPINE,4.742095732396437,2.965875118222356,7.582069722709942,124,83.06451612903226,4.742095732396437,Undirected,moderate
ALBUTEROL / IPRATROPIUM,FUROSEMIDE,4.737446862402596,2.9287132006548156,7.663229970442377,118,83.05084745762711,4.737446862402596,Undirected,moderate
ACETAMINOPHEN,ACUPAN,4.732313460823057,2.88908866819355,7.751506881057342,112,83.03571428571429,4.732313460823057,Undirected,moderate
METOPROLOL SUCCINATE,TYVASO,4.732313460823057,2.88908866819355,7.751506881057342,112,83.03571428571429,4.732313460823057,Undirected,moderate
CHOLECALCIFEROL,VALSARTAN,4.730888312309031,3.1505962116489052,7.103831376674147,165,83.03030303030303,4.730888312309031,Undirected,moderate
CAPECITABINE,PANTOPRAZOLE,4.726614772211058,2.846708614509807,7.847971194175354,106,83.01886792452831,4.726614772211058,Undirected,moderate
HEPARIN,OXYGEN,4.726614772211058,2.846708614509807,7.847971194175354,106,83.01886792452831,4.726614772211058,Undirected,moderate
HYDROCORTISONE,TRAZODONE,4.720251039838258,2.8012280769249736,7.953929229337405,100,83.0,4.720251039838258,Undirected,moderate
GANCICLOVIR,PREDNISOLONE,4.720251039838258,2.8012280769249736,7.953929229337405,100,83.0,4.720251039838258,Undirected,moderate
ALENDRONATE / CHOLECALCIFEROL,PREDNISONE,4.720251039838258,2.8012280769249736,7.953929229337405,100,83.0,4.720251039838258,Undirected,moderate
FILGRASTIM,VINCRISTINE,4.71832263152235,3.068344388328951,7.2555637951906675,147,82.99319727891157,4.71832263152235,Undirected,moderate
FERROUS SULFATE,SODIUM CHLORIDE,4.7174970586015785,3.2437273416434165,6.86086595880136,194,82.9896907216495,4.7174970586015785,Undirected,moderate
ACETAMINOPHEN,DILTIAZEM,4.7174970586015785,3.2437273416434165,6.86086595880136,194,82.9896907216495,4.7174970586015785,Undirected,moderate
DICLOFENAC SODIUM,NAPROXEN,4.717128796673077,3.370827591772963,6.601139773125809,241,82.98755186721992,4.717128796673077,Undirected,moderate
PHTHALYLSULFATHIAZOLE,RITUXIMAB,4.716993888302737,3.4686854182730684,6.414542876985036,288,82.98611111111111,4.716993888302737,Undirected,moderate
DESOXIMETASONE,RITUXIMAB,4.709094874565414,3.574913531840567,6.203107946569274,358,82.9608938547486,4.709094874565414,Undirected,moderate
ALPRAZOLAM,RISPERIDONE,4.708144323202519,3.0059067749681465,7.374354771311564,135,82.96296296296296,4.708144323202519,Undirected,moderate
PREDNISOLONE,RINVOQ,4.708144323202519,3.0059067749681465,7.374354771311564,135,82.96296296296296,4.708144323202519,Undirected,moderate
DICLOFENAC,SULFASALAZINE,4.702400203778055,3.54468709136325,6.238228398317557,340,82.94117647058825,4.702400203778055,Undirected,moderate
DEXAMETHASONE,MEROPENEM,4.69754679061063,3.523275014559426,6.263191422408912,328,82.92682926829268,4.69754679061063,Undirected,moderate
CITALOPRAM,OLANZAPINE,4.6963450576394505,3.126798893351991,7.053749746204622,164,82.92682926829268,4.6963450576394505,Undirected,moderate
ACETAMINOPHEN,CALCIUM GLUCONATE,4.696044746440818,2.9359296916889512,7.511363886881119,123,82.92682926829268,4.696044746440818,Undirected,moderate
EDOXABAN TOSYLATE,FUROSEMIDE,4.689094363067218,2.897604311066748,7.588201695370222,117,82.90598290598291,4.689094363067218,Undirected,moderate
PREDNISOLONE,ZOPICLONE,4.681417183504047,2.8567170562674544,7.671626700980202,111,82.88288288288288,4.681417183504047,Undirected,moderate
KARDEGIC,METFORMIN HYDROCHLORIDE,4.6796366729913546,3.042267021596165,7.19825026394823,146,82.87671232876713,4.6796366729913546,Undirected,moderate
CELEBREX,DICLOFENAC POTASSIUM,4.672892074870569,2.812961398551488,7.762609310825384,105,82.85714285714286,4.672892074870569,Undirected,moderate
AMIODARONE,FOLIC ACID,4.66609617007801,2.9780360015853256,7.311010832920201,134,82.83582089552239,4.66609617007801,Undirected,moderate
IRBESARTAN,METFORMIN HYDROCHLORIDE,4.66609617007801,2.9780360015853256,7.311010832920201,134,82.83582089552239,4.66609617007801,Undirected,moderate
POTASSIUM CHLORIDE,RAMIPRIL,4.66609617007801,2.9780360015853256,7.311010832920201,134,82.83582089552239,4.66609617007801,Undirected,moderate
DELFLEX WITH DEXTROSE 25% LOW MAGNESIUM LOW CALCIUM,DELFLEX WITH DEXTROSE 425% LOW MAGNESIUM LOW CALCIUM,4.663287255034751,3.3825946749916236,6.428866036993745,262,82.82442748091603,4.663287255034751,Undirected,moderate
APIXABAN,LORAZEPAM,4.661801968070071,3.103002393631908,7.0036676845954045,163,82.82208588957054,4.661801968070071,Undirected,moderate
CIMZIA,RITUXIMAB,4.659799475914813,3.4851813752962557,6.2303016163370275,320,82.8125,4.659799475914813,Undirected,moderate
TADALAFIL,TYVASO,4.658408951335034,2.9430869631086316,7.373473577198331,128,82.8125,4.658408951335034,Undirected,moderate
OLANZAPINE,ZOPICLONE,4.6564990049871495,3.47334286723456,6.2426842993217315,314,82.80254777070064,4.6564990049871495,Undirected,moderate
FOLIC ACID,KORTISON,4.653334285297766,3.1796680490632445,6.809993885087147,186,82.79569892473118,4.653334285297766,Undirected,moderate
CARBOPLATIN,PANTOPRAZOLE,4.653075719041606,3.461186928973009,6.255401424839772,308,82.79220779220779,4.653075719041606,Undirected,moderate
BISOPROLOL FUMARATE,SIMVASTATIN,4.649993980568958,2.905985827712634,7.440657078615917,122,82.78688524590164,4.649993980568958,Undirected,moderate
DILTIAZEM HYDROCHLORIDE,FUROSEMIDE,4.649993980568958,2.905985827712634,7.440657078615917,122,82.78688524590164,4.649993980568958,Undirected,moderate
CHOLECALCIFEROL,XELJANZ,4.649993980568958,2.905985827712634,7.440657078615917,122,82.78688524590164,4.649993980568958,Undirected,moderate
CIMZIA,SULFASALAZINE,4.642413202039689,3.5150512210198745,6.131347449389142,348,82.75862068965517,4.642413202039689,Undirected,moderate
AMITRIPTYLINE,DIAZEPAM,4.641159727848238,3.131718145402248,6.878129710052058,174,82.75862068965517,4.641159727848238,Undirected,moderate
CYCLOPHOSPHAMIDE,LORAZEPAM,4.640950899354071,3.016190717687925,7.140936123139371,145,82.75862068965517,4.640950899354071,Undirected,moderate
HYDROCORTISONE ACETATE,PREDNISONE,4.640742094812075,2.8664971741917977,7.513172308161417,116,82.75862068965517,4.640742094812075,Undirected,moderate
CALCIUM,CELECOXIB,4.640742094812075,2.8664971741917977,7.513172308161417,116,82.75862068965517,4.640742094812075,Undirected,moderate
ASPIRIN,MEROPENEM,4.640742094812075,2.8664971741917977,7.513172308161417,116,82.75862068965517,4.640742094812075,Undirected,moderate
OXYCODONE HYDROCHLORIDE,PREDNISONE,4.637346766805675,3.3510770261146896,6.417335342642478,255,82.74509803921568,4.637346766805675,Undirected,moderate
CETIRIZINE HYDROCHLORIDE,PSEUDOEPHEDRINE HYDROCHLORIDE,4.637346766805675,3.3510770261146896,6.417335342642478,255,82.74509803921568,4.637346766805675,Undirected,moderate
LORAZEPAM,RITUXIMAB,4.63657455753297,3.283528243914204,6.547171831826576,226,82.7433628318584,4.63657455753297,Undirected,moderate
PANTOPRAZOLE SODIUM,REMICADE,4.632849788436662,2.984095143243552,7.192564624091767,139,82.73381294964028,4.632849788436662,Undirected,moderate
OXYCODONE HYDROCHLORIDE,POTASSIUM CHLORIDE,4.630521149419274,2.824347423195945,7.591745243209635,110,82.72727272727273,4.630521149419274,Undirected,moderate
FILGRASTIM,METHYLPREDNISOLONE,4.624048217911514,2.9501665196645863,7.247666116149135,133,82.70676691729322,4.624048217911514,Undirected,moderate
AMBRISENTAN,SILDENAFIL CITRATE,4.619541533704962,3.051002419143791,6.994476257286588,156,82.6923076923077,4.619541533704962,Undirected,moderate
CEFTRIAXONE,OMEPRAZOLE,4.619169634268762,2.7792164329467486,7.677245952208084,104,82.6923076923077,4.619169634268762,Undirected,moderate
CERTOLIZUMAB PEGOL,DICLOFENAC,4.619169634268762,2.7792164329467486,7.677245952208084,104,82.6923076923077,4.619169634268762,Undirected,moderate
CLONAZEPAM,ZOLPIDEM,4.613730359788866,3.2047808289547763,6.642110324836157,202,82.67326732673267,4.613730359788866,Undirected,moderate
DEXAMETHASONE,RAMIPRIL,4.605852990434625,3.2464425124449,6.534500977046218,219,82.64840182648402,4.605852990434625,Undirected,moderate
DICLOFENAC,LORAZEPAM,4.603943434779279,2.876043564980822,7.369949262499637,121,82.64462809917356,4.603943434779279,Undirected,moderate
FILGRASTIM,MEROPENEM,4.603943434779279,2.876043564980822,7.369949262499637,121,82.64462809917356,4.603943434779279,Undirected,moderate
CEFTRIAXONE,RITUXIMAB,4.602265310609174,2.99011549810462,7.083621352640962,144,82.63888888888889,4.602265310609174,Undirected,moderate
ATOVAQUONE,PREDNISONE,4.601095127894711,3.082952988858924,6.8668177725836825,167,82.63473053892216,4.601095127894711,Undirected,moderate
METHOTREXATE,TRIAMCINOLONE ACETONIDE,4.6002481860403135,3.160544484883425,6.6957714009039675,190,82.63157894736842,4.6002481860403135,Undirected,moderate
CORTISONE ACETATE,HUMIRA,4.599619654979098,3.2267317124289527,6.556634655734761,213,82.62910798122066,4.599619654979098,Undirected,moderate
MEROPENEM,METRONIDAZOLE,4.598784869535611,3.334518595757326,6.342391463396956,259,82.62548262548263,4.598784869535611,Undirected,moderate
ACTEMRA,DICLOFENAC SODIUM,4.593695319596501,3.4062266667180365,6.195135777506848,299,82.6086956521739,4.593695319596501,Undirected,moderate
COSENTYX,STELARA,4.593368915191525,3.3184077946529302,6.358181181060812,253,82.6086956521739,4.593368915191525,Undirected,moderate
CLONAZEPAM,HALOPERIDOL,4.592716284227179,3.0554119077386943,6.903502213230698,161,82.6086956521739,4.592716284227179,Undirected,moderate
RISEDRONATE SODIUM,SULFASALAZINE,4.592553163525484,2.957154658331612,7.132377909414961,138,82.6086956521739,4.592553163525484,Undirected,moderate
CIMZIA,COSENTYX,4.5848167192079075,3.4185286421682264,6.149003430726246,310,82.58064516129032,4.5848167192079075,Undirected,moderate
MICAFUNGIN,VORICONAZOLE,4.579625358566992,2.791979824174452,7.511862458043101,109,82.56880733944955,4.579625358566992,Undirected,moderate
ENBREL,ERELZI,4.5689114000348034,3.4416431267196046,6.06540266168297,332,82.53012048192771,4.5689114000348034,Undirected,moderate
PREDNISONE,REMODULIN,4.563579906755339,2.964041385010344,7.026305931713026,143,82.51748251748252,4.563579906755339,Undirected,moderate
LEVETIRACETAM,ONDANSETRON,4.558173689951301,3.031617951471241,6.853418775172914,160,82.5,4.558173689951301,Undirected,moderate
ATORVASTATIN,PEMBROLIZUMAB,4.5578931090702035,2.8461029436032055,7.299240401827833,120,82.5,4.5578931090702035,Undirected,moderate
ASCORBIC ACID,QUETIAPINE FUMARATE,4.5578931090702035,2.8461029436032055,7.299240401827833,120,82.5,4.5578931090702035,Undirected,moderate
FENTANYL,HYDROMORPHONE HYDROCHLORIDE,4.5578931090702035,2.8461029436032055,7.299240401827833,120,82.5,4.5578931090702035,Undirected,moderate
DICLOFENAC,ORENCIA,4.550285600454026,3.142542060302926,6.588646595140045,194,82.4742268041237,4.550285600454026,Undirected,moderate
OPSUMIT,REMODULIN,4.549046637848064,3.64099180428778,5.683568221424416,536,82.46268656716418,4.549046637848064,Undirected,moderate
MUCINEX,OXYGEN,4.547898998267014,3.0019894506969576,6.889892732180037,154,82.46753246753246,4.547898998267014,Undirected,moderate
LORAZEPAM,OXYCODONE HYDROCHLORIDE,4.544038251535868,2.804288344366592,7.363110028574828,114,82.45614035087719,4.544038251535868,Undirected,moderate
ATORVASTATIN,PEMETREXED,4.544038251535868,2.804288344366592,7.363110028574828,114,82.45614035087719,4.544038251535868,Undirected,moderate
LISINOPRIL,MYCOPHENOLATE MOFETIL,4.544038251535868,2.804288344366592,7.363110028574828,114,82.45614035087719,4.544038251535868,Undirected,moderate
MYCOPHENOLATE MOFETIL,PIPERACILLIN SODIUM\TAZOBACTAM SODIUM,4.539952916446797,2.894431547026302,7.120974239217856,131,82.44274809160305,4.539952916446797,Undirected,moderate
ONDANSETRON,POLYETHYLENE GLYCOL,4.537408959299385,3.4921766169229356,5.895486489475186,387,82.42894056847545,4.537408959299385,Undirected,moderate
LINEZOLID,VANCOMYCIN,4.535700229564806,3.250582095485285,6.32889001666728,239,82.42677824267783,4.535700229564806,Undirected,moderate
COSENTYX,FOLIC ACID,4.529539852020188,3.583661072416896,5.725075797193665,483,82.40165631469979,4.529539852020188,Undirected,moderate
MIDODRINE HYDROCHLORIDE,REMODULIN,4.528729810945459,2.759614316653344,7.431978293770543,108,82.4074074074074,4.528729810945459,Undirected,moderate
ASCORBIC ACID,CODEINE,4.528729810945459,2.759614316653344,7.431978293770543,108,82.4074074074074,4.528729810945459,Undirected,moderate
OXYCODONE HYDROCHLORIDE,OXYGEN,4.528729810945459,2.759614316653344,7.431978293770543,108,82.4074074074074,4.528729810945459,Undirected,moderate
PREGABALIN,RITUXIMAB,4.528357057850864,3.232088279460207,6.344510381632416,233,82.40343347639485,4.528357057850864,Undirected,moderate
DICLOFENAC SODIUM,ORENCIA,4.525880488486996,3.334805689473593,6.142365134113906,284,82.3943661971831,4.525880488486996,Undirected,moderate
TRAMADOL HYDROCHLORIDE,XELJANZ,4.52489468779124,2.937968401258749,6.968989838974842,142,82.3943661971831,4.52489468779124,Undirected,moderate
RISPERIDONE,ZOPICLONE,4.523631260770888,3.0078248736197586,6.803334849344865,159,82.38993710691824,4.523631260770888,Undirected,moderate
BISOPROLOL FUMARATE,POTASSIUM CHLORIDE,4.522635117581332,3.0686423737578767,6.665562784930049,176,82.38636363636364,4.522635117581332,Undirected,moderate
BACTRIM,FILGRASTIM,4.52183550870232,3.1222569557133752,6.548787193938504,193,82.38341968911918,4.52183550870232,Undirected,moderate
CLONAZEPAM,FENTANYL,4.521184630404207,3.17001635360132,6.4482665646128146,210,82.38095238095238,4.521184630404207,Undirected,moderate
FOLIC ACID,PHTHALYLSULFATHIAZOLE,4.5192602811966305,3.349600122304339,6.097358712523292,295,82.37288135593221,4.5192602811966305,Undirected,moderate
ACETAMINOPHEN,SULFAMETHOXAZOLE / TRIMETHOPRIM,4.513336389125463,3.7202796556068,5.475450032554494,708,82.34463276836158,4.513336389125463,Undirected,moderate
CORTISONE ACETATE,METHOTREXATE,4.513135804239824,3.3637178687203813,6.055321992643798,306,82.35294117647058,4.513135804239824,Undirected,moderate
CALCIUM CARBONATE,METHOTREXATE,4.512783127816937,3.270421510766896,6.227090756241292,255,82.35294117647058,4.512783127816937,Undirected,moderate
ASPIRIN,INSULIN ASPART,4.512195491105604,3.0417521992386085,6.69348021020585,170,82.35294117647058,4.512195491105604,Undirected,moderate
FENTANYL,TRAZODONE,4.5119604914670335,2.903277373306304,7.012002250882294,136,82.35294117647058,4.5119604914670335,Undirected,moderate
FOLIC ACID,MYRBETRIQ,4.511843003440154,2.816164005177854,7.228530458547015,119,82.35294117647058,4.511843003440154,Undirected,moderate
DESOXIMETASONE,LEFLUNOMIDE,4.5034457336913,3.437615624791202,5.899735656901495,362,82.32044198895028,4.5034457336913,Undirected,moderate
DEXAMETHASONE,SUFENTANIL,4.501039051321175,3.013584048088146,6.722677124061299,164,82.3170731707317,4.501039051321175,Undirected,moderate
ACETAMINOPHEN,FLUDARABINE,4.499639525902113,2.94555651970175,6.873660623259967,147,82.31292517006803,4.499639525902113,Undirected,moderate
DAPAGLIFLOZIN,IRBESARTAN,4.499639525902113,2.94555651970175,6.873660623259967,147,82.31292517006803,4.499639525902113,Undirected,moderate
CLONIDINE,OXYGEN,4.497905567145695,2.8665661171988295,7.057627022651707,130,82.3076923076923,4.497905567145695,Undirected,moderate
APREMILAST,HYDROXYCHLOROQUINE,4.495686676511491,2.7731867488468405,7.2880770477384,113,82.30088495575221,4.495686676511491,Undirected,moderate
CANDESARTAN,SULFASALAZINE,4.493385552935891,3.101972434279942,6.5089275147023615,192,82.29166666666666,4.493385552935891,Undirected,moderate
SIMPONI,XELJANZ,4.492635727692546,3.414382771378143,5.911398086627757,350,82.28571428571428,4.492635727692546,Undirected,moderate
DELFLEX WITH DEXTROSE 15% LOW MAGNESIUM LOW CALCIUM,DELFLEX WITH DEXTROSE 425% LOW MAGNESIUM LOW CALCIUM,4.489631050033735,3.21660062163397,6.266487306461989,237,82.27848101265823,4.489631050033735,Undirected,moderate
RISPERIDONE,TRAZODONE,4.4871762976419545,3.3055215540516443,6.091247870231004,282,82.26950354609929,4.4871762976419545,Undirected,moderate
LOPERAMIDE,POTASSIUM CHLORIDE,4.485560096447482,3.1288895563011083,6.430476057655285,203,82.26600985221675,4.485560096447482,Undirected,moderate
CARBOPLATIN,LANSOPRAZOLE,4.483001555149134,3.0773712081812983,6.530672312147516,186,82.25806451612904,4.483001555149134,Undirected,moderate
ALLOPURINOL,METOCLOPRAMIDE,4.483001555149134,3.0773712081812983,6.530672312147516,186,82.25806451612904,4.483001555149134,Undirected,moderate
FOLIC ACID,TRIAMCINOLONE ACETONIDE,4.479954817165654,3.0192626105128375,6.647316829600575,169,82.24852071005917,4.479954817165654,Undirected,moderate
CARBOPLATIN,RAMIPRIL,4.476257147646664,2.952980314419153,6.785307018140103,152,82.23684210526315,4.476257147646664,Undirected,moderate
ALENDRONATE SODIUM,PANTOPRAZOLE SODIUM,4.471971422357859,3.051693259131511,6.553256406928918,180,82.22222222222221,4.471971422357859,Undirected,moderate
INSULIN GLARGINE,LT4,4.471664444316998,2.8763406270803897,6.951813256855268,135,82.22222222222221,4.471664444316998,Undirected,moderate
ALIMTA,KEYTRUDA,4.467687344609295,2.9904627226230645,6.674629333507982,163,82.20858895705521,4.467687344609295,Undirected,moderate
CEFTRIAXONE,CYCLOPHOSPHAMIDE,4.465793117887553,2.786226792861043,7.157819393191967,118,82.20338983050848,4.465793117887553,Undirected,moderate
DICLOFENAC SODIUM,ZOPICLONE,4.465793117887553,2.786226792861043,7.157819393191967,118,82.20338983050848,4.465793117887553,Undirected,moderate
PULMOZYME,TOBRAMYCIN,4.465793117887553,2.786226792861043,7.157819393191967,118,82.20338983050848,4.465793117887553,Undirected,moderate
CEFTRIAXONE,METHYLPREDNISOLONE,4.461437883075661,3.220408018538944,6.180716191848573,247,82.18623481781377,4.461437883075661,Undirected,moderate
METHYLPREDNISOLONE SODIUM SUCCINATE,RAMIPRIL,4.4558584187968435,2.838702100698843,6.9942789148163165,129,82.17054263565892,4.4558584187968435,Undirected,moderate
LOXAPINE,RISPERIDONE,4.4558584187968435,2.838702100698843,6.9942789148163165,129,82.17054263565892,4.4558584187968435,Undirected,moderate
HYDROMORPHONE,LIDOCAINE,4.4558584187968435,2.838702100698843,6.9942789148163165,129,82.17054263565892,4.4558584187968435,Undirected,moderate
DICLOFENAC,PSEUDOEPHEDRINE HYDROCHLORIDE,4.4545468976917295,2.9602414176715013,6.703165473356333,157,82.16560509554141,4.4545468976917295,Undirected,moderate
DICLOFENAC DIETHYLAMMONIUM,SULFASALAZINE,4.4545468976917295,2.9602414176715013,6.703165473356333,157,82.16560509554141,4.4545468976917295,Undirected,moderate
HYDROXYCHLOROQUINE SULFATE,PHTHALYLSULFATHIAZOLE,4.453108922608137,3.135522049339875,6.324362822065649,213,82.15962441314554,4.453108922608137,Undirected,moderate
DEVICE,ELIGARD,4.447335332560724,2.7420871010806915,7.213042777688544,112,82.14285714285714,4.447335332560724,Undirected,moderate
ASCORBIC ACID,ATIVAN,4.447335332560724,2.7420871010806915,7.213042777688544,112,82.14285714285714,4.447335332560724,Undirected,moderate
SIMVASTATIN,SODIUM CHLORIDE,4.447335332560724,2.7420871010806915,7.213042777688544,112,82.14285714285714,4.447335332560724,Undirected,moderate
ACETAMINOPHEN,DILAUDID,4.447335332560724,2.7420871010806915,7.213042777688544,112,82.14285714285714,4.447335332560724,Undirected,moderate
FAMOTIDINE,LEVETIRACETAM,4.438619647534641,2.798767525013466,7.03929290282363,123,82.11382113821138,4.438619647534641,Undirected,moderate
FLUDARABINE,VANCOMYCIN,4.438619647534641,2.798767525013466,7.03929290282363,123,82.11382113821138,4.438619647534641,Undirected,moderate
METHOTRIMEPRAZINE,OLANZAPINE,4.438619647534641,2.798767525013466,7.03929290282363,123,82.11382113821138,4.438619647534641,Undirected,moderate
AZITHROMYCIN,MEROPENEM,4.436486049354964,3.0614051748026667,6.4292072895545145,190,82.10526315789474,4.436486049354964,Undirected,moderate
DICLOFENAC SODIUM,PREDNISONE,4.434719812877293,3.5258480759625614,5.5778749948995925,497,82.09255533199196,4.434719812877293,Undirected,moderate
IRBESARTAN,PERPRAZOLE,4.429031602796683,3.0029660869655608,6.532315174559187,173,82.08092485549133,4.429031602796683,Undirected,moderate
LINEZOLID,PIPERACILLIN / TAZOBACTAM,4.426939445387663,2.6948898178952505,7.272205610407996,106,82.0754716981132,4.426939445387663,Undirected,moderate
ACETAMINOPHEN,ENBREL,4.42621848486091,3.278822337262438,5.975136210668164,290,82.06896551724138,4.42621848486091,Undirected,moderate
CALCIUM CARBONATE,HYDROCORTISONE,4.424379080309737,3.0357883422406897,6.4481208962790175,184,82.06521739130434,4.424379080309737,Undirected,moderate
ACETAMINOPHEN,VINCRISTINE,4.420004963790616,2.936451072972926,6.653079991608568,156,82.05128205128204,4.420004963790616,Undirected,moderate
METRONIDAZOLE,POTASSIUM CHLORIDE,4.413811471398801,2.810839530648694,6.9309298850495376,128,82.03125,4.413811471398801,Undirected,moderate
CIMZIA,DICLOFENAC,4.408036501538517,3.041122454216807,6.389346726881479,189,82.01058201058201,4.408036501538517,Undirected,moderate
ADALIMUMAB,SIMPONI,4.404949589822314,3.070867040986178,6.318600131461409,200,82.0,4.404949589822314,Undirected,moderate
METFORMIN HYDROCHLORIDE,PERINDOPRIL,4.404615981834094,2.903975158938355,6.6807189750620575,150,82.0,4.404615981834094,Undirected,moderate
POSACONAZOLE,SULFAMETHOXAZOLE / TRIMETHOPRIM,4.404615981834094,2.903975158938355,6.6807189750620575,150,82.0,4.404615981834094,Undirected,moderate
ERELZI,TYLENOL,4.404282439211532,2.644260456372048,7.33577653351173,100,82.0,4.404282439211532,Undirected,moderate
QUETIAPINE FUMARATE,REMICADE,4.404282439211532,2.644260456372048,7.33577653351173,100,82.0,4.404282439211532,Undirected,moderate
TACROLIMUS,VANCOMYCIN,4.403070130181604,3.210860886633122,6.037952828167059,261,81.99233716475096,4.403070130181604,Undirected,moderate
POSACONAZOLE,VANCOMYCIN,4.398984219681909,2.7109894547344817,7.13800716974966,111,81.98198198198197,4.398984219681909,Undirected,moderate
DIVALPROEX SODIUM,TRAZODONE,4.398984219681909,2.7109894547344817,7.13800716974966,111,81.98198198198197,4.398984219681909,Undirected,moderate
CEFEPIME,PIPERACILLIN SODIUM\TAZOBACTAM SODIUM,4.398984219681909,2.7109894547344817,7.13800716974966,111,81.98198198198197,4.398984219681909,Undirected,moderate
ATOVAQUONE,VALACYCLOVIR HYDROCHLORIDE,4.397830729459368,2.981075474307303,6.487898509000773,172,81.97674418604652,4.397830729459368,Undirected,moderate
FERROUS SULFATE,OXYGEN,4.397494012280005,3.1486422249307697,6.141680193107263,233,81.97424892703863,4.397494012280005,Undirected,moderate
AMIODARONE,CLOPIDOGREL,4.3946624170143656,2.769908334283065,6.972453752523672,122,81.9672131147541,4.3946624170143656,Undirected,moderate
ACETAMINOPHEN,IMODIUM,4.3910729277684055,2.82247106865078,6.83143280763466,133,81.95488721804512,4.3910729277684055,Undirected,moderate
RAMIPRIL,SULFASALAZINE,4.390417439525767,3.2323158501957017,5.963453507219888,277,81.94945848375451,4.390417439525767,Undirected,moderate
METHYLPREDNISOLONE,PROPOFOL,4.3880467572545125,2.869773824446032,6.709572085378099,144,81.94444444444444,4.3880467572545125,Undirected,moderate
OLANZAPINE,TRAZODONE,4.385372631476213,3.2999775409564527,5.8277648493712535,321,81.93146417445483,4.385372631476213,Undirected,moderate
ALBUTEROL SULFATE,BUMETANIDE,4.381291941296523,2.9877149506049463,6.424883026736921,177,81.92090395480226,4.381291941296523,Undirected,moderate
CETIRIZINE,TOPIRAMATE,4.376044627447913,2.6625309539201227,7.192316976905368,105,81.9047619047619,4.376044627447913,Undirected,moderate
OXAZEPAM,SERTRALINE,4.373694007008384,2.7263577274163326,7.016393730938999,116,81.89655172413794,4.373694007008384,Undirected,moderate
HYDROXYCHLOROQUINE SULFATE,METHYLPREDNISOLONE SODIUM SUCCINATE,4.373694007008384,2.7263577274163326,7.016393730938999,116,81.89655172413794,4.373694007008384,Undirected,moderate
IBUPROFEN,VANCOMYCIN,4.373694007008384,2.7263577274163326,7.016393730938999,116,81.89655172413794,4.373694007008384,Undirected,moderate
PHTHALYLSULFATHIAZOLE,REMICADE,4.3734859638769406,3.155081708258648,6.0624038439832955,243,81.89300411522635,4.3734859638769406,Undirected,moderate
LOPERAMIDE,PANTOPRAZOLE,4.370394474583053,3.236358639417651,5.901801991544112,287,81.8815331010453,4.370394474583053,Undirected,moderate
CEFEPIME,VANCOMYCIN,4.368628201729842,3.4978986164337567,5.456107925851527,524,81.87022900763358,4.368628201729842,Undirected,moderate
CHOLECALCIFEROL,HUMIRA,4.367633180895548,2.921103918685183,6.5304830413038335,160,81.875,4.367633180895548,Undirected,moderate
ASPIRIN,ESCITALOPRAM OXALATE,4.366630005249056,2.95918562371519,6.443481426083239,171,81.87134502923976,4.366630005249056,Undirected,moderate
CANDESARTAN,OXYCODONE,4.364317955448876,3.056598926258689,6.231524539455207,204,81.86274509803921,4.364317955448876,Undirected,moderate
FOLIC ACID,MYCOPHENOLATE MOFETIL,4.359288394430446,3.3707992666519098,5.637652616642268,391,81.84143222506394,4.359288394430446,Undirected,moderate
ORENCIA,PSEUDOEPHEDRINE HYDROCHLORIDE,4.351354064344048,3.089004683672459,6.129573805233878,220,81.81818181818183,4.351354064344048,Undirected,moderate
FUROSEMIDE,GLIMEPIRIDE,4.351137813848779,3.000558876549837,6.309624657948378,187,81.81818181818183,4.351137813848779,Undirected,moderate
LEFLUNOMIDE,TRAMADOL HYDROCHLORIDE,4.350849523263316,2.844515169111739,6.654874538774876,143,81.81818181818183,4.350849523263316,Undirected,moderate
LETAIRIS,OXYGEN,4.35063333787339,2.6798938656359894,7.062970173306986,110,81.81818181818183,4.35063333787339,Undirected,moderate
CETIRIZINE HYDROCHLORIDE,FOLIC ACID,4.346856362854208,3.4165171816287243,5.530532772054844,445,81.79775280898876,4.346856362854208,Undirected,moderate
CYCLOPHOSPHAMIDE,MEROPENEM,4.3418055517411895,3.1856123419493323,5.9176300897915235,269,81.78438661710037,4.3418055517411895,Undirected,moderate
OLANZAPINE,VENLAFAXINE HYDROCHLORIDE,4.334282111794455,2.897986093834305,6.48243325411054,159,81.76100628930818,4.334282111794455,Undirected,moderate
CETIRIZINE HYDROCHLORIDE,QUETIAPINE FUMARATE,4.331471366270386,2.80762127431204,6.68239850170585,137,81.75182481751825,4.331471366270386,Undirected,moderate
KETAMINE,MORPHINE,4.331471366270386,2.80762127431204,6.68239850170585,137,81.75182481751825,4.331471366270386,Undirected,moderate
FUROSEMIDE,RISPERIDONE,4.329718179449383,2.755118868216507,6.8042289317229265,126,81.74603174603175,4.329718179449383,Undirected,moderate
ASPIRIN,PEMBROLIZUMAB,4.329718179449383,2.755118868216507,6.8042289317229265,126,81.74603174603175,4.329718179449383,Undirected,moderate
AMBRISENTAN,OMEPRAZOLE,4.327644781678661,2.6964259690778754,6.945679047437497,115,81.73913043478261,4.327644781678661,Undirected,moderate
DIAZEPAM,TRIMEPRAZINE,4.327644781678661,2.6964259690778754,6.945679047437497,115,81.73913043478261,4.327644781678661,Undirected,moderate
LT4,SODIUM BICARBONATE,4.325150052731937,2.6301744362411235,7.112426735232744,104,81.73076923076923,4.325150052731937,Undirected,moderate
ASCORBIC ACID,HYDROCORTISONE,4.324340239107725,3.012849443746419,6.20672186005859,197,81.7258883248731,4.324340239107725,Undirected,moderate
MEROPENEM,VANCOMYCIN,4.314901764138079,3.680300731487565,5.058928221508796,1015,81.67487684729065,4.314901764138079,Undirected,moderate
AMPHOTERICIN B,MICAFUNGIN,4.313652467048999,2.819257674323062,6.600176271913784,142,81.69014084507043,4.313652467048999,Undirected,moderate
APIXABAN,POLYETHYLENE GLYCOL,4.313652467048999,2.819257674323062,6.600176271913784,142,81.69014084507043,4.313652467048999,Undirected,moderate
METHYLPREDNISOLONE,PIPERACILLIN SODIUM\TAZOBACTAM SODIUM,4.312030063532136,3.0187972489504844,6.1592752793415375,202,81.68316831683168,4.312030063532136,Undirected,moderate
FOLIC ACID,TACROLIMUS,4.312030063532136,3.0187972489504844,6.1592752793415375,202,81.68316831683168,4.312030063532136,Undirected,moderate
LISINOPRIL,QUETIAPINE,4.310482181545912,2.7686069553622668,6.711048891009383,131,81.67938931297711,4.310482181545912,Undirected,moderate
ASPIRIN,DENOSUMAB,4.310482181545912,2.7686069553622668,6.711048891009383,131,81.67938931297711,4.310482181545912,Undirected,moderate
ACETAMINOPHEN,PEMBROLIZUMAB,4.309718653049812,2.986973540318809,6.218225443826011,191,81.67539267015707,4.309718653049812,Undirected,moderate
PREGABALIN,QUETIAPINE FUMARATE,4.307135811803148,2.952630546036061,6.283013947079376,180,81.66666666666667,4.307135811803148,Undirected,moderate
DESOXIMETASONE,KORTISON,4.30422900420516,2.915408260435264,6.3546459588733555,169,81.65680473372781,4.30422900420516,Undirected,moderate
HALOPERIDOL,VALPROIC ACID,4.30422900420516,2.915408260435264,6.3546459588733555,169,81.65680473372781,4.30422900420516,Undirected,moderate
FENTANYL,KETAMINE,4.30231402500312,3.1558210177576145,5.865321849871847,267,81.64794007490637,4.30231402500312,Undirected,moderate
DAPTOMYCIN,LINEZOLID,4.302282687133511,2.648800391884607,6.987931735708946,109,81.65137614678899,4.302282687133511,Undirected,moderate
FOLIC ACID,HYDROCORTISONE,4.301719053223177,3.3997152223068685,5.443040255679688,463,81.6414686825054,4.301719053223177,Undirected,moderate
HYDROXYZINE,QUETIAPINE,4.300931202093202,2.8748691844719554,6.43438292950937,158,81.64556962025317,4.300931202093202,Undirected,moderate
DEXAMETHASONE,VORICONAZOLE,4.297155517108345,2.8304752369333164,6.523832216324638,147,81.63265306122449,4.297155517108345,Undirected,moderate
OXYGEN,SERTRALINE HYDROCHLORIDE,4.297155517108345,2.8304752369333164,6.523832216324638,147,81.63265306122449,4.297155517108345,Undirected,moderate
FAMOTIDINE,FLUCONAZOLE,4.294239670076751,2.9599978463555785,6.229901270626015,185,81.62162162162161,4.294239670076751,Undirected,moderate
(-)-ARTERENOL,MEROPENEM,4.292787256616867,2.781555588740303,6.625077889929123,136,81.61764705882352,4.292787256616867,Undirected,moderate
AMLODIPINE,LENVIMA,4.292787256616867,2.781555588740303,6.625077889929123,136,81.61764705882352,4.292787256616867,Undirected,moderate
PANTOPRAZOLE SODIUM,REMODULIN,4.292787256616867,2.781555588740303,6.625077889929123,136,81.61764705882352,4.292787256616867,Undirected,moderate
CODEINE,ORENCIA,4.292787256616867,2.781555588740303,6.625077889929123,136,81.61764705882352,4.292787256616867,Undirected,moderate
LEVETIRACETAM,PANTOPRAZOLE,4.292547447397651,3.220315461523731,5.721788380148827,310,81.61290322580645,4.292547447397651,Undirected,moderate
MYCOPHENOLATE MOFETIL,VANCOMYCIN,4.292402535645676,3.058699449656316,6.023710348556047,223,81.61434977578476,4.292402535645676,Undirected,moderate
PHTHALYLSULFATHIAZOLE,SIMPONI,4.287923602837657,3.182691520722288,5.776962267332665,288,81.59722222222221,4.287923602837657,Undirected,moderate
ASPIRIN,OXAZEPAM,4.287671834895126,2.7272608480639793,6.740876941346996,125,81.6,4.287671834895126,Undirected,moderate
GABAPENTIN,SILDENAFIL CITRATE,4.287671834895126,2.7272608480639793,6.740876941346996,125,81.6,4.287671834895126,Undirected,moderate
HUMIRA,IBUPROFEN,4.286514009504828,2.8843420427237008,6.370327125395398,163,81.59509202453987,4.286514009504828,Undirected,moderate
ACETAMINOPHEN,CLOZARIL,4.281595776420075,2.666496126596871,6.874963068502414,114,81.57894736842105,4.281595776420075,Undirected,moderate
COLCHICINE,METFORMIN,4.281595776420075,2.666496126596871,6.874963068502414,114,81.57894736842105,4.281595776420075,Undirected,moderate
SODIUM CHLORIDE,VANCOMYCIN,4.281595776420075,2.666496126596871,6.874963068502414,114,81.57894736842105,4.281595776420075,Undirected,moderate
PHTHALYLSULFATHIAZOLE,PSEUDOEPHEDRINE HYDROCHLORIDE,4.278800817380081,3.0358977630073407,6.030551047501852,217,81.5668202764977,4.278800817380081,Undirected,moderate
PERPRAZOLE,POTASSIUM CHLORIDE,4.276455588610284,2.7940013645881905,6.545477261802134,141,81.56028368794325,4.276455588610284,Undirected,moderate
CHOLECALCIFEROL,MORPHINE,4.274255721237991,2.597820335487065,7.032534821970436,103,81.55339805825243,4.274255721237991,Undirected,moderate
KETAMINE,SUFENTANIL,4.273028727369439,2.89352077445566,6.310227549121158,168,81.54761904761905,4.273028727369439,Undirected,moderate
LORAZEPAM,VITAMIN D2,4.270187097303501,2.741677019402348,6.650855559183336,130,81.53846153846153,4.270187097303501,Undirected,moderate
HYDROXYZINE,VENLAFAXINE,4.267580451790646,2.8517532076474055,6.386332051338379,157,81.52866242038218,4.267580451790646,Undirected,moderate
ACETAMINOPHEN,DOMPERIDONE,4.267580451790646,2.8517532076474055,6.386332051338379,157,81.52866242038218,4.267580451790646,Undirected,moderate
AMIKACIN,VANCOMYCIN,4.265790802157441,2.9397183109646265,6.190039059150517,184,81.52173913043478,4.265790802157441,Undirected,moderate
DULOXETINA,SENNOSIDES,4.262791985906039,2.6833408731669897,6.771929610887683,119,81.5126050420168,4.262791985906039,Undirected,moderate
ENOXAPARIN,ONDANSETRON,4.254103331843805,2.755491214241779,6.567756436481462,135,81.48148148148148,4.254103331843805,Undirected,moderate
CEFTRIAXONE,PREDNISOLONE,4.253932267460615,2.617709093968346,6.912891802163494,108,81.48148148148148,4.253932267460615,Undirected,moderate
FLUDARABINE,LEVOFLOXACIN,4.253932267460615,2.617709093968346,6.912891802163494,108,81.48148148148148,4.253932267460615,Undirected,moderate
ASCORBIC ACID,CALCIUM CARBONATE,4.250219691787846,3.0519621675773347,5.918935568851029,232,81.46551724137932,4.250219691787846,Undirected,moderate
NAPROXEN,RAMIPRIL,4.250219691787846,3.0519621675773347,5.918935568851029,232,81.46551724137932,4.250219691787846,Undirected,moderate
ACETAMINOPHEN,LOPERAMIDE HYDROCHLORIDE,4.247297770622358,2.8175138944528224,6.40264397199611,151,81.45695364238411,4.247297770622358,Undirected,moderate
ASCORBIC ACID,TRIAMCINOLONE ACETONIDE,4.245625691285917,2.6994044189305884,6.677523895307264,124,81.45161290322581,4.245625691285917,Undirected,moderate
BUMETANIDE,METOPROLOL SUCCINATE,4.245625691285917,2.6994044189305884,6.677523895307264,124,81.45161290322581,4.245625691285917,Undirected,moderate
CANDESARTAN,HYDROXYCHLOROQUINE,4.2392588879459,2.7687462651938035,6.490777484722088,140,81.42857142857143,4.2392588879459,Undirected,moderate
PREDNISONE,SILDENAFILO,4.2392588879459,2.7687462651938035,6.490777484722088,140,81.42857142857143,4.2392588879459,Undirected,moderate
ACETAMINOPHEN,DIGOXIN,4.237342070214633,2.919439442201454,6.150176489522079,183,81.4207650273224,4.237342070214633,Undirected,moderate
CETIRIZINE HYDROCHLORIDE,FOSAMAX,4.236258435277085,3.029730364344073,5.9232616016447,226,81.41592920353983,4.236258435277085,Undirected,moderate
MAGNESIUM OXIDE,REBAMIPIDE,4.2355469912310495,2.636568252117218,6.804245746538261,113,81.41592920353983,4.2355469912310495,Undirected,moderate
PAXLOVID,TACROLIMUS,4.2355469912310495,2.636568252117218,6.804245746538261,113,81.41592920353983,4.2355469912310495,Undirected,moderate
IBUPROFEN,ORENCIA,4.2355469912310495,2.636568252117218,6.804245746538261,113,81.41592920353983,4.2355469912310495,Undirected,moderate
CORTISONE ACETATE,PSEUDOEPHEDRINE HYDROCHLORIDE,4.230162362258541,2.8810989291386613,6.210919531464499,172,81.3953488372093,4.230162362258541,Undirected,moderate
FUROSEMIDE,INDAPAMIDE,4.229892205638475,2.7147485414070083,6.590661270619194,129,81.3953488372093,4.229892205638475,Undirected,moderate
ELIQUIS,SILDENAFILO,4.229892205638475,2.7147485414070083,6.590661270619194,129,81.3953488372093,4.229892205638475,Undirected,moderate
OMEPRAZOLE,PEMBROLIZUMAB,4.229892205638475,2.7147485414070083,6.590661270619194,129,81.3953488372093,4.229892205638475,Undirected,moderate
LORAZEPAM,METOCLOPRAMIDE,4.226809143479873,2.927583907915559,6.102614339114056,188,81.38297872340425,4.226809143479873,Undirected,moderate
ELIQUIS,TYVASO,4.2255160632722655,2.7814807438662226,6.419237681348726,145,81.37931034482759,4.2255160632722655,Undirected,moderate
ALENDRONATE SODIUM,REMICADE,4.2255160632722655,2.7814807438662226,6.419237681348726,145,81.37931034482759,4.2255160632722655,Undirected,moderate
CHOLECALCIFEROL,MOVICOL,4.223361632964333,2.565468725362716,6.9526411709709395,102,81.37254901960785,4.223361632964333,Undirected,moderate
CEFEPIME,DEXAMETHASONE,4.223361632964333,2.565468725362716,6.9526411709709395,102,81.37254901960785,4.223361632964333,Undirected,moderate
DICLOFENAC DIETHYLAMMONIUM,XELJANZ,4.223361632964333,2.565468725362716,6.9526411709709395,102,81.37254901960785,4.223361632964333,Undirected,moderate
GABAPENTIN,TYVASO,4.223361632964333,2.565468725362716,6.9526411709709395,102,81.37254901960785,4.223361632964333,Undirected,moderate
MEROPENEM,VORICONAZOLE,4.22333210424425,3.096241969658971,5.760704181884315,263,81.36882129277566,4.22333210424425,Undirected,moderate
ACETAMINOPHEN,PIPERACILLIN / TAZOBACTAM,4.222034973011898,2.8393753302902716,6.277993304785547,161,81.36645962732919,4.222034973011898,Undirected,moderate
ENOXAPARIN SODIUM,OMEPRAZOLE,4.222034973011898,2.8393753302902716,6.277993304785547,161,81.36645962732919,4.222034973011898,Undirected,moderate
SIMPONI,SULFASALAZINE,4.219683350149914,3.309396984259199,5.380354082699504,429,81.35198135198135,4.219683350149914,Undirected,moderate
LEFLUNOMIDE,LISINOPRIL,4.2188355956824095,2.6544885684956623,6.705085866496561,118,81.35593220338984,4.2188355956824095,Undirected,moderate
GABAPENTIN,OLANZAPINE,4.218763492009763,3.3233491724780655,5.3554304642155,445,81.34831460674158,4.218763492009763,Undirected,moderate
FERRUM,POTASSIUM CHLORIDE,4.216862902861756,2.9355006633570673,6.057546831277525,193,81.34715025906736,4.216862902861756,Undirected,moderate
ASPIRIN,OXALIPLATIN,4.215419591949876,2.729428180279766,6.510434113849244,134,81.34328358208955,4.215419591949876,Undirected,moderate
OXYGEN,VITAMIN D2,4.2132252218293464,3.0127446239162072,5.89205823452252,225,81.33333333333333,4.2132252218293464,Undirected,moderate
DESOXIMETASONE,HYDROXYCHLOROQUINE SULFATE,4.21262262742049,3.1743539416363533,5.590488561558168,316,81.32911392405063,4.21262262742049,Undirected,moderate
FAMOTIDINE,OLANZAPINE,4.210628621065106,2.849748263274253,6.221389311125408,166,81.32530120481928,4.210628621065106,Undirected,moderate
AMBRISENTAN,LASIX,4.2055820788530465,2.586620034888161,6.837850315628073,107,81.30841121495327,4.2055820788530465,Undirected,moderate
DESOXIMETASONE,HUMIRA,4.202350413792084,3.1345619624021603,5.633880973520464,294,81.29251700680273,4.202350413792084,Undirected,moderate
HUMIRA,PREGABALIN,4.20206236505457,2.7434924022363014,6.436076916201774,139,81.29496402877699,4.20206236505457,Undirected,moderate
DICLOFENAC,LISINOPRIL,4.199172904479105,2.907788628444756,6.064076635151641,187,81.28342245989305,4.199172904479105,Undirected,moderate
HYDROXYCHLOROQUINE SULFATE,INFLIXIMAB,4.199172904479105,2.907788628444756,6.064076635151641,187,81.28342245989305,4.199172904479105,Undirected,moderate
COSENTYX,PANTOPRAZOLE,4.198023884786791,2.9893558699848826,5.895385261484273,219,81.27853881278538,4.198023884786791,Undirected,moderate
ACTEMRA,CIMZIA,4.195539448704399,3.274642544024008,5.375411523238842,411,81.26520681265207,4.195539448704399,Undirected,moderate
CLONAZEPAM,OLANZAPINE,4.195435343364722,3.304564082814457,5.326474923543539,443,81.26410835214448,4.195435343364722,Undirected,moderate
CYCLOPHOSPHAMIDE,METOCLOPRAMIDE,4.1902912420250225,3.0301051606629548,5.794696804895703,240,81.25,4.1902912420250225,Undirected,moderate
ADALIMUMAB,HYDROCORTISONE,4.190192118481694,2.995759315541771,5.860854675039494,224,81.25,4.190192118481694,Undirected,moderate
CYCLOPHOSPHAMIDE,PIPERACILLIN SODIUM\TAZOBACTAM SODIUM,4.190093001097786,2.957988531985131,5.935411570397834,208,81.25,4.190093001097786,Undirected,moderate
ASCORBIC ACID,ORENCIA,4.189993889872723,2.9161649552371367,6.020252306249643,192,81.25,4.189993889872723,Undirected,moderate
DICLOFENAC SODIUM,TRAMADOL HYDROCHLORIDE,4.189894784805932,2.8694838980420907,6.117900964602814,176,81.25,4.189894784805932,Undirected,moderate
ALLOPURINOL,DOXORUBICIN,4.189894784805932,2.8694838980420907,6.117900964602814,176,81.25,4.189894784805932,Undirected,moderate
DILTIAZEM,OXYGEN,4.189696593144869,2.756985201380795,6.366939341501825,144,81.25,4.189696593144869,Undirected,moderate
METHYLPREDNISOLONE SODIUM SUCCINATE,ORENCIA,4.189696593144869,2.756985201380795,6.366939341501825,144,81.25,4.189696593144869,Undirected,moderate
MAGNESIUM SULFATE,POTASSIUM CHLORIDE,4.1895975065494495,2.6878215559475427,6.530465993192568,128,81.25,4.1895975065494495,Undirected,moderate
CERTOLIZUMAB PEGOL,TOCILIZUMAB,4.189498426110006,2.6066423998537007,6.733527032079017,112,81.25,4.189498426110006,Undirected,moderate
FILGRASTIM,PIPERACILLIN SODIUM\TAZOBACTAM SODIUM,4.189498426110006,2.6066423998537007,6.733527032079017,112,81.25,4.189498426110006,Undirected,moderate
DELFLEX WITH DEXTROSE 15% LOW MAGNESIUM LOW CALCIUM,DELFLEX WITH DEXTROSE 25% LOW MAGNESIUM LOW CALCIUM,4.183380993255085,3.28028191417846,5.335113564198312,426,81.2206572769953,4.183380993255085,Undirected,moderate
MEROPENEM,PIPERACILLIN / TAZOBACTAM,4.183313720445054,3.0356415403912163,5.764881475896696,245,81.22448979591836,4.183313720445054,Undirected,moderate
LEFLUNOMIDE,RITUXIMAB,4.18066580342477,3.531051113526456,4.949791435465814,883,81.2004530011325,4.18066580342477,Undirected,moderate
ALLOPURINOL,OLANZAPINE,4.176736036933753,2.7033665173040347,6.453110893604778,133,81.203007518797,4.176736036933753,Undirected,moderate
CYTARABINE,PONATINIB,4.174879415529177,2.6256380984920753,6.6382408696077375,117,81.19658119658119,4.174879415529177,Undirected,moderate
LANSOPRAZOLE,MYCOPHENOLATE MOFETIL,4.174879415529177,2.6256380984920753,6.6382408696077375,117,81.19658119658119,4.174879415529177,Undirected,moderate
ATRACURIUM,PROPOFOL,4.174879415529177,2.6256380984920753,6.6382408696077375,117,81.19658119658119,4.174879415529177,Undirected,moderate
AVIBACTAM / CEFTAZIDIME,MEROPENEM,4.174879415529177,2.6256380984920753,6.6382408696077375,117,81.19658119658119,4.174879415529177,Undirected,moderate
AZITHROMYCIN,TACROLIMUS,4.174429504028316,2.9720211080064183,5.863303472898639,218,81.19266055045871,4.174429504028316,Undirected,moderate
GLICLAZIDE,SPIRONOLACTONE,4.172467787909218,2.5331196828185094,6.872745713210497,101,81.1881188118812,4.172467787909218,Undirected,moderate
TADALAFIL,TORSEMIDE,4.169711541908333,2.8384578778879037,6.125331109602675,170,81.17647058823529,4.169711541908333,Undirected,moderate
ACETAMINOPHEN,HALOPERIDOL,4.167529157263734,2.7824110502933186,6.242175926814416,154,81.16883116883116,4.167529157263734,Undirected,moderate
ATORVASTATIN,CYCLOPHOSPHAMIDE,4.164866019935021,2.71823980265456,6.3813755309850295,138,81.15942028985508,4.164866019935021,Undirected,moderate
FUROSEMIDE,TREPROSTINIL,4.163125005310833,2.8968298594523523,5.982957457198013,191,81.15183246073299,4.163125005310833,Undirected,moderate
PREDNISONE,TYVASO,4.160584878284935,2.8486990633188634,6.076621694551965,175,81.14285714285714,4.160584878284935,Undirected,moderate
COSENTYX,HYDROXYCHLOROQUINE,4.157881051109545,2.9473955880989533,5.865508825819481,212,81.13207547169812,4.157881051109545,Undirected,moderate
LANSOPRAZOLE,MAGNESIUM OXIDE,4.155169386886672,2.905405424537462,5.942520960381564,196,81.12244897959184,4.155169386886672,Undirected,moderate
ALENDRONIC ACID,CHOLECALCIFEROL,4.151996690235478,2.8586069412437567,6.03058653045381,180,81.11111111111111,4.151996690235478,Undirected,moderate
MEROPENEM,MICAFUNGIN,4.151996690235478,2.8586069412437567,6.03058653045381,180,81.11111111111111,4.151996690235478,Undirected,moderate
CLONAZEPAM,RISPERIDONE,4.151248105003233,3.169039926275102,5.437880629528224,344,81.1046511627907,4.151248105003233,Undirected,moderate
MEROPENEM,TACROLIMUS,4.150835236050724,2.9546868105934077,5.831221466541821,217,81.10599078341014,4.150835236050724,Undirected,moderate
FEBUXOSTAT,SULFAMETHOXAZOLE / TRIMETHOPRIM,4.149303000035047,2.660896098808029,6.470269693661552,127,81.10236220472441,4.149303000035047,Undirected,moderate
AMIODARONE,LIDOCAINE,4.149303000035047,2.660896098808029,6.470269693661552,127,81.10236220472441,4.149303000035047,Undirected,moderate
DIPHENHYDRAMINE,PREGABALIN,4.143675435748646,2.7461639174012262,6.252374815657485,148,81.08108108108108,4.143675435748646,Undirected,moderate
CLOPIDOGREL,MIRTAZAPINE,4.143675435748646,2.7461639174012262,6.252374815657485,148,81.08108108108108,4.143675435748646,Undirected,moderate
LOSARTAN,TORSEMIDE,4.143450081055368,2.5767186261960906,6.662806873695191,111,81.08108108108108,4.143450081055368,Undirected,moderate
ACETAMINOPHEN,ZOLPIDEM,4.141250570250141,3.0042004993754983,5.708659022312986,243,81.06995884773663,4.141250570250141,Undirected,moderate
LANSOPRAZOLE,PANTOPRAZOLE SODIUM,4.138052666794112,2.6773062567925656,6.395786746367944,132,81.06060606060606,4.138052666794112,Undirected,moderate
CYCLOPHOSPHAMIDE,FLUCONAZOLE,4.135108047581606,3.106837364816626,5.503705716563442,306,81.04575163398692,4.135108047581606,Undirected,moderate
FUROSEMIDE,SERTRALINE HYDROCHLORIDE,4.131275111853251,2.8279149837299173,6.035341991542745,174,81.03448275862068,4.131275111853251,Undirected,moderate
EPINEPHRINE,PROPOFOL,4.130923445444835,2.596789511902005,6.5713945754606025,116,81.03448275862068,4.130923445444835,Undirected,moderate
CIMZIA,IBUPROFEN,4.129026378139131,2.8865087958998967,5.9063942072809805,195,81.02564102564102,4.129026378139131,Undirected,moderate
PSEUDOEPHEDRINE HYDROCHLORIDE,SIMPONI,4.127241080853205,2.937352983646782,5.7991392366926675,216,81.01851851851852,4.127241080853205,Undirected,moderate
ACETAMINOPHEN,ORENCIA,4.122782987961557,3.0896021530162647,5.501465471608163,300,81.0,4.122782987961557,Undirected,moderate
FUROSEMIDE,LASIX,4.1221784700144335,2.8952548581601185,5.869036119828452,200,81.0,4.1221784700144335,Undirected,moderate
HALOPERIDOL,LITHIUM,4.121574186070903,2.500773288231639,6.792848376630828,100,81.0,4.121574186070903,Undirected,moderate
MIRALAX,OXYGEN,4.121574186070903,2.500773288231639,6.792848376630828,100,81.0,4.121574186070903,Undirected,moderate
MORPHINE,VANCOMYCIN,4.121574186070903,2.500773288231639,6.792848376630828,100,81.0,4.121574186070903,Undirected,moderate
LOVENOX,PREDNISONE,4.121574186070903,2.500773288231639,6.792848376630828,100,81.0,4.121574186070903,Undirected,moderate
CASPOFUNGIN,VANCOMYCIN,4.119488466114168,2.6158450792926753,6.487458052002223,121,80.99173553719008,4.119488466114168,Undirected,moderate
ACETAMINOPHEN,GLUCOSAMINA,4.119488466114168,2.6158450792926753,6.487458052002223,121,80.99173553719008,4.119488466114168,Undirected,moderate
DICLOFENAC,ZOPICLONE,4.119488466114168,2.6158450792926753,6.487458052002223,121,80.99173553719008,4.119488466114168,Undirected,moderate
LIPITOR,OXYGEN,4.119488466114168,2.6158450792926753,6.487458052002223,121,80.99173553719008,4.119488466114168,Undirected,moderate
OMEPRAZOLE,TEDUGLUTIDE,4.119488466114168,2.6158450792926753,6.487458052002223,121,80.99173553719008,4.119488466114168,Undirected,moderate
HYDROCORTISONE,RITUXIMAB,4.119478102484941,3.2525878526108025,5.217414749683484,447,80.98434004474274,4.119478102484941,Undirected,moderate
DICLOFENAC SODIUM,ENBREL,4.118915273407729,3.062325362942571,5.540058948278914,284,80.98591549295774,4.118915273407729,Undirected,moderate
METFORMIN HYDROCHLORIDE,PERPRAZOLE,4.117029580010337,2.7840958682276713,6.088128198498514,163,80.98159509202453,4.117029580010337,Undirected,moderate
ALBUTEROL / IPRATROPIUM,OXYGEN,4.117029580010337,2.7840958682276713,6.088128198498514,163,80.98159509202453,4.117029580010337,Undirected,moderate
CELECOXIB,PANTOPRAZOLE SODIUM,4.1156831430789955,2.9037471122671157,5.8334445388391645,205,80.97560975609757,4.1156831430789955,Undirected,moderate
CETIRIZINE HYDROCHLORIDE,HYDROXYCHLOROQUINE,4.1152330683841125,2.9520649881700223,5.736710836308577,226,80.97345132743364,4.1152330683841125,Undirected,moderate
OPSUMIT,SODIUM CHLORIDE,4.109640296367113,2.959138474717833,5.707452865021746,231,80.95238095238095,4.109640296367113,Undirected,moderate
ARAVA,PSEUDOEPHEDRINE HYDROCHLORIDE,4.109640296367113,2.959138474717833,5.707452865021746,231,80.95238095238095,4.109640296367113,Undirected,moderate
INSULIN GLARGINE,PANTOPRAZOLE,4.109261299411401,2.79582004615729,6.039740808801069,168,80.95238095238095,4.109261299411401,Undirected,moderate
LT4,OXYGEN,4.108882394827265,2.5244488986061695,6.687762443455697,105,80.95238095238095,4.108882394827265,Undirected,moderate
DICLOFENAC SODIUM,SIMPONI,4.10429731110665,2.966034590499392,5.679386367210585,236,80.9322033898305,4.10429731110665,Undirected,moderate
POTASSIUM CHLORIDE,SIMVASTATIN,4.103647038434951,2.920019633190138,5.767056777511539,215,80.93023255813954,4.103647038434951,Undirected,moderate
DICLOFENAC SODIUM,REMICADE,4.102883494349212,2.867612763399099,5.870267137550881,194,80.9278350515464,4.102883494349212,Undirected,moderate
MORPHINE,POLYETHYLENE GLYCOL,4.099369481529627,2.651247431295433,6.338461641765903,131,80.91603053435115,4.099369481529627,Undirected,moderate
CELECOXIB,DICLOFENAC,4.098060806076169,2.927822509156648,5.736038410038442,220,80.9090909090909,4.098060806076169,Undirected,moderate
CETIRIZINE HYDROCHLORIDE,PREGABALIN,4.095100450114015,2.8180554719163324,5.950857910231336,178,80.89887640449437,4.095100450114015,Undirected,moderate
DARZALEX,ELIQUIS,4.090473863006165,2.6677385057940923,6.271970205324173,136,80.88235294117648,4.090473863006165,Undirected,moderate
CHOLECALCIFEROL,ENOXAPARIN SODIUM,4.090473863006165,2.6677385057940923,6.271970205324173,136,80.88235294117648,4.090473863006165,Undirected,moderate
CIMZIA,VITAMIN D2,4.0869676854278785,2.5679428593618976,6.504546937575659,115,80.8695652173913,4.0869676854278785,Undirected,moderate
AMOXICILLIN / CLAVULANATE,ONDANSETRON,4.0869676854278785,2.5679428593618976,6.504546937575659,115,80.8695652173913,4.0869676854278785,Undirected,moderate
DEXAMETHASONE,LASIX,4.0869676854278785,2.5679428593618976,6.504546937575659,115,80.8695652173913,4.0869676854278785,Undirected,moderate
MAGNESIUM OXIDE,MELATONINA,4.0869676854278785,2.5679428593618976,6.504546937575659,115,80.8695652173913,4.0869676854278785,Undirected,moderate
CODEINE,RAMIPRIL,4.0869676854278785,2.5679428593618976,6.504546937575659,115,80.8695652173913,4.0869676854278785,Undirected,moderate
CYTARABINE,MESNA,4.085830197894934,2.7622134971084,6.043706767600019,162,80.8641975308642,4.085830197894934,Undirected,moderate
REMODULIN,SODIUM CHLORIDE,4.082824314910359,3.2274435253844413,5.164909704946002,449,80.84632516703786,4.082824314910359,Undirected,moderate
POTASSIUM CHLORIDE,SILDENAFIL CITRATE,4.082519122178806,2.8388283385218376,5.871070876949893,188,80.85106382978722,4.082519122178806,Undirected,moderate
ACYCLOVIR,MEROPENEM,4.081412354019793,3.0728778309075766,5.420953165139487,308,80.84415584415584,4.081412354019793,Undirected,moderate
GEMCITABINE HYDROCHLORIDE,TORIPALIMAB,4.079036394855324,2.774502372771506,5.9969449202286125,167,80.83832335329342,4.079036394855324,Undirected,moderate
LOXAPINE,OLANZAPINE,4.079036394855324,2.774502372771506,5.9969449202286125,167,80.83832335329342,4.079036394855324,Undirected,moderate
KARDEGIC,LT4,4.079036394855324,2.774502372771506,5.9969449202286125,167,80.83832335329342,4.079036394855324,Undirected,moderate
PHENYTOIN,PROPOFOL,4.077443126270744,2.5879954233503577,6.424100405266368,120,80.83333333333333,4.077443126270744,Undirected,moderate
CARVEDILOL,INSULIN,4.077443126270744,2.5879954233503577,6.424100405266368,120,80.83333333333333,4.077443126270744,Undirected,moderate
COSENTYX,OTEZLA,4.072655999253809,2.7863491409209744,5.952781237880218,172,80.81395348837209,4.072655999253809,Undirected,moderate
APIXABAN,PREGABALIN,4.07126791782708,2.85829873177298,5.798981846955712,198,80.8080808080808,4.07126791782708,Undirected,moderate
CARVEDILOL,OXYGEN,4.068714564724586,2.6070499190147096,6.349873889433788,125,80.80000000000001,4.068714564724586,Undirected,moderate
GLICLAZIDE,HYDROCHLOROTHIAZIDE,4.067479297283957,2.7130779482961236,6.098014192413402,151,80.79470198675497,4.067479297283957,Undirected,moderate
FOLIC ACID,VOLTARENE,4.0666525340097515,2.7977808311675276,5.910992972765019,177,80.7909604519774,4.0666525340097515,Undirected,moderate
ALLOPURINOL,AMIODARONE,4.060993690851735,2.808822160487582,5.871382670334249,182,80.76923076923077,4.060993690851735,Undirected,moderate
LORAZEPAM,PALIPERIDONE,4.060840078286866,2.7269746543926145,6.047149031934744,156,80.76923076923077,4.060840078286866,Undirected,moderate
NYSTATIN,ONDANSETRON,4.060840078286866,2.7269746543926145,6.047149031934744,156,80.76923076923077,4.060840078286866,Undirected,moderate
CANDESARTAN CILEXETIL,HYDROCHLOROTHIAZIDE,4.060686481138974,2.6251900744809555,6.281135548390723,130,80.76923076923077,4.060686481138974,Undirected,moderate
RANITIDINA,RITUXIMAB,4.0605328994057395,2.49336696120364,6.612715931391442,104,80.76923076923077,4.0605328994057395,Undirected,moderate
JARDIANCE,TRAZODONE,4.0605328994057395,2.49336696120364,6.612715931391442,104,80.76923076923077,4.0605328994057395,Undirected,moderate
CEFTRIAXONE,PANTOPRAZOLE,4.054630964895842,2.7403320331128316,5.999284781128301,161,80.74534161490683,4.054630964895842,Undirected,moderate
AMPHOTERICIN B,CYTARABINE,4.05327805119431,2.6424898669233317,6.217266210152778,135,80.74074074074075,4.05327805119431,Undirected,moderate
CLOPIDOGREL,HEPARIN,4.05327805119431,2.6424898669233317,6.217266210152778,135,80.74074074074075,4.05327805119431,Undirected,moderate
CYCLOPHOSPHAMIDE,FAMOTIDINE,4.051354051138997,2.516877551802119,6.521362009021094,109,80.73394495412845,4.051354051138997,Undirected,moderate
POLYETHYLENE GLYCOL,PREGABALIN,4.043346653084041,2.7655674040172467,5.91150016204919,171,80.7017543859649,4.043346653084041,Undirected,moderate
LANSOPRAZOLE,OLANZAPINE,4.0430121354768005,2.539098193491669,6.437697907671059,114,80.7017543859649,4.0430121354768005,Undirected,moderate
LEVOFLOXACIN,POTASSIUM CHLORIDE,4.0430121354768005,2.539098193491669,6.437697907671059,114,80.7017543859649,4.0430121354768005,Undirected,moderate
ALLOPURINOL,QUETIAPINE,4.0430121354768005,2.539098193491669,6.437697907671059,114,80.7017543859649,4.0430121354768005,Undirected,moderate
PREDNISOLONE,SODIUM BICARBONATE,4.040054586606311,2.674823882963706,6.102099344452489,145,80.6896551724138,4.040054586606311,Undirected,moderate
BUMETANIDE,GABAPENTIN,4.039802941955194,2.917985789833156,5.592901742939255,233,80.68669527896995,4.039802941955194,Undirected,moderate
QUETIAPINE FUMARATE,TRAZODONE,4.0353979873651635,2.560147570697378,6.360741506785473,119,80.67226890756302,4.0353979873651635,Undirected,moderate
GANCICLOVIR,MEROPENEM,4.0353979873651635,2.560147570697378,6.360741506785473,119,80.67226890756302,4.0353979873651635,Undirected,moderate
AZITHROMYCIN,PIPERACILLIN / TAZOBACTAM,4.0353979873651635,2.560147570697378,6.360741506785473,119,80.67226890756302,4.0353979873651635,Undirected,moderate
ATORVASTATIN,SODIUM BICARBONATE,4.034129662740284,2.689969019768884,6.049958946069676,150,80.66666666666666,4.034129662740284,Undirected,moderate
METOLAZONE,SPIRONOLACTONE,4.034129662740284,2.689969019768884,6.049958946069676,150,80.66666666666666,4.034129662740284,Undirected,moderate
AZITHROMYCIN,HYDROXYCHLOROQUINE,4.033358244394925,2.7890309261798634,5.832842717850665,181,80.66298342541437,4.033358244394925,Undirected,moderate
CETIRIZINE,NAPROXEN,4.033358244394925,2.7890309261798634,5.832842717850665,181,80.66298342541437,4.033358244394925,Undirected,moderate
DIPYRONE,PANTOPRAZOLE,4.029325480485003,2.9938442244025487,5.4229487611118605,279,80.64516129032258,4.029325480485003,Undirected,moderate
LANTUS,PREDNISONE,4.028601561591415,2.7044974204023635,6.000978377580487,155,80.64516129032258,4.028601561591415,Undirected,moderate
LECITHIN,OXYGEN,4.028420635925768,2.58012927449174,6.289674312210328,124,80.64516129032258,4.028420635925768,Undirected,moderate
ALPRAZOLAM,OLANZAPINE,4.025244136912319,2.8854754539351353,5.615223771753223,222,80.63063063063063,4.025244136912319,Undirected,moderate
LEVOTHYROXINE SODIUM,REMODULIN,4.022003665620826,2.599134221184263,6.2238084337548125,129,80.62015503875969,4.022003665620826,Undirected,moderate
ASCORBIC ACID,HYDROXYCHLOROQUINE,4.020357852322554,2.821344927588006,5.728926336755909,196,80.61224489795919,4.020357852322554,Undirected,moderate
CEFEPIME,METRONIDAZOLE,4.012781146261779,2.8412093808066774,5.667450148718781,206,80.58252427184466,4.012781146261779,Undirected,moderate
CORTISONE ACETATE,DICLOFENAC DIETHYLAMMONIUM,4.0121836350429145,2.4622875425450124,6.537667613209679,103,80.58252427184466,4.0121836350429145,Undirected,moderate
PRAMIPEXOLE,QUETIAPINE,4.0121836350429145,2.4622875425450124,6.537667613209679,103,80.58252427184466,4.0121836350429145,Undirected,moderate
ENBREL,IBUPROFEN,4.010601810365237,2.634525510033377,6.105435995987429,139,80.57553956834532,4.010601810365237,Undirected,moderate
DIAZEPAM,LACTULOSE,4.005514633715871,2.6510461884077636,6.052006015990318,144,80.55555555555556,4.005514633715871,Undirected,moderate
PIPERACILLIN SODIUM\TAZOBACTAM SODIUM,PREDNISOLONE,4.005514633715871,2.6510461884077636,6.052006015990318,144,80.55555555555556,4.005514633715871,Undirected,moderate
AMIODARONE,METFORMIN,4.005514633715871,2.6510461884077636,6.052006015990318,144,80.55555555555556,4.005514633715871,Undirected,moderate
MAGNESIUM,SULFASALAZINE,4.005306366274108,2.4869603757488816,6.450637189137015,108,80.55555555555556,4.005306366274108,Undirected,moderate
MAGNESIUM OXIDE,PREDNISOLONE,4.005306366274108,2.4869603757488816,6.450637189137015,108,80.55555555555556,4.005306366274108,Undirected,moderate
ALLOPURINOL,DOCUSATE SODIUM,4.005306366274108,2.4869603757488816,6.450637189137015,108,80.55555555555556,4.005306366274108,Undirected,moderate
CEFEPIME,TACROLIMUS,4.005306366274108,2.4869603757488816,6.450637189137015,108,80.55555555555556,4.005306366274108,Undirected,moderate
LEFLUNOMIDE,TOCILIZUMAB,4.001914394857914,2.7808326706904554,5.7591810512620745,185,80.54054054054053,4.001914394857914,Undirected,moderate
DEXAMETHASONE,METOPROLOL,3.999709068312455,2.8775125593485193,5.559549194378783,226,80.53097345132744,3.999709068312455,Undirected,moderate
HYDROXYCHLOROQUINE,TRAMADOL HYDROCHLORIDE,3.999056795590096,2.5102555689930486,6.370847435574245,113,80.53097345132744,3.999056795590096,Undirected,moderate
FUROSEMIDE,POLYETHYLENE GLYCOL,3.995827046550694,2.9599681404435585,5.3941910954330075,272,80.51470588235294,3.995827046550694,Undirected,moderate
PANTOPRAZOLE,XELJANZ,3.992232946242315,2.6965718940890806,5.910439077110728,159,80.50314465408806,3.992232946242315,Undirected,moderate
PIPERACILLIN SODIUM\TAZOBACTAM SODIUM,RITUXIMAB,3.992232946242315,2.6965718940890806,5.910439077110728,159,80.50314465408806,3.992232946242315,Undirected,moderate
CORTISONE ACETATE,REMICADE,3.992232946242315,2.6965718940890806,5.910439077110728,159,80.50314465408806,3.992232946242315,Undirected,moderate
CALCIUM CARBONATE,RAMIPRIL,3.991377444122448,2.9021633671543676,5.489385636160868,241,80.49792531120332,3.991377444122448,Undirected,moderate
KEVZARA,RITUXIMAB,3.9881268996960486,2.5532103146731906,6.229473567717067,123,80.48780487804879,3.9881268996960486,Undirected,moderate
PREGABALIN,SPIRIVA,3.9881268996960486,2.5532103146731906,6.229473567717067,123,80.48780487804879,3.9881268996960486,Undirected,moderate
SILDENAFILO,SODIUM CHLORIDE,3.9881268996960486,2.5532103146731906,6.229473567717067,123,80.48780487804879,3.9881268996960486,Undirected,moderate
FILGRASTIM,SULFAMETHOXAZOLE / TRIMETHOPRIM,3.983321034973858,2.57307990745842,6.166480264244032,128,80.46875,3.983321034973858,Undirected,moderate
LT4,POLYETHYLENE GLYCOL,3.9788869608693735,2.591996761691918,6.107855411455966,133,80.45112781954887,3.9788869608693735,Undirected,moderate
ASPIRIN,TREPROSTINIL,3.9788869608693735,2.591996761691918,6.107855411455966,133,80.45112781954887,3.9788869608693735,Undirected,moderate
METRONIDAZOLE,ONDANSETRON,3.978087747742396,2.7494506054641477,5.755761568252157,179,80.44692737430168,3.978087747742396,Undirected,moderate
FUROSEMIDE,SILDENAFIL CITRATE,3.977571753598216,2.946050324205619,5.3702670742016005,271,80.44280442804428,3.977571753598216,Undirected,moderate
IBUPROFEN,RITUXIMAB,3.975309497670767,2.8699406649395103,5.506415444517384,230,80.43478260869566,3.975309497670767,Undirected,moderate
METOCLOPRAMIDE,OLANZAPINE,3.9747833673721895,2.6100373601097604,6.053132824456662,138,80.43478260869566,3.9747833673721895,Undirected,moderate
SIMPONI,TOCILIZUMAB,3.9747833673721895,2.6100373601097604,6.053132824456662,138,80.43478260869566,3.9747833673721895,Undirected,moderate
AMOXICILLIN,VALACYCLOVIR HYDROCHLORIDE,3.9747833673721895,2.6100373601097604,6.053132824456662,138,80.43478260869566,3.9747833673721895,Undirected,moderate
DOXYCYCLINE,VANCOMYCIN,3.972170949732578,2.773141856836122,5.689626736910133,189,80.42328042328042,3.972170949732578,Undirected,moderate
ATIVAN,PANTOPRAZOLE SODIUM,3.970974845901962,2.6272696930933774,6.001911896688431,143,80.41958041958041,3.970974845901962,Undirected,moderate
AMIODARONE,POTASSIUM CHLORIDE,3.967430871820463,2.643754448869751,5.953846329943166,148,80.4054054054054,3.967430871820463,Undirected,moderate
CELECOXIB,FOLIC ACID,3.9666606451115785,3.04876108831784,5.1609149479661225,352,80.39772727272727,3.9666606451115785,Undirected,moderate
OXYGEN,XARELTO,3.964124990441233,2.659546004181759,5.908635126120101,153,80.3921568627451,3.964124990441233,Undirected,moderate
HYDROXYZINE,IBUPROFEN,3.964124990441233,2.659546004181759,5.908635126120101,153,80.3921568627451,3.964124990441233,Undirected,moderate
PREDNISONE,TOFACITINIB CITRATE,3.964124990441233,2.659546004181759,5.908635126120101,153,80.3921568627451,3.964124990441233,Undirected,moderate
ACETAMINOPHEN,IPRATROPIUM,3.963834601737136,2.431210720357876,6.462617418705599,102,80.3921568627451,3.963834601737136,Undirected,moderate
LOMOTIL,TEDUGLUTIDE,3.963834601737136,2.431210720357876,6.462617418705599,102,80.3921568627451,3.963834601737136,Undirected,moderate
SODIUM BICARBONATE,TEDUGLUTIDE,3.963834601737136,2.431210720357876,6.462617418705599,102,80.3921568627451,3.963834601737136,Undirected,moderate
BMS-830216,VONOPRAZAN FUMARATE,3.963834601737136,2.431210720357876,6.462617418705599,102,80.3921568627451,3.963834601737136,Undirected,moderate
ACETAMINOPHEN,TUMS,3.963834601737136,2.431210720357876,6.462617418705599,102,80.3921568627451,3.963834601737136,Undirected,moderate
AMLODIPINE,EPINEPHRINE,3.961034160585742,2.674693254057426,5.866015326253308,158,80.37974683544303,3.961034160585742,Undirected,moderate
ACETAMINOPHEN,HUMIRA,3.9604756292865417,3.0068388218417987,5.216564019405857,321,80.37383177570094,3.9604756292865417,Undirected,moderate
ALFACALCIDOL,AMLODIPINE,3.9592589014693145,2.457045527924823,6.379910697911831,107,80.37383177570094,3.9592589014693145,Undirected,moderate
LENVIMA,LT4,3.9592589014693145,2.457045527924823,6.379910697911831,107,80.37383177570094,3.9592589014693145,Undirected,moderate
SPIRONOLACTONE,TREPROSTINIL,3.958138221222781,2.689240310881484,5.825756112204539,163,80.3680981595092,3.958138221222781,Undirected,moderate
LEVETIRACETAM,VANCOMYCIN,3.955419455082499,2.703227096580201,5.787653980473094,168,80.35714285714286,3.955419455082499,Undirected,moderate
FENTANYL,MIRTAZAPINE,3.9551016657662585,2.4814150427538393,6.30399546912831,112,80.35714285714286,3.9551016657662585,Undirected,moderate
INFLIXIMAB,STELARA,3.952862229279736,2.716689846835708,5.751528766475085,173,80.34682080924856,3.952862229279736,Undirected,moderate
ELIQUIS,PERPRAZOLE,3.952862229279736,2.716689846835708,5.751528766475085,173,80.34682080924856,3.952862229279736,Undirected,moderate
LOVENOX,POTASSIUM CHLORIDE,3.951308312361778,2.504457466426592,6.234019778190116,117,80.34188034188034,3.951308312361778,Undirected,moderate
ACETAMINOPHEN,CALCIUM CARBONATE,3.9512889584265354,3.2928433083395143,4.741399140810159,732,80.32786885245902,3.9512889584265354,Undirected,moderate
DEXAMETHASONE,MESNA,3.950452697544782,2.7296615424660846,5.717220348658936,178,80.33707865168539,3.950452697544782,Undirected,moderate
FAMOTIDINE,REMODULIN,3.9478333560340495,2.5262930822746417,6.169271616332885,122,80.32786885245902,3.9478333560340495,Undirected,moderate
ACTEMRA,QUETIAPINE FUMARATE,3.9478333560340495,2.5262930822746417,6.169271616332885,122,80.32786885245902,3.9478333560340495,Undirected,moderate
FEBUXOSTAT,VONOPRAZAN FUMARATE,3.9478333560340495,2.5262930822746417,6.169271616332885,122,80.32786885245902,3.9478333560340495,Undirected,moderate
PANTOPRAZOLE,PAROXETINE,3.9446385891967455,2.547027170628271,6.1091510050683455,127,80.31496062992126,3.9446385891967455,Undirected,moderate
CARBOPLATIN,FUROSEMIDE,3.9446385891967455,2.547027170628271,6.1091510050683455,127,80.31496062992126,3.9446385891967455,Undirected,moderate
FILGRASTIM,PREDNISOLONE,3.9416916823537433,2.5667523598118356,6.0531485475582345,132,80.3030303030303,3.9416916823537433,Undirected,moderate
CELEBREX,ERELZI,3.938965095563905,2.5855505383601702,6.00082875731027,137,80.2919708029197,3.938965095563905,Undirected,moderate
ACETAMINOPHEN,POLYETHYLENE GLYCOL,3.9368494212837417,3.3149600634889356,4.675405757241596,821,80.26796589524969,3.9368494212837417,Undirected,moderate
BUMETANIDE,SODIUM CHLORIDE,3.9340817154420287,2.620648851423573,5.905788917644565,147,80.27210884353741,3.9340817154420287,Undirected,moderate
EPINEPHRINE,FENTANYL,3.9340817154420287,2.620648851423573,5.905788917644565,147,80.27210884353741,3.9340817154420287,Undirected,moderate
HYDROXYCHLOROQUINE,PANTOPRAZOLE SODIUM,3.929835524041205,2.6528155911768585,5.8215909531672425,157,80.2547770700637,3.929835524041205,Undirected,moderate
ACETAMINOPHEN,LEVETIRACETAM,3.9265118637174794,3.092462391930379,4.985507812850133,425,80.23529411764706,3.9265118637174794,Undirected,moderate
FLUCONAZOLE,MEROPENEM,3.926201011485132,3.0051147381417396,5.129605930494028,339,80.23598820058997,3.926201011485132,Undirected,moderate
CYCLOPHOSPHAMIDE,VORICONAZOLE,3.9261106692478913,2.682448676593111,5.746370889287387,167,80.23952095808383,3.9261106692478913,Undirected,moderate
AMBRISENTAN,POTASSIUM CHLORIDE,3.924414993014118,2.696419059879014,5.7116615390209535,172,80.23255813953489,3.924414993014118,Undirected,moderate
ACTEMRA,NAPROXEN,3.921820555640542,2.911676088948424,5.2824132907584325,273,80.21978021978022,3.921820555640542,Undirected,moderate
OPSUMIT,TREPROSTINIL,3.9199574358378975,2.9259087347719706,5.251724401437412,283,80.21201413427562,3.9199574358378975,Undirected,moderate
BUMETANIDE,VITAMIN D3,3.919886806557918,2.7353579900998324,5.617368049023097,187,80.21390374331551,3.919886806557918,Undirected,moderate
PANTOPRAZOLE,TORSEMIDE,3.9155149615727662,3.0791788616873106,4.9790083989791505,419,80.1909307875895,3.9155149615727662,Undirected,moderate
DICLOFENAC DIETHYLAMMONIUM,PSEUDOEPHEDRINE HYDROCHLORIDE,3.9154857994867456,2.4001365758163997,6.387565274600073,101,80.19801980198021,3.9154857994867456,Undirected,moderate
ONDANSETRON,POLYETHYLENE GLYCOL 3350,3.9154857994867456,2.4001365758163997,6.387565274600073,101,80.19801980198021,3.9154857994867456,Undirected,moderate
METHYLPREDNISOLONE,RANITIDINA,3.9154857994867456,2.4001365758163997,6.387565274600073,101,80.19801980198021,3.9154857994867456,Undirected,moderate
FUROSEMIDE,PROPOFOL,3.9132116567230377,2.4271330773955033,6.309182472493558,106,80.18867924528303,3.9132116567230377,Undirected,moderate
COCAINE,OLANZAPINE,3.9111467460037823,2.4525766739585295,6.237141954092741,111,80.18018018018019,3.9111467460037823,Undirected,moderate
ELIQUIS,LANSOPRAZOLE,3.910816978233477,2.821899348373168,5.419927342928276,227,80.1762114537445,3.910816978233477,Undirected,moderate
BUDESONIDE / FORMOTEROL / GLYCOPYRRONIUM,DAPAGLIFLOZIN,3.9092637762610902,2.476615315009021,6.170656855657641,116,80.17241379310344,3.9092637762610902,Undirected,moderate
KETOPROFEN,OXYGEN,3.9092637762610902,2.476615315009021,6.170656855657641,116,80.17241379310344,3.9092637762610902,Undirected,moderate
LANSOPRAZOLE,RISEDRONATE SODIUM,3.9092637762610902,2.476615315009021,6.170656855657641,116,80.17241379310344,3.9092637762610902,Undirected,moderate
DICLOFENAC,PREGABALIN,3.90904362999633,2.8404411894524833,5.379665017518049,237,80.16877637130801,3.90904362999633,Undirected,moderate
ACTEMRA,ALENDRONATE SODIUM,3.908214087393113,2.849329104567002,5.360608337034872,242,80.16528925619835,3.908214087393113,Undirected,moderate
ALBUTEROL / IPRATROPIUM,ASPIRIN,3.9075400049383897,2.4993776215945087,6.109068416981724,121,80.16528925619835,3.9075400049383897,Undirected,moderate
AZACITIDINE,FLUCONAZOLE,3.9075400049383897,2.4993776215945087,6.109068416981724,121,80.16528925619835,3.9075400049383897,Undirected,moderate
METHYLPREDNISOLONE SODIUM SUCCINATE,PANTOPRAZOLE SODIUM,3.905956328288162,2.5209760493471745,6.0518206202098295,126,80.15873015873017,3.905956328288162,Undirected,moderate
SULFAMETHOXAZOLE / TRIMETHOPRIM,VALACICLOVIR,3.903146994939156,2.5610650746587376,5.948523766477341,136,80.14705882352942,3.903146994939156,Undirected,moderate
AMBRISENTAN,UPTRAVI,3.9026795723583905,2.9126395047009765,5.229245782020366,282,80.1418439716312,3.9026795723583905,Undirected,moderate
LEVETIRACETAM,METFORMIN,3.901895765499,2.5797204035115553,5.901721188115892,141,80.1418439716312,3.901895765499,Undirected,moderate
FUROSEMIDE,LEVOFLOXACIN,3.90154396093647,2.9266195117798266,5.201238226510195,292,80.13698630136986,3.90154396093647,Undirected,moderate
POTASSIUM CHLORIDE,TADALAFIL,3.90154396093647,2.9266195117798266,5.201238226510195,292,80.13698630136986,3.90154396093647,Undirected,moderate
ALLOPURINOL,SULFAMETHOXAZOLE / TRIMETHOPRIM,3.899986915529456,2.946431873417325,5.162141394995243,307,80.13029315960912,3.899986915529456,Undirected,moderate
DAPAGLIFLOZIN,POTASSIUM CHLORIDE,3.898637036607633,2.6309389242225745,5.77716593998854,156,80.12820512820514,3.898637036607633,Undirected,moderate
PANTOPRAZOLE,QUETIAPINE FUMARATE,3.898637036607633,2.6309389242225745,5.77716593998854,156,80.12820512820514,3.898637036607633,Undirected,moderate
ASPIRIN,VANCOMYCIN,3.897690001147069,2.6466146811193365,5.740158343947774,161,80.12422360248446,3.897690001147069,Undirected,moderate
(-)-ARTERENOL,VANCOMYCIN,3.8951829934021185,2.690085671954907,5.640136561547924,176,80.11363636363636,3.8951829934021185,Undirected,moderate
ASCORBIC ACID,DICLOFENAC,3.894443222982184,2.7035147013969505,5.609989103885762,181,80.11049723756905,3.894443222982184,Undirected,moderate
FUROSEMIDE,URSADIOL 300 MG ORAL CAPSULE [URSODIOL],3.894443222982184,2.7035147013969505,5.609989103885762,181,80.11049723756905,3.894443222982184,Undirected,moderate
CLONIDINE,POLOXAMER,3.894443222982184,2.7035147013969505,5.609989103885762,181,80.11049723756905,3.894443222982184,Undirected,moderate
ATORVASTATIN CALCIUM,TYVASO,3.894443222982184,2.7035147013969505,5.609989103885762,181,80.11049723756905,3.894443222982184,Undirected,moderate
ALLOPURINOL,LENALIDOMIDE,3.893744922396718,2.716467060002005,5.581238125036949,186,80.10752688172043,3.893744922396718,Undirected,moderate
DESOXIMETASONE,NAPROXEN,3.893744922396718,2.716467060002005,5.581238125036949,186,80.10752688172043,3.893744922396718,Undirected,moderate
BISOPROLOL FUMARATE,KARDEGIC,3.891305731604142,2.764041980060316,5.478303298593467,206,80.09708737864078,3.891305731604142,Undirected,moderate
DICLOFENAC,FOLIC ACID,3.889576743714836,3.1066628194599977,4.869793770499048,477,80.083857442348,3.889576743714836,Undirected,moderate
OXYCODONE HYDROCHLORIDE,PREGABALIN,3.887308657555463,2.8517644759840577,5.298883805574881,251,80.0796812749004,3.887308657555463,Undirected,moderate
FOLIC ACID,TORSEMIDE,3.88629659785309,2.8764657686608244,5.250645222701897,266,80.07518796992481,3.88629659785309,Undirected,moderate
REMODULIN,WINREVAIR,3.8834634887528985,2.953177108766905,5.1068012899415995,321,80.06230529595015,3.8834634887528985,Undirected,moderate
FUROSEMIDE,SULFAMETHOXAZOLE / TRIMETHOPRIM,3.883060649379418,2.965230347147501,5.084987755256124,331,80.06042296072508,3.883060649379418,Undirected,moderate
KARDEGIC,PANTOPRAZOLE,3.883060649379418,2.965230347147501,5.084987755256124,331,80.06042296072508,3.883060649379418,Undirected,moderate
FOLIC ACID,PEMETREXED,3.8805271725989297,3.0510105847661766,4.935574859184795,416,80.04807692307693,3.8805271725989297,Undirected,moderate
ERELZI,PREDNISONE,3.879722825581723,3.0835158169273935,4.881521645100179,456,80.04385964912281,3.879722825581723,Undirected,moderate
CETIRIZINE HYDROCHLORIDE,ENBREL,3.868233786784655,2.9149812129858774,5.133217518714363,300,80.0,3.868233786784655,Undirected,moderate
ONDANSETRON,RITUXIMAB,3.8681240931917977,2.886101875044349,5.184288236568555,280,80.0,3.8681240931917977,Undirected,moderate
BUMETANIDE,ELIQUIS,3.8679869879990343,2.8458274769012264,5.257284027498736,255,80.0,3.8679869879990343,Undirected,moderate
ALLOPURINOL,OXYGEN,3.8678224790694222,2.7898739887914146,5.362267539572815,225,80.0,3.8678224790694222,Undirected,moderate
DICLOFENAC SODIUM,VITAMIN D3,3.86774023168164,2.7580135078269743,5.423981593025334,210,80.0,3.86774023168164,Undirected,moderate
ACETAMINOPHEN,LANTUS,3.867548339455176,2.6702988896845445,5.601593969800713,175,80.0,3.867548339455176,Undirected,moderate
SILDENAFIL CITRATE,TYVASO,3.867548339455176,2.6702988896845445,5.601593969800713,175,80.0,3.867548339455176,Undirected,moderate
LANSOPRAZOLE,MAGNESIUM,3.8674661077907273,2.625303275201876,5.697358562796825,160,80.0,3.8674661077907273,Undirected,moderate
ASCORBIC ACID,ENBREL,3.867438698283958,2.6090632725141103,5.732740268338365,155,80.0,3.867438698283958,Undirected,moderate
MIDODRINE HYDROCHLORIDE,POTASSIUM CHLORIDE,3.8673838808424,2.574441150071469,5.809671773380569,145,80.0,3.8673838808424,Undirected,moderate
OPSUMIT,PREDNISONE,3.8673290654967154,2.5365809998734545,5.896217822960055,135,80.0,3.8673290654967154,Undirected,moderate
BUMETANIDE,PREDNISONE,3.867301658609789,2.516268027075532,5.943731731976215,130,80.0,3.867301658609789,Undirected,moderate
DIPHENHYDRAMINE,MORPHINE,3.867274252246784,2.4949265836568086,5.9944890723679025,125,80.0,3.867274252246784,Undirected,moderate
ASPIRIN,KEYTRUDA,3.867274252246784,2.4949265836568086,5.9944890723679025,125,80.0,3.867274252246784,Undirected,moderate
BISOPROLOL,LASIX,3.867274252246784,2.4949265836568086,5.9944890723679025,125,80.0,3.867274252246784,Undirected,moderate
LORAZEPAM,PERPRAZOLE,3.867219441092486,2.4487751674618927,6.107292496380809,115,80.0,3.867219441092486,Undirected,moderate
LORAZEPAM,VALACICLOVIR,3.867164632033701,2.3972230961770564,6.238452447376135,105,80.0,3.867164632033701,Undirected,moderate
ACETAMINOPHEN,NOREPINEPHRINE BITARTRATE,3.867164632033701,2.3972230961770564,6.238452447376135,105,80.0,3.867164632033701,Undirected,moderate
AMBRISENTAN,SODIUM CHLORIDE,3.867164632033701,2.3972230961770564,6.238452447376135,105,80.0,3.867164632033701,Undirected,moderate
MAGNESIUM,REMODULIN,3.867137228290088,2.3690651937350493,6.312511104369232,100,80.0,3.867137228290088,Undirected,moderate
ELIQUIS,POLYETHYLENE GLYCOL,3.867137228290088,2.3690651937350493,6.312511104369232,100,80.0,3.867137228290088,Undirected,moderate
HYDROCORTISONE,PANTOPRAZOLE,3.853736106535372,2.942235955824972,5.047617594847272,329,79.93920972644378,3.853736106535372,Undirected,moderate
PREDNISONE,VANCOMYCIN,3.84831885263248,3.0655912528264704,4.83089778452107,463,79.91360691144709,3.84831885263248,Undirected,moderate
AMIKACIN,MEROPENEM,3.848188604300781,2.813312787701751,5.263743014642815,244,79.91803278688525,3.848188604300781,Undirected,moderate
LISINOPRIL,LORAZEPAM,3.8472943025100688,2.794153736380727,5.2973726024463765,234,79.91452991452992,3.8472943025100688,Undirected,moderate
HYDROXYCHLOROQUINE,RAMIPRIL,3.8452714356603375,2.7523185729505055,5.372238722370896,214,79.90654205607477,3.8452714356603375,Undirected,moderate
ACETAMINOPHEN,CEFTRIAXONE,3.841679529546639,2.9666705644731075,4.9747692866460405,358,79.88826815642457,3.841679529546639,Undirected,moderate
LEVOFLOXACIN,MEROPENEM,3.8399903310028463,2.94320213114542,5.010028222715632,338,79.88165680473372,3.8399903310028463,Undirected,moderate
MIRTAZAPINE,ZOLPIDEM,3.838185152227728,2.6201186770632754,5.622518320159899,164,79.8780487804878,3.838185152227728,Undirected,moderate
METOLAZONE,POTASSIUM CHLORIDE,3.836240509069112,2.5871886559352735,5.688313919304315,154,79.87012987012987,3.836240509069112,Undirected,moderate
RAMIPRIL,RITUXIMAB,3.835593697692591,3.031759944932433,4.852554054739648,432,79.86111111111111,3.835593697692591,Undirected,moderate
LOPERAMIDE,SODIUM CHLORIDE,3.83403520261892,2.551339095380999,5.76161199486732,144,79.86111111111111,3.83403520261892,Undirected,moderate
FLUTICASONE PROPIONATE,OXYGEN,3.8315325515972978,2.834718764225024,5.178870609396485,263,79.84790874524715,3.8315325515972978,Undirected,moderate
FILGRASTIM,FUROSEMIDE,3.831511307235356,2.512098345907974,5.843910896795033,134,79.8507462686567,3.831511307235356,Undirected,moderate
DIVALPROEX SODIUM,QUETIAPINE,3.830106913378914,2.491028167585073,5.88902171352583,129,79.84496124031007,3.830106913378914,Undirected,moderate
OXYGEN,POLOXAMER,3.830106913378914,2.491028167585073,5.88902171352583,129,79.84496124031007,3.830106913378914,Undirected,moderate
ACYCLOVIR,CEFEPIME,3.8285923610712858,2.4688788150502505,5.937156322901599,124,79.83870967741935,3.8285923610712858,Undirected,moderate
ADEMPAS,LASIX,3.8285923610712858,2.4688788150502505,5.937156322901599,124,79.83870967741935,3.8285923610712858,Undirected,moderate
CETIRIZINE,HYDROCORTISONE,3.828445153387424,2.7984253237571455,5.237585640776466,243,79.83539094650206,3.828445153387424,Undirected,moderate
ACTEMRA,VITAMIN D2,3.826953880440566,2.445552200946837,5.988658102390463,119,79.83193277310924,3.826953880440566,Undirected,moderate
LEVOFLOXACIN,PIPERACILLIN / TAZOBACTAM,3.826953880440566,2.445552200946837,5.988658102390463,119,79.83193277310924,3.826953880440566,Undirected,moderate
LORATADINE,OXYGEN,3.826953880440566,2.445552200946837,5.988658102390463,119,79.83193277310924,3.826953880440566,Undirected,moderate
COCAINE,METHADONE HYDROCHLORIDE,3.825175306854525,2.4209370789178086,6.0439266495560044,114,79.82456140350878,3.825175306854525,Undirected,moderate
FUROSEMIDE,LINEZOLID,3.825175306854525,2.4209370789178086,6.0439266495560044,114,79.82456140350878,3.825175306854525,Undirected,moderate
CARBOPLATIN,POLYETHYLENE GLYCOL,3.825175306854525,2.4209370789178086,6.0439266495560044,114,79.82456140350878,3.825175306854525,Undirected,moderate
HYDROCORTISONE,MYCOPHENOLATE MOFETIL,3.823824568287575,2.746934184251424,5.322892122012836,218,79.81651376146789,3.823824568287575,Undirected,moderate
ATORVASTATIN,KARDEGIC,3.823357602226106,3.086304227633436,4.73642981259473,520,79.8076923076923,3.823357602226106,Undirected,moderate
CYTARABINE,VALACYCLOVIR HYDROCHLORIDE,3.823237536656891,2.3949066576327747,6.103430050234381,109,79.81651376146789,3.823237536656891,Undirected,moderate
CANDESARTAN,METFORMIN HYDROCHLORIDE,3.823237536656891,2.3949066576327747,6.103430050234381,109,79.81651376146789,3.823237536656891,Undirected,moderate
EPIDIOLEX,PHENOBARBITAL,3.823237536656891,2.3949066576327747,6.103430050234381,109,79.81651376146789,3.823237536656891,Undirected,moderate
ORENCIA,SULFASALAZINE,3.8227973251678886,3.0088562147875244,4.856921815502155,416,79.8076923076923,3.8227973251678886,Undirected,moderate
FLUDARABINE,MEROPENEM,3.8211178273997266,2.3673156593959095,6.167720554257589,104,79.8076923076923,3.8211178273997266,Undirected,moderate
LASIX,TRELEGY ELLIPTA,3.8211178273997266,2.3673156593959095,6.167720554257589,104,79.8076923076923,3.8211178273997266,Undirected,moderate
AMLODIPINE,INSULIN GLARGINE,3.819321079561885,2.6996580914844506,5.40335591192022,198,79.7979797979798,3.819321079561885,Undirected,moderate
ASCORBIC ACID,CETIRIZINE,3.812279427805334,2.630727696684903,5.524507326996269,173,79.76878612716763,3.812279427805334,Undirected,moderate
ALPRAZOLAM,ZOPICLONE,3.811077499218987,2.8026741749213,5.182304755586189,252,79.76190476190477,3.811077499218987,Undirected,moderate
LOPERAMIDE,TEDUGLUTIDE,3.809912856425823,2.793237853958723,5.196634419437907,247,79.75708502024291,3.809912856425823,Undirected,moderate
SODIUM BICARBONATE,SODIUM CHLORIDE,3.808876926712212,2.5993438175350176,5.581232980790631,163,79.75460122699386,3.808876926712212,Undirected,moderate
CALCIUM CARBONATE,SULFAMETHOXAZOLE / TRIMETHOPRIM,3.8050424689620246,2.565315094954949,5.643886873420858,153,79.73856209150327,3.8050424689620246,Undirected,moderate
CARBOPLATIN,METFORMIN,3.8050424689620246,2.565315094954949,5.643886873420858,153,79.73856209150327,3.8050424689620246,Undirected,moderate
BACTRIM,FUROSEMIDE,3.803726854563114,2.864998029704447,5.050034182961429,296,79.72972972972973,3.803726854563114,Undirected,moderate
LORAZEPAM,VALPROIC ACID,3.8033315009998168,2.7418393359837534,5.275776124682176,222,79.72972972972973,3.8033315009998168,Undirected,moderate
ONDANSETRON HYDROCHLORIDE,REMODULIN,3.8029362589184226,2.547186230677886,5.677764748888256,148,79.72972972972973,3.8029362589184226,Undirected,moderate
ERELZI,HYDROXYCHLOROQUINE,3.7964020405227457,2.8158267324161623,5.118450040751713,266,79.69924812030075,3.7964020405227457,Undirected,moderate
LEUCOVORIN CALCIUM,NIVOLUMAB,3.795693720153851,2.48761714574554,5.7916029570127066,133,79.69924812030075,3.795693720153851,Undirected,moderate
(-)-ARTERENOL,PROPOFOL,3.792912345907077,2.4657898956810316,5.834310574851705,128,79.6875,3.792912345907077,Undirected,moderate
CODEINE,SULFASALAZINE,3.792912345907077,2.4657898956810316,5.834310574851705,128,79.6875,3.792912345907077,Undirected,moderate
LACTULOSE,QUETIAPINE,3.792912345907077,2.4657898956810316,5.834310574851705,128,79.6875,3.792912345907077,Undirected,moderate
HYDROXYCHLOROQUINE,SIMPONI,3.790564137373892,2.7786071127648757,5.171071654404464,246,79.67479674796748,3.790564137373892,Undirected,moderate
MEROPENEM,TEICOPLANIN,3.7891786352385433,2.6409102779004803,5.436714321534132,182,79.67032967032966,3.7891786352385433,Undirected,moderate
ADCIRCA,UPTRAVI,3.7891786352385433,2.6409102779004803,5.436714321534132,182,79.67032967032966,3.7891786352385433,Undirected,moderate
KEVZARA,LEFLUNOMIDE,3.7891786352385433,2.6409102779004803,5.436714321534132,182,79.67032967032966,3.7891786352385433,Undirected,moderate
LECITHIN,POLOXAMER,3.7869741057786825,2.6262083508885534,5.460790219856718,177,79.66101694915254,3.7869741057786825,Undirected,moderate
OMEPRAZOLE,REMODULIN,3.7869741057786825,2.6262083508885534,5.460790219856718,177,79.66101694915254,3.7869741057786825,Undirected,moderate
MIDODRINE,PANTOPRAZOLE,3.7866611070356417,2.418642338179636,5.928450897096396,118,79.66101694915254,3.7866611070356417,Undirected,moderate
OLANZAPINE,SERTRALINE HYDROCHLORIDE,3.7866611070356417,2.418642338179636,5.928450897096396,118,79.66101694915254,3.7866611070356417,Undirected,moderate
OXYGEN,SIMVASTATIN,3.7866611070356417,2.418642338179636,5.928450897096396,118,79.66101694915254,3.7866611070356417,Undirected,moderate
ALLOPURINOL,AZACITIDINE,3.784767779605751,2.8365290904052953,5.049998321538493,285,79.64912280701755,3.784767779605751,Undirected,moderate
HYDROCORTISONE,TOPIRAMATE,3.7831313735457663,2.393101106704321,5.980559262377458,113,79.64601769911505,3.7831313735457663,Undirected,moderate
SODIUM CHLORIDE,TOBRAMYCIN,3.7831313735457663,2.393101106704321,5.980559262377458,113,79.64601769911505,3.7831313735457663,Undirected,moderate
OXYCODONE,POLYETHYLENE GLYCOL,3.7831313735457663,2.393101106704321,5.980559262377458,113,79.64601769911505,3.7831313735457663,Undirected,moderate
AMIODARONE,GABAPENTIN,3.7831313735457663,2.393101106704321,5.980559262377458,113,79.64601769911505,3.7831313735457663,Undirected,moderate
KETAMINE HYDROCHLORIDE,OXYGEN,3.7831313735457663,2.393101106704321,5.980559262377458,113,79.64601769911505,3.7831313735457663,Undirected,moderate
ARAVA,CELEBREX,3.782180851138603,2.595077572275752,5.512317683118375,167,79.64071856287424,3.782180851138603,Undirected,moderate
CHOLECALCIFEROL,LEVETIRACETAM,3.7795688412739583,2.578569889366097,5.5399470399620485,162,79.62962962962963,3.7795688412739583,Undirected,moderate
DICLOFENAC,TRAMADOL HYDROCHLORIDE,3.7795688412739583,2.578569889366097,5.5399470399620485,162,79.62962962962963,3.7795688412739583,Undirected,moderate
DIPHENHYDRAMINE,ELIQUIS,3.779283247069465,2.3660751410484875,6.03657154153213,108,79.62962962962963,3.779283247069465,Undirected,moderate
AMBRISENTAN,TORSEMIDE,3.779283247069465,2.3660751410484875,6.03657154153213,108,79.62962962962963,3.779283247069465,Undirected,moderate
FEBUXOSTAT,ROSUVASTATIN,3.779283247069465,2.3660751410484875,6.03657154153213,108,79.62962962962963,3.779283247069465,Undirected,moderate
LECITHIN,SODIUM CHLORIDE,3.7750712428195374,2.337410845459031,6.096986721888998,103,79.6116504854369,3.7750712428195374,Undirected,moderate
POTASSIUM CHLORIDE,SYMBICORT,3.7750712428195374,2.337410845459031,6.096986721888998,103,79.6116504854369,3.7750712428195374,Undirected,moderate
RIFAMPIN,VANCOMYCIN,3.773844577961627,2.543442610648849,5.59945911064892,152,79.60526315789474,3.773844577961627,Undirected,moderate
DESOXIMETASONE,REMICADE,3.773138293435102,2.773907071032367,5.132317780237648,250,79.60000000000001,3.773138293435102,Undirected,moderate
OXYGEN,POTASSIUM CHLORIDE,3.772781401556264,3.167595053251232,4.493591909521117,774,79.58656330749353,3.772781401556264,Undirected,moderate
HUMIRA,OXYCODONE,3.770957218752913,2.6642761024367254,5.3373290901266195,196,79.59183673469387,3.770957218752913,Undirected,moderate
FLUDARABINE,VALACYCLOVIR HYDROCHLORIDE,3.7706989748369057,2.5247176700411464,5.631588405924362,147,79.59183673469387,3.7706989748369057,Undirected,moderate
DEXAMETHASONE,PEMETREXED,3.7680857869902655,2.823660103562707,5.028392220509601,284,79.5774647887324,3.7680857869902655,Undirected,moderate
ALLOPURINOL,FLUCONAZOLE,3.7671330266093057,2.7432588631319845,5.173150602334465,235,79.57446808510639,3.7671330266093057,Undirected,moderate
CANDESARTAN,HYDROCORTISONE,3.765814824798081,2.636613236402717,5.378627816500479,186,79.56989247311827,3.765814824798081,Undirected,moderate
CIMZIA,LEFLUNOMIDE,3.765409324360399,2.9214864765679036,4.853114157364368,367,79.56403269754769,3.765409324360399,Undirected,moderate
ASCORBIC ACID,RITUXIMAB,3.765409324360399,2.9214864765679036,4.853114157364368,367,79.56403269754769,3.765409324360399,Undirected,moderate
LIDOCAINE HYDROCHLORIDE,OXYGEN,3.7637395855593705,2.484637399348037,5.701329164417985,137,79.56204379562044,3.7637395855593705,Undirected,moderate
METFORMIN HYDROCHLORIDE,OXYGEN,3.760799909058989,2.851161733123085,4.960650176966833,308,79.54545454545455,3.760799909058989,Undirected,moderate
METFORMIN,RITUXIMAB,3.760107147513438,2.606883669733608,5.423489327479816,176,79.54545454545455,3.760107147513438,Undirected,moderate
ACETAMINOPHEN,SILDENAFIL CITRATE,3.7598763042509726,2.4631374334951763,5.739293971594638,132,79.54545454545455,3.7598763042509726,Undirected,moderate
SULFAMETHOXAZOLE / TRIMETHOPRIM,VONOPRAZAN FUMARATE,3.7570110444745706,2.5911597572027745,5.447418650690053,171,79.53216374269006,3.7570110444745706,Undirected,moderate
DESOXIMETASONE,PANTOPRAZOLE,3.755717956193002,2.4405532502661327,5.779598279583697,127,79.52755905511812,3.755717956193002,Undirected,moderate
CEFEPIME,LEVOFLOXACIN,3.755717956193002,2.4405532502661327,5.779598279583697,127,79.52755905511812,3.755717956193002,Undirected,moderate
HYDROXYCHLOROQUINE SULFATE,SULFAMETHOXAZOLE / TRIMETHOPRIM,3.755717956193002,2.4405532502661327,5.779598279583697,127,79.52755905511812,3.755717956193002,Undirected,moderate
CYTARABINE,VANCOMYCIN,3.755717956193002,2.4405532502661327,5.779598279583697,127,79.52755905511812,3.755717956193002,Undirected,moderate
QUETIAPINE,VALPROIC ACID,3.755347464906116,2.827513279310968,4.987645747012528,293,79.5221843003413,3.755347464906116,Undirected,moderate
ASPIRIN,CARBOPLATIN,3.755347464906116,2.827513279310968,4.987645747012528,293,79.5221843003413,3.755347464906116,Undirected,moderate
FUROSEMIDE,METOLAZONE,3.751229133312624,2.416788542720905,5.822487057461365,122,79.50819672131148,3.751229133312624,Undirected,moderate
DULOXETINE HYDROCHLORIDE,OXYGEN,3.751229133312624,2.416788542720905,5.822487057461365,122,79.50819672131148,3.751229133312624,Undirected,moderate
POTASSIUM CHLORIDE,SODIUM CHLORIDE,3.750782833034709,3.052716160890395,4.608476883905418,556,79.49640287769785,3.750782833034709,Undirected,moderate
REMODULIN,VITAMINS,3.750260895911963,2.557796909980272,5.498660481028917,161,79.5031055900621,3.750260895911963,Undirected,moderate
APIXABAN,LEVOTHYROXINE SODIUM,3.750260895911963,2.557796909980272,5.498660481028917,161,79.5031055900621,3.750260895911963,Undirected,moderate
ACTEMRA,MYCOPHENOLATE MOFETIL,3.746571978884633,2.540067466830429,5.526153055485194,156,79.48717948717949,3.746571978884633,Undirected,moderate
BUMETANIDE,LT4,3.7463685261915343,2.391734441702241,5.8682422635722755,117,79.48717948717949,3.7463685261915343,Undirected,moderate
BISOPROLOL,POTASSIUM CHLORIDE,3.7443807244685807,2.717016325879897,5.16021448830691,229,79.47598253275109,3.7443807244685807,Undirected,moderate
ACETAMINOPHEN,SULFASALAZINE,3.744220706813255,2.98077787428032,4.703198055210319,453,79.47019867549669,3.744220706813255,Undirected,moderate
ASPIRIN,INSULIN LISPRO,3.742646836066851,2.521571224722236,5.555030610354542,151,79.47019867549669,3.742646836066851,Undirected,moderate
LACTULOSE,RIFAXIMIN,3.742646836066851,2.521571224722236,5.555030610354542,151,79.47019867549669,3.742646836066851,Undirected,moderate
CEFTAZIDIME,VANCOMYCIN,3.741670699368737,2.7055892517673477,5.174510363452018,224,79.46428571428571,3.741670699368737,Undirected,moderate
KETOPROFEN,SODIUM CHLORIDE,3.74108764116477,2.365267310454604,5.9171902799374525,112,79.46428571428571,3.74108764116477,Undirected,moderate
LOXOPROFEN,MAGNESIUM OXIDE,3.74108764116477,2.365267310454604,5.9171902799374525,112,79.46428571428571,3.74108764116477,Undirected,moderate
FILGRASTIM,FOLIC ACID,3.74108764116477,2.365267310454604,5.9171902799374525,112,79.46428571428571,3.74108764116477,Undirected,moderate
METHOTREXATE,METOCLOPRAMIDE,3.74108764116477,2.365267310454604,5.9171902799374525,112,79.46428571428571,3.74108764116477,Undirected,moderate
FLUCONAZOLE,PIPERACILLIN / TAZOBACTAM,3.74108764116477,2.365267310454604,5.9171902799374525,112,79.46428571428571,3.74108764116477,Undirected,moderate
ACETAMINOPHEN,CYTARABINE,3.7403611911913424,2.618143721131528,5.343595818538139,185,79.45945945945945,3.7403611911913424,Undirected,moderate
ACETAMINOPHEN,DIAZEPAM,3.7386665947499647,3.1313693971643084,4.4637428977102145,749,79.43925233644859,3.7386665947499647,Undirected,moderate
ACETAMINOPHEN,POLYETHYLENE GLYCOL 4000,3.73846184482716,2.5022502959269106,5.5854112548126675,146,79.45205479452055,3.73846184482716,Undirected,moderate
TEDUGLUTIDE,URSADIOL 300 MG ORAL CAPSULE [URSODIOL],3.735329167537377,2.3372460440739307,5.969711244236523,107,79.43925233644859,3.735329167537377,Undirected,moderate
HYDROXYZINE DIHYDROCHLORIDE,OXYGEN,3.735329167537377,2.3372460440739307,5.969711244236523,107,79.43925233644859,3.735329167537377,Undirected,moderate
ALLOPURINOL,SENNOSIDES,3.733990124240108,2.4820404270714653,5.617427538991978,141,79.43262411347519,3.733990124240108,Undirected,moderate
LAMOTRIGINE,PANTOPRAZOLE,3.733240317660604,2.5875597770094516,5.386187941719475,175,79.42857142857143,3.733240317660604,Undirected,moderate
KETAMINE HYDROCHLORIDE,LIDOCAINE HYDROCHLORIDE,3.733240317660604,2.5875597770094516,5.386187941719475,175,79.42857142857143,3.733240317660604,Undirected,moderate
ATENOLOL,FUROSEMIDE,3.732355529869498,2.7890554505967353,4.994693740623519,277,79.42238267148014,3.732355529869498,Undirected,moderate
AMBRISENTAN,OXYGEN,3.732266741765072,2.8350715828541597,4.9133909407896015,311,79.42122186495176,3.732266741765072,Undirected,moderate
ACETAMINOPHEN,CELECOXIB,3.73078665087244,2.962441705979862,4.698411113451497,442,79.41176470588235,3.73078665087244,Undirected,moderate
QUETIAPINE FUMARATE,SERTRALINE HYDROCHLORIDE,3.729377050926476,2.5713770431954246,5.408873515761583,170,79.41176470588235,3.729377050926476,Undirected,moderate
DICLOFENAC DIETHYLAMMONIUM,PHTHALYLSULFATHIAZOLE,3.7290248782915554,2.3075087362355116,6.0262508759135205,102,79.41176470588235,3.7290248782915554,Undirected,moderate
ACETAMINOPHEN,PAROXETINE HYDROCHLORIDE,3.7290248782915554,2.3075087362355116,6.0262508759135205,102,79.41176470588235,3.7290248782915554,Undirected,moderate
BISOPROLOL FUMARATE,PREDNISOLONE,3.7290248782915554,2.3075087362355116,6.0262508759135205,102,79.41176470588235,3.7290248782915554,Undirected,moderate
ALLOPURINOL,SODIUM CHLORIDE,3.7261576970630386,2.642756273308674,5.253700965015341,199,79.39698492462311,3.7261576970630386,Undirected,moderate
CYCLOPHOSPHAMIDE,LEVOFLOXACIN,3.7261576970630386,2.642756273308674,5.253700965015341,199,79.39698492462311,3.7261576970630386,Undirected,moderate
KARDEGIC,PERINDOPRIL,3.7252881461147367,2.5545470656342086,5.43257627086921,165,79.39393939393939,3.7252881461147367,Undirected,moderate
CIMZIA,PSEUDOEPHEDRINE HYDROCHLORIDE,3.722593820277081,2.6288965855443025,5.271300829011473,194,79.38144329896907,3.722593820277081,Undirected,moderate
DEXAMETHASONE,REMDESIVIR,3.720641185107597,2.6898771664276637,5.146395159264285,223,79.37219730941703,3.720641185107597,Undirected,moderate
CIMZIA,ORENCIA,3.7198235808281064,2.899467500130843,4.772285763458433,378,79.36507936507937,3.7198235808281064,Undirected,moderate
METOLAZONE,OXYGEN,3.718523744235415,2.415318271635665,5.7248847900606386,126,79.36507936507937,3.718523744235415,Undirected,moderate
APIXABAN,METHYLPREDNISOLONE,3.718523744235415,2.415318271635665,5.7248847900606386,126,79.36507936507937,3.718523744235415,Undirected,moderate
AMIODARONE HYDROCHLORIDE,FUROSEMIDE,3.716348807782748,2.5187610643046257,5.483349991723505,155,79.35483870967742,3.716348807782748,Undirected,moderate
CETIRIZINE HYDROCHLORIDE,METHOTREXATE,3.7149967646502007,2.9381322302396007,4.697270197480522,426,79.34272300469483,3.7149967646502007,Undirected,moderate
HUMIRA,PREDNISOLONE,3.712547796726811,2.390746129859059,5.765150456938582,121,79.33884297520662,3.712547796726811,Undirected,moderate
AMPICILLIN,VANCOMYCIN,3.712547796726811,2.390746129859059,5.765150456938582,121,79.33884297520662,3.712547796726811,Undirected,moderate
DAPAGLIFLOZIN,SPIROCTAN,3.712547796726811,2.390746129859059,5.765150456938582,121,79.33884297520662,3.712547796726811,Undirected,moderate
CYCLOPHOSPHAMIDE,VALACYCLOVIR HYDROCHLORIDE,3.707713078393211,2.939926755067191,4.676013185700566,435,79.3103448275862,3.707713078393211,Undirected,moderate
AMLODIPINE,KEYTRUDA,3.706522379903097,2.6391779737751135,5.205525466352338,203,79.3103448275862,3.706522379903097,Undirected,moderate
AMBRISENTAN,TREPROSTINIL,3.7063736162192606,2.568236686224171,5.348886049596433,174,79.3103448275862,3.7063736162192606,Undirected,moderate
CLONIDINE,LIDOCAINE HYDROCHLORIDE,3.7063736162192606,2.568236686224171,5.348886049596433,174,79.3103448275862,3.7063736162192606,Undirected,moderate
MORPHINE,PROPOFOL,3.706076137906865,2.364828564929353,5.808032152374216,116,79.3103448275862,3.706076137906865,Undirected,moderate
CALCIUM,DESOXIMETASONE,3.706076137906865,2.364828564929353,5.808032152374216,116,79.3103448275862,3.706076137906865,Undirected,moderate
ORENCIA,REMICADE,3.702608638042123,2.846004125314558,4.817038248315576,338,79.28994082840237,3.702608638042123,Undirected,moderate
ORENCIA,PANTOPRAZOLE SODIUM,3.702565571768568,2.625432080961065,5.221613582259417,198,79.29292929292929,3.702565571768568,Undirected,moderate
FUROSEMIDE,SODIUM CHLORIDE,3.701853891238356,2.983036166983522,4.593884037931029,502,79.2828685258964,3.701853891238356,Undirected,moderate
DIVALPROEX SODIUM,OLANZAPINE,3.700642083540571,2.4589434610598166,5.5693642604409455,140,79.28571428571428,3.700642083540571,Undirected,moderate
FUROSEMIDE,QUETIAPINE,3.697260970010674,2.7163772375838744,5.032341786416618,246,79.26829268292683,3.697260970010674,Undirected,moderate
LITHIUM,LORAZEPAM,3.6968419975402633,2.5342831806245987,5.392704674545962,164,79.26829268292683,3.6968419975402633,Undirected,moderate
ARAVA,CIMZIA,3.696243712930408,2.8565392464590684,4.7827865842603385,352,79.26136363636364,3.696243712930408,Undirected,moderate
IBUPROFEN,XELJANZ,3.694662486003769,2.4371041583651096,5.601127403040821,135,79.25925925925927,3.694662486003769,Undirected,moderate
HYDROXYCHLOROQUINE SULFATE,OXYGEN,3.694662486003769,2.4371041583651096,5.601127403040821,135,79.25925925925927,3.694662486003769,Undirected,moderate
CLOPIDOGREL,TORSEMIDE,3.6916454254127298,2.516253869728669,5.416085439916398,159,79.24528301886792,3.6916454254127298,Undirected,moderate
ALPRAZOLAM,BUPRENORPHINE,3.6913752980591217,2.308419439292523,5.902849091973161,106,79.24528301886792,3.6913752980591217,Undirected,moderate
BUMETANIDE,PANTOPRAZOLE SODIUM,3.6913752980591217,2.308419439292523,5.902849091973161,106,79.24528301886792,3.6913752980591217,Undirected,moderate
POTASSIUM CHLORIDE,SILDENAFILO,3.688241985976189,2.4141826150897763,5.634672730261426,130,79.23076923076923,3.688241985976189,Undirected,moderate
DEXAMETHASONE,INSULIN,3.688241985976189,2.4141826150897763,5.634672730261426,130,79.23076923076923,3.688241985976189,Undirected,moderate
INFLIXIMAB,PANTOPRAZOLE SODIUM,3.6865173970612135,2.682656305567798,5.066027463387078,231,79.22077922077922,3.6865173970612135,Undirected,moderate
CETIRIZINE HYDROCHLORIDE,DICLOFENAC SODIUM,3.686155028021412,2.827635288720174,4.805336439536915,332,79.21686746987952,3.686155028021412,Undirected,moderate
DIAZEPAM,PROPOFOL,3.686125781128649,2.4974557218690263,5.4405462148224855,154,79.22077922077922,3.686125781128649,Undirected,moderate
DOXYCYCLINE,RITUXIMAB,3.686125781128649,2.4974557218690263,5.4405462148224855,154,79.22077922077922,3.686125781128649,Undirected,moderate
CLONIDINE,LECITHIN,3.684614347215973,2.565365146867642,5.292183416573973,178,79.21348314606742,3.684614347215973,Undirected,moderate
DICLOFENAC DIETHYLAMMONIUM,PREDNISONE,3.683491698557648,2.622203712294739,5.174316179069629,202,79.20792079207921,3.683491698557648,Undirected,moderate
BMS-830216,LANSOPRAZOLE,3.682978733814204,2.27760941725038,5.9555129386947625,101,79.20792079207921,3.682978733814204,Undirected,moderate
ADALIMUMAB,NAPROXEN,3.68143337405109,2.749864425212877,4.9285890472683995,274,79.1970802919708,3.68143337405109,Undirected,moderate
ACTEMRA,METHYLPREDNISOLONE SODIUM SUCCINATE,3.681329710033042,2.3900850015405495,5.670170067272411,125,79.2,3.681329710033042,Undirected,moderate
FLUDARABINE,VORICONAZOLE,3.681329710033042,2.3900850015405495,5.670170067272411,125,79.2,3.681329710033042,Undirected,moderate
CLOPIDOGREL,VALSARTAN,3.6802517995898874,2.4778318381198865,5.466171311553421,149,79.19463087248322,3.6802517995898874,Undirected,moderate
METHYLPREDNISOLONE,VANCOMYCIN,3.679972710216613,2.88531869439961,4.693484700398727,394,79.18781725888326,3.679972710216613,Undirected,moderate
LEUCOVORIN CALCIUM,PREDNISONE,3.679507043188486,2.548914411238945,5.311583637793833,173,79.1907514450867,3.679507043188486,Undirected,moderate
IBUPROFEN,ZOPICLONE,3.6785824581471394,2.6584544038775073,5.090163999672405,221,79.18552036199095,3.6785824581471394,Undirected,moderate
ASCORBIC ACID,OXYCODONE,3.6785824581471394,2.6584544038775073,5.090163999672405,221,79.18552036199095,3.6785824581471394,Undirected,moderate
COSENTYX,REMICADE,3.678291865847304,2.7019957143573436,5.007347339030271,245,79.18367346938776,3.678291865847304,Undirected,moderate
LORAZEPAM,QUETIAPINE,3.675743923924555,3.077710237603568,4.38998227617054,739,79.16102841677943,3.675743923924555,Undirected,moderate
FOSAMAX,PREDNISONE,3.675324197157776,2.894086871928282,4.66745075458405,408,79.16666666666666,3.675324197157776,Undirected,moderate
DIAZEPAM,RISPERIDONE,3.674595222502139,2.730212196982465,4.945641245086809,264,79.16666666666666,3.674595222502139,Undirected,moderate
ARAVA,REMICADE,3.674595222502139,2.730212196982465,4.945641245086809,264,79.16666666666666,3.674595222502139,Undirected,moderate
LOXOPROFEN,REBAMIPIDE,3.674109460060126,2.5318142013371587,5.33178158072337,168,79.16666666666666,3.674109460060126,Undirected,moderate
MERCAPTOPURINE,VINCRISTINE SULFATE,3.673988047018565,2.457319208516684,5.493054432184749,144,79.16666666666666,3.673988047018565,Undirected,moderate
DIGOXIN,PREDNISONE,3.673866645001577,2.364705595955552,5.707812485554267,120,79.16666666666666,3.673866645001577,Undirected,moderate
ACTEMRA,IBUPROFEN,3.668395984922797,2.514020230364927,5.352832463183601,163,79.14110429447852,3.668395984922797,Undirected,moderate
DIPHENHYDRAMINE,LORAZEPAM,3.667995506008048,2.746452064267062,4.898753270498357,278,79.13669064748201,3.667995506008048,Undirected,moderate
CHOLECALCIFEROL,FLUCONAZOLE,3.667294202219164,2.435847838077392,5.52130003992597,139,79.13669064748201,3.667294202219164,Undirected,moderate
BUMETANIDE,OPSUMIT,3.667294202219164,2.435847838077392,5.52130003992597,139,79.13669064748201,3.667294202219164,Undirected,moderate
MYRBETRIQ,PREDNISONE,3.667294202219164,2.435847838077392,5.52130003992597,139,79.13669064748201,3.667294202219164,Undirected,moderate
CALCIUM CARBONATE,PANTOPRAZOLE,3.666959914001101,2.910559533605515,4.619934708648175,436,79.12844036697247,3.666959914001101,Undirected,moderate
FUROSEMIDE,OLANZAPINE,3.6623379002734833,2.495483846239438,5.374796922044533,158,79.11392405063292,3.6623379002734833,Undirected,moderate
FUROSEMIDE,MIDAZOLAM,3.660124183825379,2.4133397146091373,5.551024980000832,134,79.1044776119403,3.660124183825379,Undirected,moderate
LOPERAMIDE,OXYGEN,3.6584735875685506,2.54648077598566,5.2560494927577155,177,79.09604519774011,3.6584735875685506,Undirected,moderate
NIFEDIPINE,VALSARTAN,3.6570007791803025,2.309606496619207,5.7904472984907365,110,79.0909090909091,3.6570007791803025,Undirected,moderate
ARIPIPRAZOLE,FUROSEMIDE,3.6570007791803025,2.309606496619207,5.7904472984907365,110,79.0909090909091,3.6570007791803025,Undirected,moderate
CEFTRIAXONE,DEXAMETHASONE,3.656671078894214,2.7760272903575953,4.816682971981502,306,79.08496732026144,3.656671078894214,Undirected,moderate
AMLODIPINE BESYLATE,OXYGEN,3.653071733581697,2.706303640708245,4.93105536642636,258,79.06976744186046,3.653071733581697,Undirected,moderate
ACETAMINOPHEN,TORSEMIDE,3.652856148557805,2.6297751094548474,5.0739540404360435,215,79.06976744186046,3.652856148557805,Undirected,moderate
ARAVA,LEFLUNOMIDE,3.652549306506611,2.875707322430073,4.639246954098311,406,79.06403940886699,3.652549306506611,Undirected,moderate
HUMIRA,KORTISON,3.652425083601828,2.389707583231923,5.582360404649202,129,79.06976744186046,3.652425083601828,Undirected,moderate
METHOTREXATE,TOFACITINIB CITRATE,3.652425083601828,2.389707583231923,5.582360404649202,129,79.06976744186046,3.652425083601828,Undirected,moderate
ELIQUIS,MIDODRINE HYDROCHLORIDE,3.652425083601828,2.389707583231923,5.582360404649202,129,79.06976744186046,3.652425083601828,Undirected,moderate
DICLOFENAC SODIUM,PANTOPRAZOLE,3.650049589423472,2.575832110851495,5.17225557874046,191,79.05759162303664,3.650049589423472,Undirected,moderate
ATIVAN,PANTOPRAZOLE,3.647421638633192,2.2795954024097695,5.8359850155454165,105,79.04761904761905,3.647421638633192,Undirected,moderate
MAGNESIUM,URSADIOL 300 MG ORAL CAPSULE [URSODIOL],3.647421638633192,2.2795954024097695,5.8359850155454165,105,79.04761904761905,3.647421638633192,Undirected,moderate
LORAZEPAM,OLANZAPINE,3.646487644461219,3.1223072921286428,4.258668637366296,963,79.0238836967809,3.646487644461219,Undirected,moderate
GLYCERYL TRINITRATE,PREGABALIN,3.6441358535846087,2.3648534832538757,5.615454070798851,124,79.03225806451613,3.6441358535846087,Undirected,moderate
CHLORPROMAZINE,OLANZAPINE,3.6441358535846087,2.3648534832538757,5.615454070798851,124,79.03225806451613,3.6441358535846087,Undirected,moderate
EZETIMIBE,IRBESARTAN,3.6441358535846087,2.3648534832538757,5.615454070798851,124,79.03225806451613,3.6441358535846087,Undirected,moderate
CHOLECALCIFEROL,SULFASALAZINE,3.642810372784987,2.602555824308279,5.098859854657251,205,79.02439024390245,3.642810372784987,Undirected,moderate
FUROSEMIDE,PROTONIX,3.641751379217506,2.4348555478479983,5.446874710803394,143,79.02097902097903,3.641751379217506,Undirected,moderate
DICLOFENAC SODIUM,TOPIRAMATE,3.639950108261362,2.493758232352594,5.312959620040095,162,79.01234567901234,3.639950108261362,Undirected,moderate
KETOPROFEN,LECITHIN,3.639950108261362,2.493758232352594,5.312959620040095,162,79.01234567901234,3.639950108261362,Undirected,moderate
CEFTAZIDIME,MEROPENEM,3.639950108261362,2.493758232352594,5.312959620040095,162,79.01234567901234,3.639950108261362,Undirected,moderate
ASCORBIC ACID,RAMIPRIL,3.639414234123828,2.7032650803872436,4.899754768276641,262,79.00763358778626,3.639414234123828,Undirected,moderate
PANTOPRAZOLE SODIUM,TADALAFIL,3.636932809385905,2.24771297789163,5.884772829133605,100,79.0,3.636932809385905,Undirected,moderate
GANCICLOVIR,SULFAMETHOXAZOLE / TRIMETHOPRIM,3.635185678135596,2.3386669908367357,5.650473096981713,119,78.99159663865547,3.635185678135596,Undirected,moderate
COSENTYX,PREDNISOLONE,3.635185678135596,2.3386669908367357,5.650473096981713,119,78.99159663865547,3.635185678135596,Undirected,moderate
TYVASO,VITAMINS,3.6339464802747425,2.412753588330118,5.473234848918346,138,78.98550724637681,3.6339464802747425,Undirected,moderate
DILAUDID,GABAPENTIN,3.6339464802747425,2.412753588330118,5.473234848918346,138,78.98550724637681,3.6339464802747425,Undirected,moderate
ORENITRAM,SILDENAFIL CITRATE,3.6339464802747425,2.412753588330118,5.473234848918346,138,78.98550724637681,3.6339464802747425,Undirected,moderate
FUROSEMIDE,REMODULIN,3.633810972643833,2.769804593505467,4.767333484776626,314,78.98089171974523,3.633810972643833,Undirected,moderate
DIPYRONE,TORSEMIDE,3.633030515206478,2.4747148463237485,5.333507714647917,157,78.98089171974523,3.633030515206478,Undirected,moderate
ATIVAN,TYLENOL,3.633030515206478,2.4747148463237485,5.333507714647917,157,78.98089171974523,3.633030515206478,Undirected,moderate
RITUXIMAB,XELJANZ,3.6327588325192446,2.847364850679741,4.634789507953689,390,78.97435897435898,3.6327588325192446,Undirected,moderate
KETOPROFEN,LIDOCAINE HYDROCHLORIDE,3.632332952862624,2.5275971957944536,5.219915064949552,176,78.97727272727273,3.632332952862624,Undirected,moderate
KARDEGIC,PREDNISONE,3.632332952862624,2.5275971957944536,5.219915064949552,176,78.97727272727273,3.632332952862624,Undirected,moderate
AMLODIPINE,SODIUM BICARBONATE,3.63101583489446,2.649572449472422,4.976001315185604,233,78.96995708154506,3.63101583489446,Undirected,moderate
CHOLECALCIFEROL,HYDROXYCHLOROQUINE,3.625962544990464,2.6000708053891746,5.056633207996737,209,78.94736842105263,3.625962544990464,Undirected,moderate
ADALIMUMAB,PANTOPRAZOLE,3.625868410298324,2.5581452723907456,5.139239694746766,190,78.94736842105263,3.625868410298324,Undirected,moderate
KETOPROFEN,POLOXAMER,3.6257742823549655,2.510272365949185,5.236977200127766,171,78.94736842105263,3.6257742823549655,Undirected,moderate
FUROSEMIDE,ORENITRAM,3.6257742823549655,2.510272365949185,5.236977200127766,171,78.94736842105263,3.6257742823549655,Undirected,moderate
AMOXICILLIN / CLAVULANATE,VANCOMYCIN,3.625680161159661,2.454848302591923,5.3549364403279665,152,78.94736842105263,3.625680161159661,Undirected,moderate
OXYCODONE,ZOPICLONE,3.6255860467116863,2.389576767360414,5.500921486038146,133,78.94736842105263,3.6255860467116863,Undirected,moderate
MEROPENEM,OMEPRAZOLE,3.6255860467116863,2.389576767360414,5.500921486038146,133,78.94736842105263,3.6255860467116863,Undirected,moderate
OXYGEN,SPIRIVA,3.625491939010315,2.311023094747894,5.687607289473089,114,78.94736842105263,3.625491939010315,Undirected,moderate
BUMETANIDE,SPIRONOLACTONE,3.6239653888531778,2.8444792416581826,4.617057824598445,394,78.93401015228426,3.6239653888531778,Undirected,moderate
QUETIAPINE,ZOPICLONE,3.623190708961253,2.7884906340534275,4.7077478952908045,337,78.93175074183976,3.623190708961253,Undirected,moderate
ACTEMRA,PHTHALYLSULFATHIAZOLE,3.6213850974093593,2.6588534573902827,4.932362852599883,242,78.92561983471074,3.6213850974093593,Undirected,moderate
CELECOXIB,PREDNISONE,3.6209555041902144,2.837876752085756,4.620115638809534,389,78.9203084832905,3.6209555041902144,Undirected,moderate
DICLOFENAC SODIUM,LISINOPRIL,3.618842397493916,2.492254912028296,5.254687325399413,166,78.91566265060241,3.618842397493916,Undirected,moderate
ATOVAQUONE,PANTOPRAZOLE,3.617857359522582,2.434097122311367,5.3773087991751,147,78.91156462585033,3.617857359522582,Undirected,moderate
CETIRIZINE HYDROCHLORIDE,LISINOPRIL,3.617857359522582,2.434097122311367,5.3773087991751,147,78.91156462585033,3.617857359522582,Undirected,moderate
TORSEMIDE,XARELTO,3.6166083524011863,2.3652341879910654,5.530046893905051,128,78.90625,3.6166083524011863,Undirected,moderate
MEROPENEM,METHOTREXATE,3.6166083524011863,2.3652341879910654,5.530046893905051,128,78.90625,3.6166083524011863,Undirected,moderate
OXYGEN,PROTONIX,3.61642982791587,2.6469477874271576,4.940998368899455,237,78.90295358649789,3.61642982791587,Undirected,moderate
ACTEMRA,DICLOFENAC,3.61642982791587,2.6469477874271576,4.940998368899455,237,78.90295358649789,3.61642982791587,Undirected,moderate
DICLOFENAC SODIUM,PREGABALIN,3.6098641154759545,2.5977612635482665,5.01628810739978,213,78.87323943661971,3.6098641154759545,Undirected,moderate
CELEBREX,DICLOFENAC SODIUM,3.609514865483801,2.4123931790204707,5.400694081484129,142,78.87323943661971,3.609514865483801,Undirected,moderate
OXYGEN,SODIUM CHLORIDE,3.608030722814724,2.979409997192044,4.369283082571278,629,78.85532591414945,3.608030722814724,Undirected,moderate
ATORVASTATIN CALCIUM,MIRTAZAPINE,3.60694217488884,2.339623761641135,5.560736758745312,123,78.86178861788618,3.60694217488884,Undirected,moderate
ALPRAZOLAM,CLONAZEPAM,3.605903308891481,2.6220607025069342,4.9589007076163005,227,78.8546255506608,3.605903308891481,Undirected,moderate
DEXAMETHASONE,LEVOFLOXACIN,3.60448881306268,2.7468174677295525,4.729961038959438,312,78.84615384615384,3.60448881306268,Undirected,moderate
AMIODARONE,DIGOXIN,3.603468189258084,2.2507740124234945,5.769118942782491,104,78.84615384615384,3.603468189258084,Undirected,moderate
PREGABALIN,SODIUM CHLORIDE,3.603468189258084,2.2507740124234945,5.769118942782491,104,78.84615384615384,3.603468189258084,Undirected,moderate
DIPHENHYDRAMINE,OXYGEN,3.603468189258084,2.2507740124234945,5.769118942782491,104,78.84615384615384,3.603468189258084,Undirected,moderate
EPINEPHRINE,POTASSIUM CHLORIDE,3.600598917706166,2.389660743022601,5.425168657952969,137,78.83211678832117,3.600598917706166,Undirected,moderate
MORPHINE,PANTOPRAZOLE,3.5993242816176663,2.6652380458522944,4.860779810795367,255,78.82352941176471,3.5993242816176663,Undirected,moderate
HALOPERIDOL,LORAZEPAM,3.5992219371879326,2.8075052786784194,4.614202741315198,373,78.82037533512064,3.5992219371879326,Undirected,moderate
FLUCONAZOLE,LEVOFLOXACIN,3.596564737209022,2.6845520992925502,4.818411947506693,269,78.81040892193309,3.596564737209022,Undirected,moderate
CYANOCOBALAMIN,OLANZAPINE,3.596504896127543,2.3126303662404855,5.5931322431335415,118,78.8135593220339,3.596504896127543,Undirected,moderate
PSEUDOEPHEDRINE HYDROCHLORIDE,REMICADE,3.5948440117118214,2.5242044657090807,5.119594566959984,184,78.80434782608695,3.5948440117118214,Undirected,moderate
PREDNISONE,TORSEMIDE,3.594466210453337,2.5956146837551692,4.977698507776461,217,78.80184331797236,3.594466210453337,Undirected,moderate
SODIUM CHLORIDE,TORIPALIMAB,3.594087843759661,2.702581280755324,4.779677680980149,283,78.79858657243817,3.594087843759661,Undirected,moderate
ARAVA,FOLIC ACID,3.591358587093968,2.882797450544925,4.4740765601327785,476,78.78151260504201,3.591358587093968,Undirected,moderate
ATORVASTATIN CALCIUM,LASIX,3.5876419443670904,2.5073418780304664,5.133394386206507,179,78.77094972067039,3.5876419443670904,Undirected,moderate
MEROPENEM,SODIUM CHLORIDE,3.5852001283956754,2.284123619079951,5.627392428885193,113,78.76106194690266,3.5852001283956754,Undirected,moderate
DIAZEPAM,OXYCODONE,3.5846066367507032,2.538820456151896,5.06117110766986,193,78.75647668393782,3.5846066367507032,Undirected,moderate
PANTOPRAZOLE,SITAGLIPTIN,3.58305876280269,2.453237165539208,5.233211969082229,160,78.75,3.58305876280269,Undirected,moderate
FENTANYL,METOCLOPRAMIDE,3.580791792373036,2.340762469887388,5.47773216004397,127,78.74015748031496,3.580791792373036,Undirected,moderate
AMLODIPINE,LEVETIRACETAM,3.5795912532636636,2.6714905689185797,4.79637610909801,268,78.73134328358209,3.5795912532636636,Undirected,moderate
LISINOPRIL,OXYGEN,3.5775063987821403,2.522773637389098,5.07320666572876,188,78.72340425531915,3.5775063987821403,Undirected,moderate
ELIQUIS,LOPERAMIDE,3.577278505816343,2.389932130496505,5.354512517272643,141,78.72340425531915,3.577278505816343,Undirected,moderate
EMPAGLIFLOZIN,PANTOPRAZOLE,3.577278505816343,2.389932130496505,5.354512517272643,141,78.72340425531915,3.577278505816343,Undirected,moderate
MEROPENEM,PIPERACILLIN SODIUM\TAZOBACTAM SODIUM,3.5753608828398535,2.8287797881329353,4.518982176049344,418,78.70813397129187,3.5753608828398535,Undirected,moderate
SILDENAFIL CITRATE,TORSEMIDE,3.5729147208895995,2.2539551652384695,5.663697219726633,108,78.70370370370371,3.5729147208895995,Undirected,moderate
BOTULINUM TOXIN TYPE A,DICLOFENAC SODIUM,3.5729147208895995,2.2539551652384695,5.663697219726633,108,78.70370370370371,3.5729147208895995,Undirected,moderate
MAGNESIUM,RAMIPRIL,3.5720420351526756,2.471633759545922,5.16236851500272,169,78.69822485207101,3.5720420351526756,Undirected,moderate
CLONIDINE,KETAMINE HYDROCHLORIDE,3.5720420351526756,2.471633759545922,5.16236851500272,169,78.69822485207101,3.5720420351526756,Undirected,moderate
HYDROXYCHLOROQUINE SULFATE,IBUPROFEN,3.569748673944463,2.31439588323439,5.50601808767463,122,78.68852459016394,3.569748673944463,Undirected,moderate
BUMETANIDE,VITAMINS,3.569748673944463,2.31439588323439,5.50601808767463,122,78.68852459016394,3.569748673944463,Undirected,moderate
MORPHINE,OLANZAPINE,3.565235118969386,2.412245386096676,5.269323563346319,150,78.66666666666666,3.565235118969386,Undirected,moderate
PROPOFOL,SUFENTANIL,3.5636766667712387,2.7513599581471735,4.615823294107284,342,78.65497076023392,3.5636766667712387,Undirected,moderate
ARAVA,PHTHALYLSULFATHIAZOLE,3.5634930751855713,2.6378627478488545,4.813928589442714,253,78.65612648221344,3.5634930751855713,Undirected,moderate
METHOTREXATE,ONDANSETRON,3.562617850457966,2.6584293575411233,4.7743401239524585,267,78.65168539325843,3.562617850457966,Undirected,moderate
FUROSEMIDE,VONOPRAZAN FUMARATE,3.5595149499322916,2.221955351805368,5.702250798377575,103,78.64077669902912,3.5595149499322916,Undirected,moderate
ACYCLOVIR,POLYETHYLENE GLYCOL,3.5595149499322916,2.221955351805368,5.702250798377575,103,78.64077669902912,3.5595149499322916,Undirected,moderate
DICLOFENAC SODIUM,PANTOPRAZOLE SODIUM,3.559419471656337,2.7430683758445773,4.6187208043275305,337,78.63501483679525,3.559419471656337,Undirected,moderate
CALCIUM CARBONATE,LISINOPRIL,3.557824298976093,2.2865957759090576,5.5357898740770555,117,78.63247863247864,3.557824298976093,Undirected,moderate
METHYLPREDNISOLONE,VITAMIN D2,3.557824298976093,2.2865957759090576,5.5357898740770555,117,78.63247863247864,3.557824298976093,Undirected,moderate
CODEINE,QUETIAPINE FUMARATE,3.557824298976093,2.2865957759090576,5.5357898740770555,117,78.63247863247864,3.557824298976093,Undirected,moderate
REMODULIN,TADALAFIL,3.5571360867772635,2.8176761260771115,4.490657042784194,421,78.62232779097387,3.5571360867772635,Undirected,moderate
LASIX,TADALAFIL,3.555463515856382,2.3903672761717165,5.288442884321727,145,78.62068965517241,3.555463515856382,Undirected,moderate
ORENCIA,PANTOPRAZOLE,3.5546132940035036,2.4329781342658685,5.193337125374137,159,78.61635220125787,3.5546132940035036,Undirected,moderate
GABAPENTIN,OXYGEN,3.547318882348767,2.9261430057507485,4.300360996826818,616,78.57142857142857,3.547318882348767,Undirected,moderate
CIMZIA,ENBREL,3.5462470424445565,2.7859581102058235,4.51401908735723,392,78.57142857142857,3.5462470424445565,Undirected,moderate
ACTEMRA,XELJANZ,3.5460461728725607,2.746896651336404,4.577690774797256,350,78.57142857142857,3.5460461728725607,Undirected,moderate
CEFTRIAXONE,MEROPENEM,3.545845334990658,2.7008459958017346,4.655215128600016,308,78.57142857142857,3.545845334990658,Undirected,moderate
LEVOFLOXACIN,SULFAMETHOXAZOLE / TRIMETHOPRIM,3.5455106755895476,2.6013360131443184,4.832380702531739,238,78.57142857142857,3.5455106755895476,Undirected,moderate
MORPHINE SULFATE,SKENAN,3.5453099221779034,2.5203707352135747,4.987053003227313,196,78.57142857142857,3.5453099221779034,Undirected,moderate
METOPROLOL TARTRATE,OXYGEN,3.5453099221779034,2.5203707352135747,4.987053003227313,196,78.57142857142857,3.5453099221779034,Undirected,moderate
OXALIPLATIN,PANTOPRAZOLE,3.5452430114105273,2.4880728404919745,5.0515996981301905,182,78.57142857142857,3.5452430114105273,Undirected,moderate
LOXAPINE,QUETIAPINE,3.5449754035161503,2.3162924708999344,5.425416163724771,126,78.57142857142857,3.5449754035161503,Undirected,moderate
OPSUMIT,PANTOPRAZOLE SODIUM,3.5449754035161503,2.3162924708999344,5.425416163724771,126,78.57142857142857,3.5449754035161503,Undirected,moderate
CARVEDILOL,SODIUM CHLORIDE,3.544908510334951,2.2572263988257695,5.567175872647205,112,78.57142857142857,3.544908510334951,Undirected,moderate
KETAMINE HYDROCHLORIDE,SODIUM CHLORIDE,3.544908510334951,2.2572263988257695,5.567175872647205,112,78.57142857142857,3.544908510334951,Undirected,moderate
DULOXETINA,METHOCARBAMOL,3.544908510334951,2.2572263988257695,5.567175872647205,112,78.57142857142857,3.544908510334951,Undirected,moderate
HYDROCHLOROTHIAZIDE,PERPRAZOLE,3.5385609472017117,2.562775193174153,4.885880591638061,219,78.53881278538812,3.5385609472017117,Undirected,moderate
IBUPROFEN,RAMIPRIL,3.536718736393635,2.715032663080635,4.607082482081469,326,78.52760736196319,3.536718736393635,Undirected,moderate
FUROSEMIDE,HUMALOG,3.5359427941907944,2.4329229282531486,5.139041314706564,163,78.52760736196319,3.5359427941907944,Undirected,moderate
GABAPENTIN,POLOXAMER,3.5359427941907944,2.4329229282531486,5.139041314706564,163,78.52760736196319,3.5359427941907944,Undirected,moderate
METFORMIN HYDROCHLORIDE,POTASSIUM CHLORIDE,3.535159632736478,2.663184144394662,4.692635939288435,284,78.52112676056338,3.535159632736478,Undirected,moderate
CALCIUM CARBONATE / CHOLECALCIFEROL,RITUXIMAB,3.5339042706919748,2.343479395791304,5.329033153371546,135,78.51851851851852,3.5339042706919748,Undirected,moderate
LEUCOVORIN CALCIUM,RITUXIMAB,3.5339042706919748,2.343479395791304,5.329033153371546,135,78.51851851851852,3.5339042706919748,Undirected,moderate
HYDROCORTISONE,TRIAMCINOLONE ACETONIDE,3.5339042706919748,2.343479395791304,5.329033153371546,135,78.51851851851852,3.5339042706919748,Undirected,moderate
ONDANSETRON,SOLU-MEDROL,3.5325553507502025,2.2891698963106455,5.451298012535312,121,78.51239669421489,3.5325553507502025,Undirected,moderate
LANSOPRAZOLE,SULFAMETHOXAZOLE / TRIMETHOPRIM,3.523907788843941,2.7198098391772927,4.56573320877141,339,78.46607669616519,3.523907788843941,Undirected,moderate
CHOLECALCIFEROL,ONDANSETRON,3.5228950075196597,2.70411971272369,4.589585725665353,325,78.46153846153847,3.5228950075196597,Undirected,moderate
CYTARABINE,SULFAMETHOXAZOLE / TRIMETHOPRIM,3.522280011389405,2.503400755305884,4.9558411502186495,195,78.46153846153847,3.522280011389405,Undirected,moderate
FENTANYL,SERTRALINE,3.5219726257469546,2.318297265569972,5.350604239038863,130,78.46153846153847,3.5219726257469546,Undirected,moderate
CARBOPLATIN,CHOLECALCIFEROL,3.5219726257469546,2.318297265569972,5.350604239038863,130,78.46153846153847,3.5219726257469546,Undirected,moderate
AMBRISENTAN,SPIRONOLACTONE,3.5204426890646108,2.4700081555451887,5.017601540774237,181,78.45303867403315,3.5204426890646108,Undirected,moderate
CYANOCOBALAMIN,PEMBROLIZUMAB,3.5191438866799203,2.2605632756874336,5.478445937944642,116,78.44827586206897,3.5191438866799203,Undirected,moderate
LISINOPRIL,XELJANZ,3.5191438866799203,2.2605632756874336,5.478445937944642,116,78.44827586206897,3.5191438866799203,Undirected,moderate
APIXABAN,HYDROMORPHONE,3.5191438866799203,2.2605632756874336,5.478445937944642,116,78.44827586206897,3.5191438866799203,Undirected,moderate
OXYGEN,TRAZODONE HYDROCHLORIDE,3.5183103015742527,2.43299871688035,5.087757462542163,167,78.44311377245509,3.5183103015742527,Undirected,moderate
METHOTREXATE,VINCRISTINE SULFATE,3.517246071457062,2.815686830577874,4.393606488062875,459,78.43137254901961,3.517246071457062,Undirected,moderate
ACETAMINOPHEN,LEFLUNOMIDE,3.516598585663018,2.8391131247578087,4.355749513764818,496,78.42741935483872,3.516598585663018,Undirected,moderate
ATORVASTATIN,FEBUXOSTAT,3.515802375640786,2.3916494926336207,5.168343598271141,153,78.43137254901961,3.515802375640786,Undirected,moderate
GABAPENTIN,LECITHIN,3.515802375640786,2.3916494926336207,5.168343598271141,153,78.43137254901961,3.515802375640786,Undirected,moderate
BUMETANIDE,DIGOXIN,3.5155619206543087,2.193139506694626,5.6353805037152656,102,78.43137254901961,3.5155619206543087,Undirected,moderate
FLUCONAZOLE,TACROLIMUS,3.515510184092459,2.7179158010073547,4.547165092412792,343,78.4256559766764,3.515510184092459,Undirected,moderate
FUROSEMIDE,KARDEGIC,3.5134609240487067,2.640125749390107,4.675689280205256,278,78.41726618705036,3.5134609240487067,Undirected,moderate
LASIX,ZOFRAN,3.5128062486757567,2.3450141128603157,5.2621464719818025,139,78.41726618705036,3.5128062486757567,Undirected,moderate
RITUXIMAB,VANCOMYCIN,3.5049642483307126,2.4697214539599677,4.974153810900005,185,78.37837837837837,3.5049642483307126,Undirected,moderate
CETIRIZINE HYDROCHLORIDE,DICLOFENAC,3.5049642483307126,2.4697214539599677,4.974153810900005,185,78.37837837837837,3.5049642483307126,Undirected,moderate
CYCLOSPORINE,VORICONAZOLE,3.5049642483307126,2.4697214539599677,4.974153810900005,185,78.37837837837837,3.5049642483307126,Undirected,moderate
SULFAMETHOXAZOLE / TRIMETHOPRIM,VINCRISTINE,3.504790654549539,2.369647160358259,5.183707404928872,148,78.37837837837837,3.504790654549539,Undirected,moderate
DICLOFENAC,PREDNISOLONE,3.504617084826762,2.2303314989962,5.506957560697822,111,78.37837837837837,3.504617084826762,Undirected,moderate
ALCOHOL,GABAPENTIN,3.504617084826762,2.2303314989962,5.506957560697822,111,78.37837837837837,3.504617084826762,Undirected,moderate
POLOXAMER,SODIUM CHLORIDE,3.504617084826762,2.2303314989962,5.506957560697822,111,78.37837837837837,3.504617084826762,Undirected,moderate
FERROUS SULFATE,TORSEMIDE,3.504617084826762,2.2303314989962,5.506957560697822,111,78.37837837837837,3.504617084826762,Undirected,moderate
BUMETANIDE,POTASSIUM CHLORIDE,3.501863462374807,2.66636988611705,4.599154743295561,305,78.36065573770492,3.501863462374807,Undirected,moderate
ESCITALOPRAM,RAMIPRIL,3.5005571862440754,2.320390961656652,5.280963775783853,134,78.35820895522389,3.5005571862440754,Undirected,moderate
AMLODIPINE,CARBOPLATIN,3.4973981723109477,2.5319327567856433,4.831010595720777,217,78.3410138248848,3.4973981723109477,Undirected,moderate
IRBESARTAN,LANSOPRAZOLE,3.495642485254048,2.451944239132511,4.983602885290866,180,78.33333333333333,3.495642485254048,Undirected,moderate
ALLOPURINOL,WARFARIN,3.495362205304785,2.2639458509746957,5.3965764865856265,120,78.33333333333333,3.495362205304785,Undirected,moderate
AMBRISENTAN,VITAMIN D3,3.495362205304785,2.2639458509746957,5.3965764865856265,120,78.33333333333333,3.495362205304785,Undirected,moderate
LORAZEPAM,PHENOBARBITAL,3.495362205304785,2.2639458509746957,5.3965764865856265,120,78.33333333333333,3.495362205304785,Undirected,moderate
FENTANYL,FUROSEMIDE,3.494059258158458,2.502186188750372,4.879113374700511,203,78.32512315270937,3.494059258158458,Undirected,moderate
PIPERACILLIN SODIUM\TAZOBACTAM SODIUM,VANCOMYCIN,3.492805163520002,2.888484844428433,4.223559605598705,627,78.30940988835727,3.492805163520002,Undirected,moderate
KETAMINE HYDROCHLORIDE,KETOPROFEN,3.49144462739169,2.4136825728366684,5.050451009312233,166,78.3132530120482,3.49144462739169,Undirected,moderate
ORENCIA,XELJANZ,3.491122617344641,2.7335175487958168,4.4587008906178,378,78.3068783068783,3.491122617344641,Undirected,moderate
METOPROLOL SUCCINATE,SODIUM CHLORIDE,3.49024151843329,2.4695429431280003,4.93280989135815,189,78.3068783068783,3.49024151843329,Undirected,moderate
OXYGEN,REMODULIN,3.489491350633404,2.920573283783819,4.169232785136525,714,78.29131652661064,3.489491350633404,Undirected,moderate
AMLODIPINE,INSULIN ASPART,3.488829466281139,2.1983138893510645,5.53693951703351,106,78.30188679245283,3.488829466281139,Undirected,moderate
CALCIUM,SULFAMETHOXAZOLE / TRIMETHOPRIM,3.488829466281139,2.1983138893510645,5.53693951703351,106,78.30188679245283,3.488829466281139,Undirected,moderate
RAMIPRIL,TRAZODONE,3.4874351488802153,2.2945406716209895,5.300496115875393,129,78.29457364341084,3.4874351488802153,Undirected,moderate
CELEBREX,DESOXIMETASONE,3.486495690919924,2.3708859236346376,5.1270506444984205,152,78.28947368421053,3.486495690919924,Undirected,moderate
DIANEAL PD-2 PERITONEAL DIALYSIS SOLUTION WITH DEXTROSE,EXTRANEAL,3.486495690919924,2.3708859236346376,5.1270506444984205,152,78.28947368421053,3.486495690919924,Undirected,moderate
LIDOCAINE HYDROCHLORIDE,POLOXAMER,3.4858315462452283,2.4334894137192165,4.993250227551809,175,78.28571428571428,3.4858315462452283,Undirected,moderate
LIDOCAINE,OXYGEN,3.4858315462452283,2.4334894137192165,4.993250227551809,175,78.28571428571428,3.4858315462452283,Undirected,moderate
COCAINE,FENTANYL,3.48185137102732,2.7565599714130795,4.397977586429994,414,78.26086956521739,3.48185137102732,Undirected,moderate
BUPROPION,QUETIAPINE,3.4814242174333967,2.671382148886994,4.537094996603744,322,78.26086956521739,3.4814242174333967,Undirected,moderate
ALBUTEROL SULFATE,REMODULIN,3.480997210849723,2.544569156330755,4.762040580345885,230,78.26086956521739,3.480997210849723,Undirected,moderate
ASCORBIC ACID,CIMZIA,3.480783762663015,2.452038843606599,4.941135265458438,184,78.26086956521739,3.480783762663015,Undirected,moderate
CALCIUM CARBONATE,HYDROXYCHLOROQUINE SULFATE,3.4805703512004187,2.3225572054396917,5.215961932512225,138,78.26086956521739,3.4805703512004187,Undirected,moderate
ALENDRONATE SODIUM,VITAMIN D2,3.4804636592377007,2.23453292362753,5.421100380838909,115,78.26086956521739,3.4804636592377007,Undirected,moderate
GOLIMUMAB,TOCILIZUMAB,3.4804636592377007,2.23453292362753,5.421100380838909,115,78.26086956521739,3.4804636592377007,Undirected,moderate
CHOLECALCIFEROL,HYDROCORTISONE,3.4777520535040294,2.5931282022876734,4.664157882738471,262,78.2442748091603,3.4777520535040294,Undirected,moderate
METFORMIN,OXYCODONE,3.4777520535040294,2.5931282022876734,4.664157882738471,262,78.2442748091603,3.4777520535040294,Undirected,moderate
OTEZLA,PREDNISONE,3.4762205200408416,2.4694627526720434,4.8934162262126035,193,78.23834196891191,3.4762205200408416,Undirected,moderate
ERELZI,IBUPROFEN,3.47549176834833,2.414313103819292,5.003097159497961,170,78.23529411764706,3.47549176834833,Undirected,moderate
CIPROFLOXACIN,PIPERACILLIN SODIUM\TAZOBACTAM SODIUM,3.47549176834833,2.414313103819292,5.003097159497961,170,78.23529411764706,3.47549176834833,Undirected,moderate
ESCITALOPRAM,TAMSULOSIN,3.473343139311263,2.267357805886702,5.320780219195565,124,78.2258064516129,3.473343139311263,Undirected,moderate
CHOLECALCIFEROL,OXAZEPAM,3.473343139311263,2.267357805886702,5.320780219195565,124,78.2258064516129,3.473343139311263,Undirected,moderate
DICLOFENAC SODIUM,LANSOPRAZOLE,3.473343139311263,2.267357805886702,5.320780219195565,124,78.2258064516129,3.473343139311263,Undirected,moderate
HUMAN IMMUNOGLOBULIN G,MEROPENEM,3.473343139311263,2.267357805886702,5.320780219195565,124,78.2258064516129,3.473343139311263,Undirected,moderate
SODIUM CHLORIDE,TRAZODONE HYDROCHLORIDE,3.473343139311263,2.267357805886702,5.320780219195565,124,78.2258064516129,3.473343139311263,Undirected,moderate
HYDRALAZINE,NIFEDIPINE,3.47160910142263,2.1643265671049363,5.568507976687465,101,78.21782178217822,3.47160910142263,Undirected,moderate
CYTARABINE,PIPERACILLIN SODIUM\TAZOBACTAM SODIUM,3.47160910142263,2.1643265671049363,5.568507976687465,101,78.21782178217822,3.47160910142263,Undirected,moderate
CEFTRIAXONE,FENTANYL,3.47160910142263,2.1643265671049363,5.568507976687465,101,78.21782178217822,3.47160910142263,Undirected,moderate
ASPIRIN,LOVENOX,3.47160910142263,2.1643265671049363,5.568507976687465,101,78.21782178217822,3.47160910142263,Undirected,moderate
METFORMIN HYDROCHLORIDE,SITAGLIPTIN,3.4708423999779896,2.4338811042234862,4.949603719171156,179,78.2122905027933,3.4708423999779896,Undirected,moderate
SULFASALAZINE,VITAMIN D2,3.469277703314846,2.3722072856434546,5.073708295037477,156,78.2051282051282,3.469277703314846,Undirected,moderate
CETIRIZINE HYDROCHLORIDE,CIMZIA,3.4689884861722105,2.6237058415041505,4.586596914498781,289,78.20069204152249,3.4689884861722105,Undirected,moderate
ALENDRONATE SODIUM,PREDNISONE,3.466919260246724,2.8142575032724637,4.270941498101433,518,78.18532818532819,3.466919260246724,Undirected,moderate
COSENTYX,SIMPONI,3.4664920125450687,2.6925810894597033,4.462843076510657,353,78.18696883852692,3.4664920125450687,Undirected,moderate
SPIRONOLACTONE,TADALAFIL,3.4653390831936903,2.6685530159631106,4.500032373228176,330,78.18181818181819,3.4653390831936903,Undirected,moderate
GABAPENTIN,TORSEMIDE,3.4650856972582615,2.6026559759663894,4.6132946498568765,275,78.18181818181819,3.4650856972582615,Undirected,moderate
ERELZI,METHOTREXATE,3.464710154325561,2.9285649481040825,4.0990098106781065,797,78.16813048933501,3.464710154325561,Undirected,moderate
MAGNESIUM OXIDE,OXYGEN,3.4643258518697286,2.2034389872889584,5.446737430519578,110,78.18181818181819,3.4643258518697286,Undirected,moderate
ASPIRIN,CARBAMAZEPINE,3.4643258518697286,2.2034389872889584,5.446737430519578,110,78.18181818181819,3.4643258518697286,Undirected,moderate
ESCITALOPRAM OXALATE,FUROSEMIDE,3.4643258518697286,2.2034389872889584,5.446737430519578,110,78.18181818181819,3.4643258518697286,Undirected,moderate
METOCLOPRAMIDE,PREGABALIN,3.461873868590452,2.3247821040001546,5.155137189592125,142,78.16901408450704,3.461873868590452,Undirected,moderate
DICLOFENAC,TOPIRAMATE,3.461873868590452,2.3247821040001546,5.155137189592125,142,78.16901408450704,3.461873868590452,Undirected,moderate
ELIQUIS,OPSUMIT,3.4616500640523125,2.529945400462895,4.736474219467697,229,78.16593886462883,3.4616500640523125,Undirected,moderate
AMBRISENTAN,FUROSEMIDE,3.4607791375240793,2.5800689757168085,4.642120947713965,261,78.16091954022988,3.4607791375240793,Undirected,moderate
CHOLECALCIFEROL,SODIUM CHLORIDE,3.460379250843556,2.415028349032976,4.958212836078434,174,78.16091954022988,3.460379250843556,Undirected,moderate
KETAMINE HYDROCHLORIDE,POLOXAMER,3.460379250843556,2.415028349032976,4.958212836078434,174,78.16091954022988,3.460379250843556,Undirected,moderate
FUROSEMIDE,LANTUS,3.459395236221246,2.4857297457470655,4.814447516213611,206,78.15533980582524,3.459395236221246,Undirected,moderate
HYDROXYCHLOROQUINE,XELJANZ,3.4582320809146454,2.5910824088027296,4.615588097405726,270,78.14814814814814,3.4582320809146454,Undirected,moderate
LEVOFLOXACIN,VENETOCLAX,3.4581692376069357,2.238723799246755,5.34185346131339,119,78.15126050420169,3.4581692376069357,Undirected,moderate
ACETAMINOPHEN,MYRBETRIQ,3.457189146265278,2.3501235078556735,5.085756877501289,151,78.1456953642384,3.457189146265278,Undirected,moderate
PREDNISOLONE,VONOPRAZAN FUMARATE,3.4566033925686592,2.4343569785211465,4.908116237239598,183,78.14207650273224,3.4566033925686592,Undirected,moderate
DESOXIMETASONE,PREDNISONE,3.4558729810914204,2.797175748190047,4.269684544907709,503,78.13121272365805,3.4558729810914204,Undirected,moderate
CISPLATIN,TORIPALIMAB,3.45363072445121,2.61173708686386,4.566908836599574,288,78.125,3.45363072445121,Undirected,moderate
ARAVA,NAPROXEN,3.4531909394791978,2.4524947502128054,4.862203135589391,192,78.125,3.4531909394791978,Undirected,moderate
ACETAMINOPHEN,DESLORATADINE,3.452897837072256,2.2707857643716083,5.250386742915646,128,78.125,3.452897837072256,Undirected,moderate
METFORMIN HYDROCHLORIDE,TRAMADOL HYDROCHLORIDE,3.4483346077869115,2.300101741787238,5.169776341294057,137,78.1021897810219,3.4483346077869115,Undirected,moderate
CEFTRIAXONE,PREDNISONE,3.4482062172994623,2.5425764091367653,4.676408572932329,242,78.099173553719,3.4482062172994623,Undirected,moderate
BACTRIM,FLUCONAZOLE,3.446787140354149,2.1704972148629236,5.473557629817565,105,78.0952380952381,3.446787140354149,Undirected,moderate
FENTANYL,PREDNISOLONE,3.446787140354149,2.1704972148629236,5.473557629817565,105,78.0952380952381,3.446787140354149,Undirected,moderate
CELECOXIB,PREDNISOLONE,3.446787140354149,2.1704972148629236,5.473557629817565,105,78.0952380952381,3.446787140354149,Undirected,moderate
BREO ELLIPTA,OXYGEN,3.446787140354149,2.1704972148629236,5.473557629817565,105,78.0952380952381,3.446787140354149,Undirected,moderate
LEVOFLOXACIN,RITUXIMAB,3.4443467678918354,2.327053825080186,5.098087775033796,146,78.08219178082192,3.4443467678918354,Undirected,moderate
CYAMEMAZINE,OLANZAPINE,3.4443467678918354,2.327053825080186,5.098087775033796,146,78.08219178082192,3.4443467678918354,Undirected,moderate
ACTEMRA,PSEUDOEPHEDRINE HYDROCHLORIDE,3.4430596358224235,2.434908344764753,4.868626649260989,187,78.07486631016043,3.4430596358224235,Undirected,moderate
CETIRIZINE HYDROCHLORIDE,CHOLECALCIFEROL,3.4430596358224235,2.434908344764753,4.868626649260989,187,78.07486631016043,3.4430596358224235,Undirected,moderate
ELIQUIS,REMODULIN,3.4423030097344944,2.5153221019389607,4.710907601731361,228,78.0701754385965,3.4423030097344944,Undirected,moderate
FLUTICASONA,METOPROLOL,3.441783616648108,2.208504780098689,5.363753146732148,114,78.0701754385965,3.441783616648108,Undirected,moderate
ADEMPAS,REMODULIN,3.440358019285862,2.452839302302994,4.825454031885229,196,78.06122448979592,3.440358019285862,Undirected,moderate
REMODULIN,SPIRONOLACTONE,3.4399657582145515,2.6800256867824372,4.415392164354743,360,78.05555555555556,3.4399657582145515,Undirected,moderate
FENTANYL,GABAPENTIN,3.4390192648205486,2.751564984005926,4.298227943934831,451,78.04878048780488,3.4390192648205486,Undirected,moderate
TORSEMIDE,VITAMINS,3.437713664235259,2.3750531250802536,4.975836166557531,164,78.04878048780488,3.437713664235259,Undirected,moderate
ALBUTEROL,TORSEMIDE,3.437527263960807,2.24289323173023,5.268460184954156,123,78.04878048780488,3.437527263960807,Undirected,moderate
PROTONIX,SPIRONOLACTONE,3.433863495460956,2.274218750593917,5.184821601870964,132,78.03030303030303,3.433863495460956,Undirected,moderate
ENOXAPARIN,PANTOPRAZOLE,3.432423138046816,2.416675871075769,4.87509671429569,182,78.02197802197803,3.432423138046816,Undirected,moderate
METHYLPREDNISOLONE,PACLITAXEL,3.430677617693098,2.302923052650901,5.110700030985594,141,78.01418439716312,3.430677617693098,Undirected,moderate
ALVESCO,MEPOLIZUMAB,3.430677617693098,2.302923052650901,5.110700030985594,141,78.01418439716312,3.430677617693098,Undirected,moderate
METHOTREXATE,MORPHINE,3.430677617693098,2.302923052650901,5.110700030985594,141,78.01418439716312,3.430677617693098,Undirected,moderate
AMITRIPTYLINE HYDROCHLORIDE,POLOXAMER,3.430677617693098,2.302923052650901,5.110700030985594,141,78.01418439716312,3.430677617693098,Undirected,moderate
CHOLECALCIFEROL,TACROLIMUS,3.4301614689915945,2.435527427573455,4.830989612413105,191,78.01047120418848,3.4301614689915945,Undirected,moderate
OMEPRAZOLE,VALACYCLOVIR HYDROCHLORIDE,3.4276564922357484,2.1355166271454795,5.501633131496804,100,78.0,3.4276564922357484,Undirected,moderate
CLONIDINE,DULOXETINA,3.4276564922357484,2.1355166271454795,5.501633131496804,100,78.0,3.4276564922357484,Undirected,moderate
ELIQUIS,WINREVAIR,3.4276564922357484,2.1355166271454795,5.501633131496804,100,78.0,3.4276564922357484,Undirected,moderate
BUPRENORPHINE,ZOPICLONE,3.4276564922357484,2.1355166271454795,5.501633131496804,100,78.0,3.4276564922357484,Undirected,moderate
LANSOPRAZOLE,PANTOPRAZOLE,3.4254118387664243,2.3538273389322315,4.984837278032392,159,77.9874213836478,3.4254118387664243,Undirected,moderate
APIXABAN,ONDANSETRON,3.4254118387664243,2.3538273389322315,4.984837278032392,159,77.9874213836478,3.4254118387664243,Undirected,moderate
ACETAMINOPHEN,CARBOPLATIN,3.424730524007414,2.774035656983516,4.2280563815181695,504,77.97619047619048,3.424730524007414,Undirected,moderate
LINAGLIPTIN,PREDNISOLONE,3.42403481146247,2.176548934229374,5.386515417011667,109,77.98165137614679,3.42403481146247,Undirected,moderate
CHOLECALCIFEROL,GLYCERYL TRINITRATE,3.42403481146247,2.176548934229374,5.386515417011667,109,77.98165137614679,3.42403481146247,Undirected,moderate
HYDROMORPHONE,OLANZAPINE,3.423212373001598,2.376558723380222,4.930819859567353,168,77.97619047619048,3.423212373001598,Undirected,moderate
PREDNISONE,SILDENAFIL CITRATE,3.423212373001598,2.376558723380222,4.930819859567353,168,77.97619047619048,3.423212373001598,Undirected,moderate
DICLOFENAC SODIUM,HUMIRA,3.42291542126375,2.587800413427296,4.527532309034604,286,77.97202797202797,3.42291542126375,Undirected,moderate
ALLOPURINOL,SODIUM BICARBONATE,3.4215087809158597,2.514887276858232,4.654969010185285,236,77.96610169491525,3.4215087809158597,Undirected,moderate
CETIRIZINE HYDROCHLORIDE,PHTHALYLSULFATHIAZOLE,3.4215087809158597,2.514887276858232,4.654969010185285,236,77.96610169491525,3.4215087809158597,Undirected,moderate
LT4,XARELTO,3.4215087809158597,2.514887276858232,4.654969010185285,236,77.96610169491525,3.4215087809158597,Undirected,moderate
QUETIAPINE,VITAMIN D3,3.4209764476553803,2.2135037951551917,5.28712888635111,118,77.96610169491525,3.4209764476553803,Undirected,moderate
OLANZAPINE,SERTRALINE,3.4184425845785693,2.786443815322108,4.193786230248953,535,77.94392523364486,3.4184425845785693,Undirected,moderate
ALPRAZOLAM,METHADONE,3.4183606903218937,2.247032586001563,5.2002760805222445,127,77.95275590551181,3.4183606903218937,Undirected,moderate
KORTISON,PANTOPRAZOLE SODIUM,3.4183606903218937,2.247032586001563,5.2002760805222445,127,77.95275590551181,3.4183606903218937,Undirected,moderate
OXYCODONE,POTASSIUM CHLORIDE,3.4183606903218937,2.247032586001563,5.2002760805222445,127,77.95275590551181,3.4183606903218937,Undirected,moderate
DIAZEPAM,VALPROIC ACID,3.4164050525618106,2.4537258359586818,4.756775721281686,204,77.94117647058823,3.4164050525618106,Undirected,moderate
AMITRIPTYLINE HYDROCHLORIDE,KETOPROFEN,3.41609901843413,2.2776477553766026,5.123589666663391,136,77.94117647058823,3.41609901843413,Undirected,moderate
SULFAMETHOXAZOLE / TRIMETHOPRIM,TOCILIZUMAB,3.41609901843413,2.2776477553766026,5.123589666663391,136,77.94117647058823,3.41609901843413,Undirected,moderate
OXYCODONE,PREGABALIN,3.412873800060266,2.797994043650246,4.1628779023211475,566,77.91519434628975,3.412873800060266,Undirected,moderate
ASCORBIC ACID,PREGABALIN,3.412733928222717,2.5006966617111464,4.657403292118189,231,77.92207792207793,3.412733928222717,Undirected,moderate
ATORVASTATIN,BACTRIM,3.412733928222717,2.5006966617111464,4.657403292118189,231,77.92207792207793,3.412733928222717,Undirected,moderate
HYDROXYZINE,METFORMIN,3.4123879892700795,2.3316987997959058,4.993951959118362,154,77.92207792207793,3.4123879892700795,Undirected,moderate
AMLODIPINE,LEVOFLOXACIN,3.4094750249886583,2.3781087829466667,4.888136333114964,172,77.90697674418605,3.4094750249886583,Undirected,moderate
LEVOFLOXACIN,VORICONAZOLE,3.4094750249886583,2.3781087829466667,4.888136333114964,172,77.90697674418605,3.4094750249886583,Undirected,moderate
ONDANSETRON,PREDNISOLONE,3.408242999096658,2.3989955339547424,4.842076684378905,181,77.90055248618785,3.408242999096658,Undirected,moderate
IRBESARTAN,LT4,3.4071321085772417,2.418560795503634,4.799775646276722,190,77.89473684210526,3.4071321085772417,Undirected,moderate
ELIQUIS,OXYGEN,3.40631866708126,2.830634455909899,4.099083453704552,651,77.88018433179722,3.40631866708126,Undirected,moderate
ACETAMINOPHEN,DOXYCYCLINE HYCLATE,3.406125835152535,2.4369415817452538,4.760759671795177,199,77.88944723618091,3.406125835152535,Undirected,moderate
INSULIN,PANTOPRAZOLE,3.405210533288652,2.454255572525525,4.724633777275203,208,77.88461538461539,3.405210533288652,Undirected,moderate
METHYLPHENIDATE,SERTRALINE,3.4047450153433987,2.1426832921717898,5.410173618218661,104,77.88461538461539,3.4047450153433987,Undirected,moderate
CETIRIZINE HYDROCHLORIDE,METFORMIN HYDROCHLORIDE,3.4047450153433987,2.1426832921717898,5.410173618218661,104,77.88461538461539,3.4047450153433987,Undirected,moderate
BISOPROLOL FUMARATE,CHOLECALCIFEROL,3.4043748317073677,2.4706045119388973,4.691065663790549,217,77.88018433179722,3.4043748317073677,Undirected,moderate
CHOLECALCIFEROL,TOPIRAMATE,3.4031037589098183,2.182478907904896,5.306404177359772,113,77.87610619469027,3.4031037589098183,Undirected,moderate
DIAZEPAM,NAPROXEN,3.4031037589098183,2.182478907904896,5.306404177359772,113,77.87610619469027,3.4031037589098183,Undirected,moderate
PANTOPRAZOLE,TOCILIZUMAB,3.401711559776708,2.21843056058093,5.216138716051707,122,77.8688524590164,3.401711559776708,Undirected,moderate
ACETAMINOPHEN,NYSTATIN,3.4011021249544737,2.540617094401607,4.5530259911497355,262,77.86259541984732,3.4011021249544737,Undirected,moderate
DIPHENHYDRAMINE HYDROCHLORIDE,ELIQUIS,3.4005168891234514,2.2511350486868564,5.136748734803417,131,77.86259541984732,3.4005168891234514,Undirected,moderate
BISOPROLOL FUMARATE,TORSEMIDE,3.4005168891234514,2.2511350486868564,5.136748734803417,131,77.86259541984732,3.4005168891234514,Undirected,moderate
MAGNESIUM,OXYGEN,3.39924154598295,2.585934286101537,4.4683436659777716,298,77.85234899328859,3.39924154598295,Undirected,moderate
DESOXIMETASONE,METHOTREXATE,3.398971636572935,2.7419632146260455,4.213407431799891,483,77.84679089026915,3.398971636572935,Undirected,moderate
CARBIDOPA / LEVODOPA,METFORMIN,3.3985764771506197,2.3086022324269444,5.003166811850091,149,77.85234899328859,3.3985764771506197,Undirected,moderate
CLONIDINE,SODIUM CHLORIDE,3.3985764771506197,2.3086022324269444,5.003166811850091,149,77.85234899328859,3.3985764771506197,Undirected,moderate
OPSUMIT,WINREVAIR,3.3975139278920192,2.633155921677115,4.383751374232408,343,77.84256559766763,3.3975139278920192,Undirected,moderate
ACETAMINOPHEN,BENZONATATE,3.397072862728832,2.3576829145108653,4.894680265807848,167,77.84431137724552,3.397072862728832,Undirected,moderate
CIMZIA,SIMPONI,3.396957789273881,2.649750756333963,4.354870809839341,361,77.8393351800554,3.396957789273881,Undirected,moderate
RAMIPRIL,ZOPICLONE,3.3964428553483397,2.3796965232618095,4.847603027059444,176,77.8409090909091,3.3964428553483397,Undirected,moderate
ALPRAZOLAM,MORPHINE SULFATE,3.395878204234828,2.4002766385478407,4.804441535111542,185,77.83783783783784,3.395878204234828,Undirected,moderate
CLOZAPINE,LORAZEPAM,3.395097674640565,2.7124817620976183,4.249498883795607,442,77.82805429864254,3.395097674640565,Undirected,moderate
ACETAMINOPHEN,AMIODARONE,3.3941131095555703,2.4710063064789236,4.66206976900536,221,77.82805429864254,3.3941131095555703,Undirected,moderate
ALBUTEROL,POTASSIUM CHLORIDE,3.3941131095555703,2.4710063064789236,4.66206976900536,221,77.82805429864254,3.3941131095555703,Undirected,moderate
FOLIC ACID,POLYETHYLENE GLYCOL,3.393156733083692,2.514674151278432,4.578530625694725,248,77.82258064516128,3.393156733083692,Undirected,moderate
MEROPENEM,SULFAMETHOXAZOLE / TRIMETHOPRIM,3.3926407426222696,2.540391221663266,4.530802622190079,266,77.81954887218046,3.3926407426222696,Undirected,moderate
DEXAMETHASONE,FUROSEMIDE,3.389611700685488,2.782872732368709,4.128635617355175,572,77.7972027972028,3.389611700685488,Undirected,moderate
OPSUMIT,UPTRAVI,3.3857791297776374,2.777488141025541,4.127290463031504,567,77.77777777777779,3.3857791297776374,Undirected,moderate
ACYCLOVIR,TACROLIMUS,3.384820971805868,2.63168186419259,4.353494686065285,351,77.77777777777779,3.384820971805868,Undirected,moderate
ALPRAZOLAM,MIRTAZAPINE,3.3845416540181614,2.5635191668111177,4.468514359513667,288,77.77777777777779,3.3845416540181614,Undirected,moderate
ENBREL,NAPROXEN,3.38422251379598,2.4554616436649277,4.664280565095421,216,77.77777777777779,3.38422251379598,Undirected,moderate
CALCIUM,OXYGEN,3.3840230945336884,2.359650312131216,4.853097192182838,171,77.77777777777779,3.3840230945336884,Undirected,moderate
LEVOTHYROXINE SODIUM,PREDNISOLONE,3.383943336169074,2.311446246786477,4.954072593435002,153,77.77777777777779,3.383943336169074,Undirected,moderate
CEFTRIAXONE,PIPERACILLIN / TAZOBACTAM,3.383823708627945,2.2232811802181347,5.1501640876342725,126,77.77777777777779,3.383823708627945,Undirected,moderate
DICLOFENAC SODIUM,TOCILIZUMAB,3.383823708627945,2.2232811802181347,5.1501640876342725,126,77.77777777777779,3.383823708627945,Undirected,moderate
AZITHROMYCIN,PREGABALIN,3.3837838354488454,2.1882858948347357,5.232402709386211,117,77.77777777777779,3.3837838354488454,Undirected,moderate
POTASSIUM CHLORIDE,TREPROSTINIL,3.3837838354488454,2.1882858948347357,5.232402709386211,117,77.77777777777779,3.3837838354488454,Undirected,moderate
ACETAMINOPHEN,DICLOFENAC SODIUM,3.377413681118419,2.752248064748961,4.1445839564778915,530,77.73584905660378,3.377413681118419,Undirected,moderate
ATORVASTATIN,POLYETHYLENE GLYCOL,3.3768430171110113,2.5518975329874976,4.468466548835864,283,77.73851590106007,3.3768430171110113,Undirected,moderate
POLYETHYLENE GLYCOL,SENNOSIDES,3.3755675421985964,2.5012061408876094,4.555584622026033,247,77.7327935222672,3.3755675421985964,Undirected,moderate
FOLIC ACID,PEMBROLIZUMAB,3.3716432442017994,2.361636650870738,4.813601686771015,175,77.71428571428571,3.3716432442017994,Undirected,moderate
ASPIRIN,LEVETIRACETAM,3.369424039233777,2.551715688947796,4.449170573876863,287,77.70034843205575,3.369424039233777,Undirected,moderate
FILGRASTIM,METOCLOPRAMIDE,3.369270352688598,2.287843422873003,4.961870465440717,148,77.7027027027027,3.369270352688598,Undirected,moderate
ENOXAPARIN,FUROSEMIDE,3.369270352688598,2.287843422873003,4.961870465440717,148,77.7027027027027,3.369270352688598,Undirected,moderate
MOVICOL,PANTOPRAZOLE,3.368285563178913,2.259209140447946,5.021822651120286,139,77.6978417266187,3.368285563178913,Undirected,moderate
SODIUM BICARBONATE,TACROLIMUS,3.368285563178913,2.259209140447946,5.021822651120286,139,77.6978417266187,3.368285563178913,Undirected,moderate
FLUCONAZOLE,LORAZEPAM,3.367170442153794,2.228053001406039,5.08867463177909,130,77.6923076923077,3.367170442153794,Undirected,moderate
CELECOXIB,TRAMADOL HYDROCHLORIDE,3.367170442153794,2.228053001406039,5.08867463177909,130,77.6923076923077,3.367170442153794,Undirected,moderate
AZITHROMYCIN,FUROSEMIDE,3.3671067700010653,2.5014445949872925,4.53234423952716,251,77.68924302788844,3.3671067700010653,Undirected,moderate
ACETAMINOPHEN,OPSUMIT,3.3644240860215056,2.1564553724092197,5.2490534121072585,112,77.67857142857143,3.3644240860215056,Undirected,moderate
MEROPENEM,VANCOMYCIN HYDROCHLORIDE,3.3644240860215056,2.1564553724092197,5.2490534121072585,112,77.67857142857143,3.3644240860215056,Undirected,moderate
PAROXETINE,RISPERIDONE,3.3644240860215056,2.1564553724092197,5.2490534121072585,112,77.67857142857143,3.3644240860215056,Undirected,moderate
CANDESARTAN,TORSEMIDE,3.3644240860215056,2.1564553724092197,5.2490534121072585,112,77.67857142857143,3.3644240860215056,Undirected,moderate
OMEPRAZOLE,OXALIPLATIN,3.3644240860215056,2.1564553724092197,5.2490534121072585,112,77.67857142857143,3.3644240860215056,Undirected,moderate
CIPROFLOXACIN,SERTRALINE,3.3644240860215056,2.1564553724092197,5.2490534121072585,112,77.67857142857143,3.3644240860215056,Undirected,moderate
CALCIUM CARBONATE / CHOLECALCIFEROL,MIRTAZAPINE,3.3644240860215056,2.1564553724092197,5.2490534121072585,112,77.67857142857143,3.3644240860215056,Undirected,moderate
HYDROXYCHLOROQUINE,ORENCIA,3.3642385700154938,2.5837305815703,4.380526838483737,318,77.67295597484278,3.3642385700154938,Undirected,moderate
FLUOXETINE,LORAZEPAM,3.364070292210379,2.4403193027279175,4.637495150032915,215,77.67441860465117,3.364070292210379,Undirected,moderate
ACETAMINOPHEN,OLANZAPINE,3.3635477439612815,2.833030887884789,3.993409840424978,752,77.6595744680851,3.3635477439612815,Undirected,moderate
FOLIC ACID,ORENCIA,3.362780200364232,2.712074215738744,4.1696095963514885,479,77.66179540709813,3.362780200364232,Undirected,moderate
CELECOXIB,TOPIRAMATE,3.362703091247448,2.1148722079437747,5.346787402761958,103,77.66990291262135,3.362703091247448,Undirected,moderate
OPSUMIT,REVATIO,3.362703091247448,2.1148722079437747,5.346787402761958,103,77.66990291262135,3.362703091247448,Undirected,moderate
AMLODIPINE,ATOVAQUONE,3.362703091247448,2.1148722079437747,5.346787402761958,103,77.66990291262135,3.362703091247448,Undirected,moderate
KEVZARA,METHOTREXATE,3.361485695892247,2.539930485096916,4.448777692928483,282,77.6595744680851,3.361485695892247,Undirected,moderate
LASIX,SODIUM CHLORIDE,3.3610737179651315,2.38462964737902,4.737346342234924,188,77.6595744680851,3.3610737179651315,Undirected,moderate
HYDROCORTISONE,RAMIPRIL,3.3610737179651315,2.38462964737902,4.737346342234924,188,77.6595744680851,3.3610737179651315,Undirected,moderate
DICLOFENAC,VOLTARENE,3.358571285725875,2.341192737209657,4.818057437999057,170,77.64705882352942,3.358571285725875,Undirected,moderate
ACETAMINOPHEN,IRBESARTAN,3.3570154158846717,2.57318145757152,4.379618261792991,313,77.63578274760383,3.3570154158846717,Undirected,moderate
AMITRIPTYLINE HYDROCHLORIDE,OXYGEN,3.355498819014354,2.2911948512377323,4.9141923997971055,152,77.63157894736842,3.355498819014354,Undirected,moderate
ACETAMINOPHEN,CARBAMAZEPINE,3.355498819014354,2.2911948512377323,4.9141923997971055,152,77.63157894736842,3.355498819014354,Undirected,moderate
GABAPENTIN,HYDRALAZINE,3.355498819014354,2.2911948512377323,4.9141923997971055,152,77.63157894736842,3.355498819014354,Undirected,moderate
BACTRIM,POTASSIUM CHLORIDE,3.355498819014354,2.2911948512377323,4.9141923997971055,152,77.63157894736842,3.355498819014354,Undirected,moderate
MESNA,RITUXIMAB,3.3536820211911795,2.2631734600357576,4.969651375764742,143,77.62237762237763,3.3536820211911795,Undirected,moderate
FILGRASTIM,RITUXIMAB,3.3533820812004977,2.602310467836546,4.321225895796114,344,77.61627906976744,3.3533820812004977,Undirected,moderate
OXYGEN,SPIRONOLACTONE,3.353380680935551,2.813901314063021,3.996288688260632,719,77.60778859527122,3.353380680935551,Undirected,moderate
ACETAMINOPHEN,CYCLOPHOSPHAMIDE,3.352505898545548,2.7850032510161555,4.035649077135492,643,77.60497667185071,3.352505898545548,Undirected,moderate
IMODIUM,TEDUGLUTIDE,3.35162830190633,2.232744353882882,5.031212935150368,134,77.61194029850746,3.35162830190633,Undirected,moderate
ACETAMINOPHEN,HEPARIN SODIUM,3.35162830190633,2.232744353882882,5.031212935150368,134,77.61194029850746,3.35162830190633,Undirected,moderate
FERROUS SULFATE,POTASSIUM CHLORIDE,3.349583690327573,2.5623919039955116,4.378608471644677,308,77.59740259740259,3.349583690327573,Undirected,moderate
(-)-ARTERENOL,EPINEPHRINE,3.347348615644971,2.5399286186687133,4.411440019339282,290,77.58620689655173,3.347348615644971,Undirected,moderate
MEMANTINE,QUETIAPINE,3.346591400986056,2.163070156630507,5.1776748760659475,116,77.58620689655173,3.346591400986056,Undirected,moderate
SPIRONOLACTONE,SULFAMETHOXAZOLE / TRIMETHOPRIM,3.346591400986056,2.163070156630507,5.1776748760659475,116,77.58620689655173,3.346591400986056,Undirected,moderate
ACETAMINOPHEN,KETAMINE,3.3461284480886793,2.5279637313812753,4.429088697799696,281,77.58007117437722,3.3461284480886793,Undirected,moderate
HYDROMORPHONE,LORAZEPAM,3.345569125316074,2.442212677423746,4.583070457268822,223,77.57847533632287,3.345569125316074,Undirected,moderate
RITUXIMAB,TRAZODONE,3.343453308291757,2.1227765012005535,5.266065465867415,107,77.57009345794393,3.343453308291757,Undirected,moderate
DILTIAZEM,PANTOPRAZOLE SODIUM,3.343453308291757,2.1227765012005535,5.266065465867415,107,77.57009345794393,3.343453308291757,Undirected,moderate
ALBUTEROL,PULMOZYME,3.343453308291757,2.1227765012005535,5.266065465867415,107,77.57009345794393,3.343453308291757,Undirected,moderate
NAPROXEN,OTEZLA,3.343453308291757,2.1227765012005535,5.266065465867415,107,77.57009345794393,3.343453308291757,Undirected,moderate
CALCIUM CARBONATE,SIMVASTATIN,3.343453308291757,2.1227765012005535,5.266065465867415,107,77.57009345794393,3.343453308291757,Undirected,moderate
OXYGEN,SILDENAFIL CITRATE,3.3430742399180167,2.713944108511515,4.118045518532462,508,77.55905511811024,3.3430742399180167,Undirected,moderate
ACETAMINOPHEN / HYDROCODONE,OXYGEN,3.3425150088998525,2.2945166174996094,4.869176583648204,156,77.56410256410257,3.3425150088998525,Undirected,moderate
CALCIUM CARBONATE,PREGABALIN,3.3421271167737134,2.40714588708412,4.640272832904471,205,77.5609756097561,3.3421271167737134,Undirected,moderate
ASCORBIC ACID,HUMIRA,3.3421271167737134,2.40714588708412,4.640272832904471,205,77.5609756097561,3.3421271167737134,Undirected,moderate
CARBOPLATIN,FOLIC ACID,3.340599106712866,2.696446347805256,4.138633205460973,481,77.54677754677755,3.340599106712866,Undirected,moderate
CARBOPLATIN,FILGRASTIM,3.3403894126652656,2.4742713006008343,4.509691974981329,245,77.55102040816327,3.3403894126652656,Undirected,moderate
DIPHENHYDRAMINE,SULFAMETHOXAZOLE / TRIMETHOPRIM,3.3399643682887765,2.267085866788846,4.920573210241641,147,77.55102040816327,3.3399643682887765,Undirected,moderate
ENBREL,TOCILIZUMAB,3.3399643682887765,2.267085866788846,4.920573210241641,147,77.55102040816327,3.3399643682887765,Undirected,moderate
LEFLUNOMIDE,NAPROXEN,3.3396030228273825,2.582625031602417,4.318454368560747,334,77.54491017964071,3.3396030228273825,Undirected,moderate
DILTIAZEM,METOPROLOL,3.3386914750445222,2.4591382800304293,4.5328320314695905,236,77.54237288135593,3.3386914750445222,Undirected,moderate
ACYCLOVIR,RITUXIMAB,3.338587813092598,2.7524386745310645,4.049561099714382,592,77.53378378378379,3.338587813092598,Undirected,moderate
REMICADE,XELJANZ,3.3376874764400313,2.5157144282726316,4.428228246094613,276,77.53623188405797,3.3376874764400313,Undirected,moderate
LT4,METOCLOPRAMIDE,3.3370897595599436,2.2373543435790846,4.977382369189392,138,77.53623188405797,3.3370897595599436,Undirected,moderate
QUETIAPINE FUMARATE,ZOPICLONE,3.3368634958374965,2.4431982867485975,4.557410690014364,227,77.5330396475771,3.3368634958374965,Undirected,moderate
LASIX,LEVOTHYROXINE SODIUM,3.3357032756680027,2.345959276273734,4.743013425610685,178,77.52808988764045,3.3357032756680027,Undirected,moderate
ESCITALOPRAM,MIRTAZAPINE,3.335560722634985,2.5513429582765124,4.360827029660118,307,77.52442996742671,3.335560722634985,Undirected,moderate
BUPRENORPHINE,CANNABIS SATIVA SUBSP. INDICA TOP,3.3338241545508396,2.204972649643889,5.0405992542636,129,77.51937984496125,3.3338241545508396,Undirected,moderate
CARVEDILOL,ISMN,3.3338241545508396,2.204972649643889,5.0405992542636,129,77.51937984496125,3.3338241545508396,Undirected,moderate
ALPRAZOLAM,OZEMPIC,3.3338241545508396,2.204972649643889,5.0405992542636,129,77.51937984496125,3.3338241545508396,Undirected,moderate
OXYCODONE,ROSUVASTATIN,3.3331195985643465,2.3227360745237884,4.783017054837572,169,77.51479289940828,3.3331195985643465,Undirected,moderate
METOPROLOL,QUETIAPINE,3.3331195985643465,2.3227360745237884,4.783017054837572,169,77.51479289940828,3.3331195985643465,Undirected,moderate
AMPHOTERICIN B,MEROPENEM,3.332556411284237,2.474927192454799,4.487377353261072,249,77.51004016064257,3.332556411284237,Undirected,moderate
PREDNISONE,STELARA,3.3309439898689286,2.562120334903537,4.330471021401759,320,77.5,3.3309439898689286,Undirected,moderate
ENBREL,OTEZLA,3.3302532787313996,2.2978061020070593,4.826598245523836,160,77.5,3.3302532787313996,Undirected,moderate
PERPRAZOLE,VALACYCLOVIR HYDROCHLORIDE,3.3300806649026695,2.169511130613093,5.111491284040929,120,77.5,3.3300806649026695,Undirected,moderate
AUGMENTIN,PREDNISONE,3.3300806649026695,2.169511130613093,5.111491284040929,120,77.5,3.3300806649026695,Undirected,moderate
INFLIXIMAB,LEFLUNOMIDE,3.3297172789508,2.591787694652704,4.27774897636018,351,77.49287749287748,3.3297172789508,Undirected,moderate
ELIQUIS,PREDNISOLONE,3.3270544378049447,2.27094463716469,4.874311355268334,151,77.48344370860927,3.3270544378049447,Undirected,moderate
CYTARABINE,DECADRON,3.3257445979818447,2.1304342416659794,5.19170078789015,111,77.47747747747748,3.3257445979818447,Undirected,moderate
CODEINE,MIRTAZAPINE,3.3257445979818447,2.1304342416659794,5.19170078789015,111,77.47747747747748,3.3257445979818447,Undirected,moderate
LANTUS,METFORMIN HYDROCHLORIDE,3.3257445979818447,2.1304342416659794,5.19170078789015,111,77.47747747747748,3.3257445979818447,Undirected,moderate
FUROSEMIDE,QUETIAPINE FUMARATE,3.3257445979818447,2.1304342416659794,5.19170078789015,111,77.47747747747748,3.3257445979818447,Undirected,moderate
FOSCARBIDOPA/FOSLEVODOPA,PRAMIPEXOLE,3.3257445979818447,2.1304342416659794,5.19170078789015,111,77.47747747747748,3.3257445979818447,Undirected,moderate
TADALAFIL,TREPROSTINIL,3.3249987305167874,2.4756078359636144,4.465819019204599,253,77.4703557312253,3.3249987305167874,Undirected,moderate
CEFTRIAXONE,FUROSEMIDE,3.3237661380137755,2.4100362321072333,4.5839233423256935,213,77.46478873239437,3.3237661380137755,Undirected,moderate
DEXAMETHASONE,LANSOPRAZOLE,3.31961608594017,2.528716952684594,4.357882342795855,297,77.44107744107744,3.31961608594017,Undirected,moderate
ALBUTEROL SULFATE,HEPARIN,3.3193931747291017,2.210295011602376,4.985022809444004,133,77.44360902255639,3.3193931747291017,Undirected,moderate
QUETIAPINE FUMARATE,SERTRALINE,3.3186550815021874,2.3010612211936348,4.786257509596919,164,77.4390243902439,3.3186550815021874,Undirected,moderate
LASIX,REMODULIN,3.318194093329359,2.3717070890513052,4.642399599779442,195,77.43589743589745,3.318194093329359,Undirected,moderate
APREMILAST,METHOTREXATE,3.318194093329359,2.3717070890513052,4.642399599779442,195,77.43589743589745,3.318194093329359,Undirected,moderate
POTASSIUM CHLORIDE,REMODULIN,3.315812714964996,2.600273295442642,4.228253230148232,372,77.41935483870968,3.315812714964996,Undirected,moderate
LENALIDOMIDE,VALACYCLOVIR HYDROCHLORIDE,3.315148554098028,2.4114997385175725,4.557417013237699,217,77.41935483870968,3.315148554098028,Undirected,moderate
ASPIRIN,DIGOXIN,3.3150157676365546,2.350701397180764,4.674915135056567,186,77.41935483870968,3.3150157676365546,Undirected,moderate
RISPERIDONE,VENLAFAXINE,3.3150157676365546,2.350701397180764,4.674915135056567,186,77.41935483870968,3.3150157676365546,Undirected,moderate
DIAZEPAM,OXYCODONE HYDROCHLORIDE,3.3147502404045555,2.1757838693021085,5.049935938621684,124,77.41935483870968,3.3147502404045555,Undirected,moderate
OXYGEN,SYNTHROID,3.3147502404045555,2.1757838693021085,5.049935938621684,124,77.41935483870968,3.3147502404045555,Undirected,moderate
FUROSEMIDE,POTASSIUM CHLORIDE,3.312336894115337,2.950703926096,3.7182909485038858,1644,77.37226277372264,3.312336894115337,Undirected,moderate
(-)-ARTERENOL,VASOPRESSIN,3.312280636748081,2.5818863923807807,4.2492973544276005,354,77.40112994350282,3.312280636748081,Undirected,moderate
APIXABAN,HYDROCHLOROTHIAZIDE,3.311523598996296,2.3282821538913017,4.709991238983377,177,77.40112994350282,3.311523598996296,Undirected,moderate
METRONIDAZOLE,PIPERACILLIN SODIUM\TAZOBACTAM SODIUM,3.311523598996296,2.3282821538913017,4.709991238983377,177,77.40112994350282,3.311523598996296,Undirected,moderate
ACETAMINOPHEN,PEMETREXED,3.3089313913789993,2.373726656785807,4.612589626338491,199,77.38693467336684,3.3089313913789993,Undirected,moderate
FOLIC ACID,METHYLPREDNISOLONE SODIUM SUCCINATE,3.306876218882643,2.4129723221489976,4.531933593532664,221,77.37556561085974,3.306876218882643,Undirected,moderate
ALPRAZOLAM,OXYCODONE,3.3064783291729714,2.491445248162525,4.388135340061586,274,77.37226277372264,3.3064783291729714,Undirected,moderate
HYDROXYCHLOROQUINE,VITAMIN D2,3.305894105031631,2.215501030637188,4.932940983800707,137,77.37226277372264,3.305894105031631,Undirected,moderate
LEVOTHYROXINE SODIUM,QUETIAPINE,3.305894105031631,2.215501030637188,4.932940983800707,137,77.37226277372264,3.305894105031631,Undirected,moderate
OXYCODONE,PANTOPRAZOLE,3.3047433794496333,2.666809910545906,4.095278317673772,477,77.35849056603774,3.3047433794496333,Undirected,moderate
OXYGEN,TORSEMIDE,3.303812904566455,2.6466386414777348,4.124166985745137,446,77.3542600896861,3.303812904566455,Undirected,moderate
ATORVASTATIN CALCIUM,REMODULIN,3.303388503351941,2.2784969322820943,4.78928694152253,159,77.35849056603774,3.303388503351941,Undirected,moderate
CIMZIA,KEVZARA,3.3031628455255415,2.0958942778165435,5.205837383852736,106,77.35849056603774,3.3031628455255415,Undirected,moderate
FUROSEMIDE,GLICLAZIDE,3.30269361773718,2.50499858285691,4.354407705972333,287,77.35191637630662,3.30269361773718,Undirected,moderate
ATORVASTATIN,KEYTRUDA,3.3015166941035807,2.3310222900520605,4.67606531604689,181,77.34806629834254,3.3015166941035807,Undirected,moderate
EZETIMIBE,SERTRALINE,3.300478026313447,2.181894035755476,4.992522562355407,128,77.34375,3.300478026313447,Undirected,moderate
MORPHINE,QUETIAPINE,3.300478026313447,2.181894035755476,4.992522562355407,128,77.34375,3.300478026313447,Undirected,moderate
CASPOFUNGIN,FLUCONAZOLE,3.300478026313447,2.181894035755476,4.992522562355407,128,77.34375,3.300478026313447,Undirected,moderate
OXYGEN,VITAMIN B COMPLEX,3.300478026313447,2.181894035755476,4.992522562355407,128,77.34375,3.300478026313447,Undirected,moderate
DULOXETINE HYDROCHLORIDE,FUROSEMIDE,3.2986101925398725,2.250695629315965,4.8344294362160625,150,77.33333333333333,3.2986101925398725,Undirected,moderate
AMLODIPINE,VONOPRAZAN FUMARATE,3.2986101925398725,2.250695629315965,4.8344294362160625,150,77.33333333333333,3.2986101925398725,Undirected,moderate
FOLIC ACID,METOPROLOL TARTRATE,3.2986101925398725,2.250695629315965,4.8344294362160625,150,77.33333333333333,3.2986101925398725,Undirected,moderate
DIPYRONE,RAMIPRIL,3.2986101925398725,2.250695629315965,4.8344294362160625,150,77.33333333333333,3.2986101925398725,Undirected,moderate
HYDROMORPHONE,PREGABALIN,3.298006382879924,2.4484113403802397,4.442409623796114,247,77.32793522267207,3.298006382879924,Undirected,moderate
DAPTOMYCIN,PIPERACILLIN SODIUM\TAZOBACTAM SODIUM,3.2962114205527193,2.355400119617047,4.612808515416338,194,77.31958762886599,3.2962114205527193,Undirected,moderate
ALLOPURINOL,PROCHLORPERAZINE,3.2962114205527193,2.355400119617047,4.612808515416338,194,77.31958762886599,3.2962114205527193,Undirected,moderate
OMEPRAZOLE,SITAGLIPTIN,3.2942654742102766,2.1450544783367937,5.059165221289994,119,77.31092436974791,3.2942654742102766,Undirected,moderate
FOSAMAX,VITAMIN D3,3.2942654742102766,2.1450544783367937,5.059165221289994,119,77.31092436974791,3.2942654742102766,Undirected,moderate
CALCIUM CARBONATE,CLOPIDOGREL,3.2942654742102766,2.1450544783367937,5.059165221289994,119,77.31092436974791,3.2942654742102766,Undirected,moderate
LORAZEPAM,METFORMIN,3.294256086768305,2.4643644878807676,4.40361935849121,260,77.3076923076923,3.294256086768305,Undirected,moderate
FUROSEMIDE,TADALAFIL,3.2903996356603025,2.6237207457144547,4.1264794586228986,427,77.28337236533957,3.2903996356603025,Undirected,moderate
DEXAMETHASONE,VANCOMYCIN,3.287994702771961,2.541565116350456,4.253642409516674,330,77.27272727272727,3.287994702771961,Undirected,moderate
DAPAGLIFLOZIN,PERPRAZOLE,3.28752990437769,2.3983529022394725,4.506364706414017,220,77.27272727272727,3.28752990437769,Undirected,moderate
FLUOROURACIL,PANTOPRAZOLE,3.287344037892131,2.310605870298073,4.676968479297969,176,77.27272727272727,3.287344037892131,Undirected,moderate
APREMILAST,PREDNISONE,3.287251115975415,2.254981677492012,4.792065499840359,154,77.27272727272727,3.287251115975415,Undirected,moderate
AMLODIPINE,AZITHROMYCIN,3.287251115975415,2.254981677492012,4.792065499840359,154,77.27272727272727,3.287251115975415,Undirected,moderate
HYDROXYCHLOROQUINE SULFATE,KEVZARA,3.287251115975415,2.254981677492012,4.792065499840359,154,77.27272727272727,3.287251115975415,Undirected,moderate
AMITRIPTYLINE HYDROCHLORIDE,LECITHIN,3.287158201608182,2.187847292273395,4.938831462579832,132,77.27272727272727,3.287158201608182,Undirected,moderate
AZITHROMYCIN,PIPERACILLIN SODIUM\TAZOBACTAM SODIUM,3.287158201608182,2.187847292273395,4.938831462579832,132,77.27272727272727,3.287158201608182,Undirected,moderate
ELIQUIS,KEYTRUDA,3.287065294789511,2.1044155865612297,5.134346239026623,110,77.27272727272727,3.287065294789511,Undirected,moderate
LANTUS,LIPITOR,3.287065294789511,2.1044155865612297,5.134346239026623,110,77.27272727272727,3.287065294789511,Undirected,moderate
NAPROXEN,REMICADE,3.2822165891766537,2.2858255534705103,4.712934336528936,167,77.24550898203593,3.2822165891766537,Undirected,moderate
ADEMPAS,OXYGEN,3.2817303615230355,2.5907104426165763,4.157065949394497,391,77.23785166240408,3.2817303615230355,Undirected,moderate
SPIRONOLACTONE,TYVASO,3.281352819671716,2.2255746240542624,4.837975869599509,145,77.24137931034483,3.281352819671716,Undirected,moderate
VENLAFAXINE,ZOLPIDEM,3.281352819671716,2.2255746240542624,4.837975869599509,145,77.24137931034483,3.281352819671716,Undirected,moderate
SULFASALAZINE,XELJANZ,3.2803198326230896,2.6642338054423553,4.0388715818857195,505,77.22772277227723,3.2803198326230896,Undirected,moderate
JARDIANCE,SODIUM CHLORIDE,3.2786198457941844,2.059258921172856,5.220008024592246,101,77.22772277227723,3.2786198457941844,Undirected,moderate
PERPRAZOLE,QUETIAPINE,3.2786198457941844,2.059258921172856,5.220008024592246,101,77.22772277227723,3.2786198457941844,Undirected,moderate
BUPRENORPHINE,METHADONE,3.2786198457941844,2.059258921172856,5.220008024592246,101,77.22772277227723,3.2786198457941844,Undirected,moderate
OPSUMIT,SILDENAFILO,3.277926598450208,2.3137106659376148,4.643969941018143,180,77.22222222222223,3.277926598450208,Undirected,moderate
LEVOFLOXACIN,METHYLPREDNISOLONE,3.277926598450208,2.3137106659376148,4.643969941018143,180,77.22222222222223,3.277926598450208,Undirected,moderate
PREDNISONE,VORICONAZOLE,3.2778589184703013,2.451694584341312,4.382421512866353,259,77.22007722007721,3.2778589184703013,Undirected,moderate
LT4,PACLITAXEL,3.2765238563692436,2.259188837828139,4.751974868854881,158,77.21518987341773,3.2765238563692436,Undirected,moderate
CLONAZEPAM,CLOZAPINE,3.275666842530292,2.381749593811847,4.5050887344037145,215,77.20930232558139,3.275666842530292,Undirected,moderate
GABAPENTIN,METRONIDAZOLE,3.2746985995929063,2.193649236355491,4.8884984620384975,136,77.20588235294117,3.2746985995929063,Undirected,moderate
AMBRISENTAN,TADALAFIL,3.273431916664275,2.6811778223713123,3.9965109451634113,548,77.1897810218978,3.273431916664275,Undirected,moderate
LEFLUNOMIDE,REMICADE,3.272923974920069,2.4817133155884097,4.316385489943984,285,77.19298245614034,3.272923974920069,Undirected,moderate
FOLIC ACID,KARDEGIC,3.2724459849096905,2.289405830222002,4.6775903960693235,171,77.19298245614034,3.2724459849096905,Undirected,moderate
AMLODIPINE,METOCLOPRAMIDE,3.2724459849096905,2.289405830222002,4.6775903960693235,171,77.19298245614034,3.2724459849096905,Undirected,moderate
ASPIRIN,QUETIAPINE FUMARATE,3.272207065286618,2.1126454116716364,5.068214012137254,114,77.19298245614034,3.272207065286618,Undirected,moderate
POSACONAZOLE,RITUXIMAB,3.272207065286618,2.1126454116716364,5.068214012137254,114,77.19298245614034,3.272207065286618,Undirected,moderate
MAGNESIUM,PREDNISOLONE,3.272207065286618,2.1126454116716364,5.068214012137254,114,77.19298245614034,3.272207065286618,Undirected,moderate
CETIRIZINE,RAMIPRIL,3.2710099442106415,2.3623375836988423,4.529202823913126,206,77.18446601941747,3.2710099442106415,Undirected,moderate
LASIX,OXYGEN,3.270113807875146,2.630168562356761,4.065763871374712,460,77.17391304347827,3.270113807875146,Undirected,moderate
ACETAMINOPHEN,TRIAMCINOLONE ACETONIDE,3.270034162529161,2.420406473170046,4.417903993663855,241,77.17842323651453,3.270034162529161,Undirected,moderate
FUROSEMIDE,TRAZODONE,3.2693433102803664,2.468134478533989,4.3306415324758785,276,77.17391304347827,3.2693433102803664,Undirected,moderate
OXYGEN,SYMBICORT,3.2689582575851976,2.3167761408082845,4.612481931942829,184,77.17391304347827,3.2689582575851976,Undirected,moderate
MAGNESIUM,METHYLPREDNISOLONE,3.2689582575851976,2.3167761408082845,4.612481931942829,184,77.17391304347827,3.2689582575851976,Undirected,moderate
CLONAZEPAM,QUETIAPINE,3.2668887494964745,2.7413929892337605,3.893116435148431,709,77.1509167842031,3.2668887494964745,Undirected,moderate
MELATONINA,OXYGEN,3.266377185335179,2.2633183864464,4.713972183838323,162,77.1604938271605,3.266377185335179,Undirected,moderate
METOPROLOL TARTRATE,POTASSIUM CHLORIDE,3.265942646076717,2.3417314165784173,4.55491235756131,197,77.15736040609137,3.265942646076717,Undirected,moderate
FUROSEMIDE,MELATONINA,3.265446889753515,2.4961019641998834,4.271918191939302,302,77.15231788079471,3.265446889753515,Undirected,moderate
ADALIMUMAB,RITUXIMAB,3.264669046012028,2.7409683763806543,3.8884301153677145,713,77.13884992987377,3.264669046012028,Undirected,moderate
APIXABAN,PANTOPRAZOLE,3.2641021857414456,2.7010790288893474,3.944484024720681,608,77.13815789473685,3.2641021857414456,Undirected,moderate
RITUXIMAB,SIMPONI,3.264041095890411,2.572921098551404,4.140804893574012,385,77.14285714285715,3.264041095890411,Undirected,moderate
BISOPROLOL FUMARATE,SPIRONOLACTONE,3.263748852618898,2.5089123379439,4.245687030141804,315,77.14285714285715,3.263748852618898,Undirected,moderate
DICLOFENAC,MORPHINE,3.2628725753035797,2.069014826601348,5.1456071294357715,105,77.14285714285715,3.2628725753035797,Undirected,moderate
FAMOTIDINE,HEPARIN,3.2628725753035797,2.069014826601348,5.1456071294357715,105,77.14285714285715,3.2628725753035797,Undirected,moderate
METHOTREXATE,THYMOGLOBULIN,3.2628725753035797,2.069014826601348,5.1456071294357715,105,77.14285714285715,3.2628725753035797,Undirected,moderate
ACETAMINOPHEN,SUFENTANIL,3.2628725753035797,2.069014826601348,5.1456071294357715,105,77.14285714285715,3.2628725753035797,Undirected,moderate
LORAZEPAM,METHYLPREDNISOLONE,3.2604076828518815,2.3198020329259177,4.582398889008582,188,77.12765957446808,3.2604076828518815,Undirected,moderate
CLOZAPINE,SERTRALINE,3.258941650987635,2.4052346809447886,4.415660878617527,236,77.11864406779661,3.258941650987635,Undirected,moderate
SODIUM CHLORIDE,TYLENOL EXTRA STRENGTH,3.2584504546793314,2.1205999423426967,5.006837524417945,118,77.11864406779661,3.2584504546793314,Undirected,moderate
LORAZEPAM,RISPERIDONE,3.2584413139480466,2.6150396790071464,4.060144816033767,450,77.11111111111111,3.2584413139480466,Undirected,moderate
LECITHIN,LIDOCAINE HYDROCHLORIDE,3.256765266948746,2.267371730077626,4.677891967736851,166,77.10843373493977,3.256765266948746,Undirected,moderate
CHOLECALCIFEROL,SODIUM BICARBONATE,3.256765266948746,2.267371730077626,4.677891967736851,166,77.10843373493977,3.256765266948746,Undirected,moderate
CYAMEMAZINE,DIAZEPAM,3.2522463902091516,2.3227882382283016,4.553624996265741,192,77.08333333333334,3.2522463902091516,Undirected,moderate
ASPIRIN,TYVASO,3.2522463902091516,2.3227882382283016,4.553624996265741,192,77.08333333333334,3.2522463902091516,Undirected,moderate
ALBUTEROL,LEVOFLOXACIN,3.2520472554524686,2.20482099408777,4.7966757301635745,144,77.08333333333334,3.2520472554524686,Undirected,moderate
CYCLOPHOSPHAMIDE,PANTOPRAZOLE,3.25179869142614,2.533417308884335,4.17388587836617,349,77.07736389684814,3.25179869142614,Undirected,moderate
ORENITRAM,SPIRONOLACTONE,3.2496593377823872,2.239881840117527,4.714662006939689,157,77.07006369426752,3.2496593377823872,Undirected,moderate
CARBOPLATIN,GABAPENTIN,3.2483861764431796,2.0783994809621653,5.076989697102039,109,77.06422018348624,3.2483861764431796,Undirected,moderate
SODIUM CHLORIDE,URSADIOL 300 MG ORAL CAPSULE [URSODIOL],3.2483861764431796,2.0783994809621653,5.076989697102039,109,77.06422018348624,3.2483861764431796,Undirected,moderate
ASPIRIN,RISPERIDONE,3.2483861764431796,2.0783994809621653,5.076989697102039,109,77.06422018348624,3.2483861764431796,Undirected,moderate
POLOXAMER,REMODULIN,3.247646966405928,2.2713503710392127,4.643586015124541,170,77.05882352941177,3.247646966405928,Undirected,moderate
HYRIMOZ,METHOTREXATE,3.243971741470549,2.523168504180389,4.170689607937148,344,77.03488372093024,3.243971741470549,Undirected,moderate
ACETAMINOPHEN,LORAZEPAM,3.2436555001447447,2.812151551642606,3.7413705521929135,1066,77.01688555347091,3.2436555001447447,Undirected,moderate
PANTOPRAZOLE,ZOLPIDEM,3.2435032432427016,2.1717989966481963,4.844054769876147,135,77.03703703703704,3.2435032432427016,Undirected,moderate
DEXAMETHASONE,MIRTAZAPINE,3.2435032432427016,2.1717989966481963,4.844054769876147,135,77.03703703703704,3.2435032432427016,Undirected,moderate
MAGNESIUM,MYCOPHENOLATE MOFETIL,3.2435032432427016,2.1717989966481963,4.844054769876147,135,77.03703703703704,3.2435032432427016,Undirected,moderate
METHOTREXATE,RAMIPRIL,3.242836978433139,2.649077289222433,3.969680957017327,531,77.02448210922788,3.242836978433139,Undirected,moderate
OXYGEN,VITAMINS,3.2417264036028883,2.6669285719923552,3.940409273115786,570,77.01754385964912,3.2417264036028883,Undirected,moderate
CARBIDOPA / LEVODOPA,FOLIC ACID,3.2417221098388382,2.210201335125241,4.754662876367546,148,77.02702702702703,3.2417221098388382,Undirected,moderate
METFORMIN HYDROCHLORIDE,METHOTREXATE,3.2417221098388382,2.210201335125241,4.754662876367546,148,77.02702702702703,3.2417221098388382,Undirected,moderate
PERPRAZOLE,SULFAMETHOXAZOLE / TRIMETHOPRIM,3.2417221098388382,2.210201335125241,4.754662876367546,148,77.02702702702703,3.2417221098388382,Undirected,moderate
LEVETIRACETAM,OMEPRAZOLE,3.2417221098388382,2.210201335125241,4.754662876367546,148,77.02702702702703,3.2417221098388382,Undirected,moderate
SPIRONOLACTONE,TRAMADOL HYDROCHLORIDE,3.2417221098388382,2.210201335125241,4.754662876367546,148,77.02702702702703,3.2417221098388382,Undirected,moderate
LANSOPRAZOLE,OXYCODONE,3.240238424644214,2.244448514970637,4.677828419101952,161,77.01863354037268,3.240238424644214,Undirected,moderate
KETAMINE HYDROCHLORIDE,LECITHIN,3.240238424644214,2.244448514970637,4.677828419101952,161,77.01863354037268,3.240238424644214,Undirected,moderate
DICLOFENAC,ENBREL,3.237914374600992,2.303175573338205,4.5520148870162656,187,77.00534759358288,3.237914374600992,Undirected,moderate
TREPROSTINIL,WINREVAIR,3.236990099396724,2.3286418125529185,4.499663643892548,200,77.0,3.236990099396724,Undirected,moderate
IVABRADINE,RAMIPRIL,3.236578524433991,2.0314569122707473,5.156614684540832,100,77.0,3.236578524433991,Undirected,moderate
CHOLECALCIFEROL,REMICADE,3.236578524433991,2.0314569122707473,5.156614684540832,100,77.0,3.236578524433991,Undirected,moderate
ONDANSETRON,TACROLIMUS,3.236578524433991,2.0314569122707473,5.156614684540832,100,77.0,3.236578524433991,Undirected,moderate
AMIODARONE,JARDIANCE,3.236578524433991,2.0314569122707473,5.156614684540832,100,77.0,3.236578524433991,Undirected,moderate
KETAMINE,MIDAZOLAM,3.2361855083960296,2.352001619702239,4.452759112503642,213,76.99530516431925,3.2361855083960296,Undirected,moderate
CANDESARTAN,CETIRIZINE HYDROCHLORIDE,3.235015164047422,2.087436533685781,5.013480861685495,113,76.99115044247787,3.235015164047422,Undirected,moderate
METOPROLOL,PERPRAZOLE,3.233786247930779,2.135742198734454,4.896365068547506,126,76.98412698412699,3.233786247930779,Undirected,moderate
KORTISON,RITUXIMAB,3.233786247930779,2.135742198734454,4.896365068547506,126,76.98412698412699,3.233786247930779,Undirected,moderate
AMPHOTERICIN B,FLUCONAZOLE,3.233368758261169,2.445497456114319,4.275070293269057,278,76.97841726618705,3.233368758261169,Undirected,moderate
LANSOPRAZOLE,QUETIAPINE,3.232797714347161,2.1780188565479617,4.79838869643785,139,76.97841726618705,3.232797714347161,Undirected,moderate
OXYGEN,TRELEGY ELLIPTA,3.231722613229914,2.5133665339782856,4.155395127478774,343,76.96793002915452,3.231722613229914,Undirected,moderate
CANDESARTAN,METHOTREXATE,3.2306867076684265,2.565656611206395,4.068095690404075,408,76.9607843137255,3.2306867076684265,Undirected,moderate
AMIODARONE,LT4,3.2289073169898934,2.395384434303627,4.352471491592461,243,76.95473251028807,3.2289073169898934,Undirected,moderate
ACETAMINOPHEN,TRAZODONE,3.227014945491457,2.615113611410708,3.9820929434907666,490,76.93877551020408,3.227014945491457,Undirected,moderate
DIGOXIN,OXYGEN,3.2229543117203625,2.3097388262829788,4.497233356964946,195,76.92307692307693,3.2229543117203625,Undirected,moderate
SODIUM CHLORIDE,TADALAFIL,3.2229543117203625,2.3097388262829788,4.497233356964946,195,76.92307692307693,3.2229543117203625,Undirected,moderate
KETAMINE HYDROCHLORIDE,REMODULIN,3.2227949475904514,2.220575961255363,4.677348334592784,156,76.92307692307693,3.2227949475904514,Undirected,moderate
GOLIMUMAB,LEFLUNOMIDE,3.222741831291405,2.1840687310289812,4.755374573886366,143,76.92307692307693,3.222741831291405,Undirected,moderate
CALCIUM CARBONATE / CHOLECALCIFEROL,PANTOPRAZOLE SODIUM,3.2226356063086077,2.0961475812281702,4.954508138669829,117,76.92307692307693,3.2226356063086077,Undirected,moderate
AMOXICILLIN / CLAVULANATE,METFORMIN,3.2226356063086077,2.0961475812281702,4.954508138669829,117,76.92307692307693,3.2226356063086077,Undirected,moderate
METHOTREXATE,QUETIAPINE,3.2226356063086077,2.0961475812281702,4.954508138669829,117,76.92307692307693,3.2226356063086077,Undirected,moderate
DEXAMETHASONE,KETAMINE,3.216444982864759,2.337128465732954,4.426593779281789,212,76.88679245283019,3.216444982864759,Undirected,moderate
CEFTRIAXONE,VANCOMYCIN,3.2148057069457416,2.6481848213869332,3.902664062547634,575,76.8695652173913,3.2148057069457416,Undirected,moderate
LT4,ZOPICLONE,3.2140997888804153,2.225579701008471,4.641683893953619,160,76.875,3.2140997888804153,Undirected,moderate
ONDANSETRON,POSACONAZOLE,3.213278272400928,2.1899561022101897,4.714778184577919,147,76.87074829931973,3.213278272400928,Undirected,moderate
METOCLOPRAMIDE,PANTOPRAZOLE,3.2129979556881594,2.538342330092471,4.066967540536668,389,76.86375321336762,3.2129979556881594,Undirected,moderate
ACETAMINOPHEN,HYDROXYCHLOROQUINE SULFATE,3.2125744320319845,2.5277973952953823,4.082856680109691,376,76.86170212765957,3.2125744320319845,Undirected,moderate
ATORVASTATIN,LEVETIRACETAM,3.212271029098602,2.4010185945582223,4.297628176546792,255,76.86274509803923,3.212271029098602,Undirected,moderate
APIXABAN,VALSARTAN,3.211141275962994,2.1045523859454343,4.899582620539525,121,76.85950413223141,3.211141275962994,Undirected,moderate
SENNOSIDES,VITAMIN D NOS,3.211141275962994,2.1045523859454343,4.899582620539525,121,76.85950413223141,3.211141275962994,Undirected,moderate
POTASSIUM CHLORIDE,SERTRALINE HYDROCHLORIDE,3.209707242941525,2.052386001876128,5.019631090824931,108,76.85185185185185,3.209707242941525,Undirected,moderate
AMLODIPINE,HYDROXYZINE,3.2092697659752947,2.316096455946296,4.44688406839043,203,76.84729064039408,3.2092697659752947,Undirected,moderate
ACETAMINOPHEN,VOLTARENE,3.2092697659752947,2.316096455946296,4.44688406839043,203,76.84729064039408,3.2092697659752947,Undirected,moderate
MIRALAX,SODIUM CHLORIDE,3.207156987987812,2.261780722991524,4.547680436498972,177,76.8361581920904,3.207156987987812,Undirected,moderate
BENZOYLECGONINE,COCAINE,3.2043562670497394,2.195688039991635,4.676392501650671,151,76.82119205298014,3.2043562670497394,Undirected,moderate
REMICADE,STELARA,3.2031350463101287,2.4218967270640257,4.2363796978817065,276,76.81159420289855,3.2031350463101287,Undirected,moderate
PANTOPRAZOLE,TAMSULOSIN HYDROCHLORIDE,3.2025769987167876,2.156733847993192,4.755570300087487,138,76.81159420289855,3.2025769987167876,Undirected,moderate
GLUCOSAMINA,PREDNISONE,3.2025769987167876,2.156733847993192,4.755570300087487,138,76.81159420289855,3.2025769987167876,Undirected,moderate
LAMOTRIGINE,RISPERIDONE,3.201460298645067,2.293743550816586,4.468393182032809,194,76.80412371134021,3.201460298645067,Undirected,moderate
ACETAMINOPHEN,RANITIDINA,3.2009454850246692,2.3862978783008706,4.293702010662377,250,76.8,3.2009454850246692,Undirected,moderate
POSACONAZOLE,TACROLIMUS,3.2009454850246692,2.3862978783008706,4.293702010662377,250,76.8,3.2009454850246692,Undirected,moderate
CANDESARTAN,TRAZODONE,3.2004405977832175,2.1126690682398377,4.848284179439785,125,76.8,3.2004405977832175,Undirected,moderate
ATORVASTATIN CALCIUM,XARELTO,3.2004405977832175,2.1126690682398377,4.848284179439785,125,76.8,3.2004405977832175,Undirected,moderate
PANTOPRAZOLE,SULFAMETHOXAZOLE / TRIMETHOPRIM,3.19969823962391,2.495528019305278,4.102566168542756,349,76.79083094555874,3.19969823962391,Undirected,moderate
VANCOMYCIN,VORICONAZOLE,3.198275175823782,2.345271728817106,4.3615262038100235,224,76.78571428571429,3.198275175823782,Undirected,moderate
DIPYRONE,PANTOPRAZOLE SODIUM,3.1980492849755713,2.2352422641401093,4.575575271285977,168,76.78571428571429,3.1980492849755713,Undirected,moderate
CODEINE,ENBREL,3.197823440546875,2.0622300756097505,4.9587458149583306,112,76.78571428571429,3.197823440546875,Undirected,moderate
LYRICA,RAMIPRIL,3.197823440546875,2.0622300756097505,4.9587458149583306,112,76.78571428571429,3.197823440546875,Undirected,moderate
CHOLECALCIFEROL,INSULIN,3.197823440546875,2.0622300756097505,4.9587458149583306,112,76.78571428571429,3.197823440546875,Undirected,moderate
ACETAMINOPHEN,MOVICOL,3.196704551689828,2.3222558776809357,4.40042808762286,211,76.77725118483413,3.196704551689828,Undirected,moderate
OXYCODONE,SERTRALINE,3.195930685792515,2.201271224003093,4.640033830004705,155,76.77419354838709,3.195930685792515,Undirected,moderate
CLOTRIMAZOLE,DEXAMETHASONE,3.194935995980883,2.297244620583913,4.443417094963002,198,76.76767676767676,3.194935995980883,Undirected,moderate
DAPTOMYCIN,MEROPENEM,3.194358279494703,2.3688734571578194,4.3075010135911,241,76.76348547717843,3.194358279494703,Undirected,moderate
ASPIRIN,BUMETANIDE,3.1940080153977455,2.425102180650585,4.206704065429616,284,76.76056338028168,3.1940080153977455,Undirected,moderate
CARBOPLATIN,ELIQUIS,3.193436547187521,2.16331786555222,4.714072371565125,142,76.76056338028168,3.193436547187521,Undirected,moderate
BACTRIM,DEXAMETHASONE,3.192535974748141,2.497292739178977,4.0813340743592335,357,76.75070028011206,3.192535974748141,Undirected,moderate
TORSEMIDE,VITAMIN D3,3.19097251600783,2.390381937538075,4.259698183799197,258,76.74418604651163,3.19097251600783,Undirected,moderate
OXYGEN,TRAMADOL HYDROCHLORIDE,3.1906269491343155,2.239909425347772,4.544871419058192,172,76.74418604651163,3.1906269491343155,Undirected,moderate
TORSEMIDE,TYLENOL,3.1904542065722317,2.1205142754906854,4.800249713895011,129,76.74418604651163,3.1904542065722317,Undirected,moderate
SODIUM CHLORIDE,VITAMIN D2,3.1904542065722317,2.1205142754906854,4.800249713895011,129,76.74418604651163,3.1904542065722317,Undirected,moderate
REMICADE,SIMPONI,3.1890832271805714,2.498174277714873,4.071073792012368,361,76.73130193905817,3.1890832271805714,Undirected,moderate
ADALIMUMAB,LEFLUNOMIDE,3.1879613114768413,2.6538454030170873,3.8295739879644017,640,76.71875,3.1879613114768413,Undirected,moderate
MONTELUKAST SODIUM,POTASSIUM CHLORIDE,3.1879612780428856,2.206711965476848,4.605538588315348,159,76.72955974842768,3.1879612780428856,Undirected,moderate
PANTOPRAZOLE SODIUM,PREGABALIN,3.1870574995973935,2.510592280933589,4.045792533848978,378,76.71957671957672,3.1870574995973935,Undirected,moderate
ALLOPURINOL,DIGOXIN,3.1868209290968776,2.071697455912987,4.902177007141356,116,76.72413793103449,3.1868209290968776,Undirected,moderate
AMIODARONE,OMEPRAZOLE,3.1868209290968776,2.071697455912987,4.902177007141356,116,76.72413793103449,3.1868209290968776,Undirected,moderate
LANSOPRAZOLE,LOVENOX,3.1868209290968776,2.071697455912987,4.902177007141356,116,76.72413793103449,3.1868209290968776,Undirected,moderate
OMEPRAZOLE,VANCOMYCIN,3.1868209290968776,2.071697455912987,4.902177007141356,116,76.72413793103449,3.1868209290968776,Undirected,moderate
ALLOPURINOL,PIPERACILLIN SODIUM\TAZOBACTAM SODIUM,3.1868209290968776,2.071697455912987,4.902177007141356,116,76.72413793103449,3.1868209290968776,Undirected,moderate
METOCLOPRAMIDE,OXYCODONE,3.1868209290968776,2.071697455912987,4.902177007141356,116,76.72413793103449,3.1868209290968776,Undirected,moderate
ASPIRIN,LINAGLIPTIN,3.186299632706781,2.2738757257880287,4.464846180575213,189,76.71957671957672,3.186299632706781,Undirected,moderate
KEVZARA,ORENCIA,3.1848345709034556,2.169712182436964,4.674892516218098,146,76.71232876712328,3.1848345709034556,Undirected,moderate
MEROPENEM,TIGECYCLINE,3.1848345709034556,2.169712182436964,4.674892516218098,146,76.71232876712328,3.1848345709034556,Undirected,moderate
ATORVASTATIN CALCIUM,PREGABALIN,3.1848345709034556,2.169712182436964,4.674892516218098,146,76.71232876712328,3.1848345709034556,Undirected,moderate
DICLOFENAC,HYDROXYCHLOROQUINE,3.184266283286812,2.373440390665913,4.272090338882439,249,76.70682730923694,3.184266283286812,Undirected,moderate
CIPROFLOXACIN,VANCOMYCIN,3.1836167542066347,2.4118645941416736,4.20231536309448,279,76.70250896057348,3.1836167542066347,Undirected,moderate
OMEPRAZOLE,PACLITAXEL,3.182292612486898,2.0152645930186175,5.02513977895067,103,76.69902912621359,3.182292612486898,Undirected,moderate
ELIQUIS,TREPROSTINIL,3.182292612486898,2.0152645930186175,5.02513977895067,103,76.69902912621359,3.182292612486898,Undirected,moderate
AZITHROMYCIN,TOBRAMYCIN,3.182292612486898,2.0152645930186175,5.02513977895067,103,76.69902912621359,3.182292612486898,Undirected,moderate
AZITHROMYCIN,LORAZEPAM,3.182292612486898,2.0152645930186175,5.02513977895067,103,76.69902912621359,3.182292612486898,Undirected,moderate
HYDROXYZINE,RISPERIDONE,3.182292612486898,2.0152645930186175,5.02513977895067,103,76.69902912621359,3.182292612486898,Undirected,moderate
CHOLECALCIFEROL,CODEINE,3.182292612486898,2.0152645930186175,5.02513977895067,103,76.69902912621359,3.182292612486898,Undirected,moderate
FILGRASTIM,LEVOFLOXACIN,3.182292612486898,2.0152645930186175,5.02513977895067,103,76.69902912621359,3.182292612486898,Undirected,moderate
ROSUVASTATIN CALCIUM,VALSARTAN,3.182292612486898,2.0152645930186175,5.02513977895067,103,76.69902912621359,3.182292612486898,Undirected,moderate
ALLOPURINOL,LEVOFLOXACIN,3.181312502511532,2.429821288416994,4.165223708789613,296,76.6891891891892,3.181312502511532,Undirected,moderate
ARAVA,XELJANZ,3.181312502511532,2.429821288416994,4.165223708789613,296,76.6891891891892,3.181312502511532,Undirected,moderate
ACTEMRA,RISEDRONATE SODIUM,3.1811129778035747,2.1281033308260486,4.75516373240313,133,76.69172932330827,3.1811129778035747,Undirected,moderate
CALCIUM CARBONATE,IBUPROFEN,3.1804120301183105,2.212016228656212,4.5727606110132815,163,76.68711656441718,3.1804120301183105,Undirected,moderate
INSULIN GLARGINE,INSULIN LISPRO,3.179966388304043,2.277748969481461,4.439552543424284,193,76.68393782383419,3.179966388304043,Undirected,moderate
ALBUTEROL SULFATE,TYVASO,3.1796729533802206,2.3311402098482255,4.337070780961713,223,76.68161434977578,3.1796729533802206,Undirected,moderate
QUETIAPINE,VALPROATE SODIUM,3.176964214870559,2.307383863658094,4.3742620296246,210,76.66666666666667,3.176964214870559,Undirected,moderate
CLINDAMYCIN,VANCOMYCIN,3.176844558288892,2.248935017682723,4.487609143072874,180,76.66666666666667,3.176844558288892,Undirected,moderate
PANTOPRAZOLE,RIVAROXABAN,3.176844558288892,2.248935017682723,4.487609143072874,180,76.66666666666667,3.176844558288892,Undirected,moderate
ALBUTEROL SULFATE,AZTREONAM LYSINE,3.176724914860322,2.175925932081045,4.637833041974356,150,76.66666666666667,3.176724914860322,Undirected,moderate
METHOTREXATE,MORPHINE SULFATE,3.17660528458268,2.0808126284161896,4.849461694068647,120,76.66666666666667,3.17660528458268,Undirected,moderate
DIAZEPAM,MIRTAZAPINE,3.1758047109017618,2.4763561210613907,4.072813064327345,347,76.657060518732,3.1758047109017618,Undirected,moderate
OMEPRAZOLE,TORSEMIDE,3.175209054650974,2.4153519947876703,4.174113157210372,287,76.65505226480836,3.175209054650974,Undirected,moderate
ASPIRIN,FENTANYL,3.1744252507757413,2.334010914771812,4.317450106589505,227,76.65198237885463,3.1744252507757413,Undirected,moderate
LEVOTHYROXINE SODIUM,SPIRONOLACTONE,3.1743269102586384,2.4898716066219895,4.046936117667027,364,76.64835164835165,3.1743269102586384,Undirected,moderate
LEFLUNOMIDE,ORENCIA,3.17298793617912,2.5025633945547776,4.023015946386992,381,76.64041994750657,3.17298793617912,Undirected,moderate
PROTONIX,SODIUM CHLORIDE,3.1723564275165956,2.135450364381835,4.712750748537822,137,76.64233576642336,3.1723564275165956,Undirected,moderate
MAGNESIUM,TORSEMIDE,3.1723564275165956,2.135450364381835,4.712750748537822,137,76.64233576642336,3.1723564275165956,Undirected,moderate
POTASSIUM CHLORIDE,PROTONIX,3.1723564275165956,2.135450364381835,4.712750748537822,137,76.64233576642336,3.1723564275165956,Undirected,moderate
CEFTRIAXONE,LINEZOLID,3.1723564275165956,2.135450364381835,4.712750748537822,137,76.64233576642336,3.1723564275165956,Undirected,moderate
HUMALOG,INSULIN GLARGINE,3.1710284942832225,2.026375229619938,4.962270345873747,107,76.63551401869158,3.1710284942832225,Undirected,moderate
ELIQUIS,LANTUS,3.1710284942832225,2.026375229619938,4.962270345873747,107,76.63551401869158,3.1710284942832225,Undirected,moderate
LASIX,POTASSIUM,3.1710284942832225,2.026375229619938,4.962270345873747,107,76.63551401869158,3.1710284942832225,Undirected,moderate
ATENOLOL,PERPRAZOLE,3.1710284942832225,2.026375229619938,4.962270345873747,107,76.63551401869158,3.1710284942832225,Undirected,moderate
OXYGEN,TYVASO,3.1705967159869126,2.597104601048066,3.870727244243539,539,76.62337662337663,3.1705967159869126,Undirected,moderate
ELIQUIS,POTASSIUM CHLORIDE,3.170506637511296,2.6926434891586495,3.7331761070397382,804,76.61691542288557,3.170506637511296,Undirected,moderate
CEFAZOLIN,PROPOFOL,3.1690665523876587,2.1819676518031557,4.602718470717375,154,76.62337662337663,3.1690665523876587,Undirected,moderate
OLANZAPINE,VALPROIC ACID,3.167290339260085,2.4187754460164914,4.147440850572396,295,76.61016949152543,3.167290339260085,Undirected,moderate
DIGOXIN,REMODULIN,3.167095106996648,2.089597861046623,4.8002018013830225,124,76.61290322580645,3.167095106996648,Undirected,moderate
IBUPROFEN,LYRICA,3.167095106996648,2.089597861046623,4.8002018013830225,124,76.61290322580645,3.167095106996648,Undirected,moderate
AMIODARONE,RIVAROXABAN,3.167095106996648,2.089597861046623,4.8002018013830225,124,76.61290322580645,3.167095106996648,Undirected,moderate
LEVOTHYROXINE SODIUM,PREGABALIN,3.1661603267567724,2.3138553978741485,4.332410410753678,218,76.60550458715596,3.1661603267567724,Undirected,moderate
CHOLECALCIFEROL,LORAZEPAM,3.1660135541610437,2.435943148858151,4.1148915276738,312,76.6025641025641,3.1660135541610437,Undirected,moderate
OMEPRAZOLE,OXYGEN,3.1636998021501364,2.631590292326452,3.8034022497006466,632,76.58227848101265,3.1636998021501364,Undirected,moderate
ALBUTEROL SULFATE,TORSEMIDE,3.163080935065423,2.363015523372594,4.234031009451298,252,76.5873015873016,3.163080935065423,Undirected,moderate
PANTOPRAZOLE SODIUM,RISEDRONATE SODIUM,3.161822892130731,2.1878453299029372,4.569392481526771,158,76.58227848101265,3.161822892130731,Undirected,moderate
ELIQUIS,FUROSEMIDE,3.1616184101497775,2.812481338139979,3.5540968168729963,1565,76.54952076677316,3.1616184101497775,Undirected,moderate
CIMZIA,HYRIMOZ,3.160631894783703,2.037026108636358,4.904008805764072,111,76.57657657657657,3.160631894783703,Undirected,moderate
ADEMPAS,ATORVASTATIN CALCIUM,3.160631894783703,2.037026108636358,4.904008805764072,111,76.57657657657657,3.160631894783703,Undirected,moderate
PIPERACILLIN SODIUM\TAZOBACTAM SODIUM,VORICONAZOLE,3.160631894783703,2.037026108636358,4.904008805764072,111,76.57657657657657,3.160631894783703,Undirected,moderate
ATORVASTATIN,INSULIN LISPRO,3.158219849665503,2.0980734587204144,4.75405309445381,128,76.5625,3.158219849665503,Undirected,moderate
CALCIUM,DICLOFENAC,3.158219849665503,2.0980734587204144,4.75405309445381,128,76.5625,3.158219849665503,Undirected,moderate
ACETAMINOPHEN,OXYCODONE,3.157591738060575,2.735517541430074,3.6447894898367506,1040,76.53846153846153,3.157591738060575,Undirected,moderate
ORENCIA,VITAMIN D3,3.156391005345447,2.1494696046749047,4.635005843747421,145,76.55172413793103,3.156391005345447,Undirected,moderate
LANSOPRAZOLE,POTASSIUM CHLORIDE,3.1562399738869553,2.4237918805268546,4.110027289387792,307,76.54723127035831,3.1562399738869553,Undirected,moderate
AMIODARONE,APIXABAN,3.1562399738869553,2.4237918805268546,4.110027289387792,307,76.54723127035831,3.1562399738869553,Undirected,moderate
BISOPROLOL,QUETIAPINE,3.1549611944563547,2.1935664486542987,4.537715346909997,162,76.5432098765432,3.1549611944563547,Undirected,moderate
POTASSIUM CHLORIDE,TRAMADOL HYDROCHLORIDE,3.153816408628214,2.2319767717861763,4.456389540009715,179,76.53631284916202,3.153816408628214,Undirected,moderate
ARAVA,CETIRIZINE HYDROCHLORIDE,3.15275909931267,2.4254327379650933,4.098192369019591,311,76.52733118971061,3.15275909931267,Undirected,moderate
AMBRISENTAN,SILDENAFILO,3.1521082920673766,2.2960317641468326,4.327373357838492,213,76.52582159624414,3.1521082920673766,Undirected,moderate
LANSOPRAZOLE,LEVOTHYROXINE SODIUM,3.1514588216778168,2.3231598721038136,4.275079310722152,230,76.52173913043478,3.1514588216778168,Undirected,moderate
ALCOHOL,METHAMPHETAMINE,3.1510064230429156,2.047249629756005,4.8498440706720505,115,76.52173913043478,3.1510064230429156,Undirected,moderate
METHOTREXATE,PONATINIB,3.1510064230429156,2.047249629756005,4.8498440706720505,115,76.52173913043478,3.1510064230429156,Undirected,moderate
QUETIAPINE FUMARATE,VITAMIN D3,3.1499180687125157,2.1062579829152996,4.710716313045581,132,76.51515151515152,3.1499180687125157,Undirected,moderate
CANDESARTAN CILEXETIL,FUROSEMIDE,3.1499180687125157,2.1062579829152996,4.710716313045581,132,76.51515151515152,3.1499180687125157,Undirected,moderate
ACETAMINOPHEN,LOPERAMIDE,3.1497569532963574,2.560277653573751,3.874958190956601,498,76.50602409638554,3.1497569532963574,Undirected,moderate
BISOPROLOL FUMARATE,FOLIC ACID,3.1475304730434113,2.269860955911136,4.3645616498831625,200,76.5,3.1475304730434113,Undirected,moderate
ACETAMINOPHEN,LASIX,3.1469157116759456,2.326159431142037,4.2572655871360325,234,76.49572649572649,3.1469157116759456,Undirected,moderate
ARAVA,SULFASALAZINE,3.1434010941191097,2.5334663478945476,3.900178286054936,459,76.47058823529412,3.1434010941191097,Undirected,moderate
EPINEPHRINE,OXYGEN,3.1426684895752417,2.3746990805670443,4.158996529788016,272,76.47058823529412,3.1426684895752417,Undirected,moderate
HYDROXYCHLOROQUINE SULFATE,REMICADE,3.142402212073198,2.2737905539110006,4.342832564528735,204,76.47058823529412,3.142402212073198,Undirected,moderate
ALCOHOL,ALPRAZOLAM,3.1423356530383995,2.241271059361028,4.40565781417414,187,76.47058823529412,3.1423356530383995,Undirected,moderate
FOLIC ACID,KEYTRUDA,3.142202547374961,2.16266526880474,4.565402233599718,153,76.47058823529412,3.142202547374961,Undirected,moderate
BISOPROLOL FUMARATE,PREGABALIN,3.14213600074555,2.1141684417394084,4.669930007591223,136,76.47058823529412,3.14213600074555,Undirected,moderate
DILTIAZEM HYDROCHLORIDE,PREDNISONE,3.14213600074555,2.1141684417394084,4.669930007591223,136,76.47058823529412,3.14213600074555,Undirected,moderate
CETIRIZINE HYDROCHLORIDE,TOCILIZUMAB,3.14213600074555,2.1141684417394084,4.669930007591223,136,76.47058823529412,3.14213600074555,Undirected,moderate
OFEV,TYVASO,3.142069458250497,2.057074998605017,4.799339103905091,119,76.47058823529412,3.142069458250497,Undirected,moderate
TORSEMIDE,VITAMIN D NOS,3.142002919889417,1.9883939967578803,4.964902511620146,102,76.47058823529412,3.142002919889417,Undirected,moderate
ADVAIR HFA,OXYGEN,3.142002919889417,1.9883939967578803,4.964902511620146,102,76.47058823529412,3.142002919889417,Undirected,moderate
ETOPOSIDE,IMFINZI,3.142002919889417,1.9883939967578803,4.964902511620146,102,76.47058823529412,3.142002919889417,Undirected,moderate
LEVOTHYROXINE SODIUM,SULFASALAZINE,3.142002919889417,1.9883939967578803,4.964902511620146,102,76.47058823529412,3.142002919889417,Undirected,moderate
OXAZEPAM,ZOPICLONE,3.139246213857621,2.396684587040123,4.111874730829746,293,76.45051194539249,3.139246213857621,Undirected,moderate
ACETAMINOPHEN,OXAZEPAM,3.138296363423187,2.5022413274556214,3.936032850472483,416,76.4423076923077,3.138296363423187,Undirected,moderate
CIMZIA,FOLIC ACID,3.1380198862072795,2.4901173937200856,3.9544998284282777,399,76.44110275689223,3.1380198862072795,Undirected,moderate
CHOLECALCIFEROL,IBUPROFEN,3.1377247583111867,2.4772578424512375,3.9742801456537498,382,76.43979057591623,3.1377247583111867,Undirected,moderate
CELECOXIB,PREGABALIN,3.1370676305819765,2.449002512306386,4.01844966242077,348,76.4367816091954,3.1370676305819765,Undirected,moderate
LANSOPRAZOLE,MELATONINA,3.135684631143054,2.1689798164466367,4.533245552323774,157,76.43312101910828,3.135684631143054,Undirected,moderate
CETIRIZINE HYDROCHLORIDE,HYDROXYCHLOROQUINE SULFATE,3.1353723866386014,2.379160504337856,4.131944854065986,280,76.42857142857142,3.1353723866386014,Undirected,moderate
FERROUS SULFATE,LEVOTHYROXINE SODIUM,3.1348263991472747,2.1218204550942543,4.631464707203104,140,76.42857142857142,3.1348263991472747,Undirected,moderate
POTASSIUM CHLORIDE,VITAMIN B COMPLEX,3.1337497755699286,2.066528627893297,4.7521178866493035,123,76.42276422764228,3.1337497755699286,Undirected,moderate
CLOTRIMAZOLE,MEROPENEM,3.1337497755699286,2.066528627893297,4.7521178866493035,123,76.42276422764228,3.1337497755699286,Undirected,moderate
ALLOPURINOL,CITALOPRAM,3.1337497755699286,2.066528627893297,4.7521178866493035,123,76.42276422764228,3.1337497755699286,Undirected,moderate
AMOXICILLIN / CLAVULANATE,MEROPENEM,3.1323499304669467,2.0003672480003516,4.904907384733667,106,76.41509433962264,3.1323499304669467,Undirected,moderate
CLOPIDOGREL BISULFATE,FUROSEMIDE,3.1323499304669467,2.0003672480003516,4.904907384733667,106,76.41509433962264,3.1323499304669467,Undirected,moderate
FUROSEMIDE,HUMAN IMMUNOGLOBULIN G,3.1323499304669467,2.0003672480003516,4.904907384733667,106,76.41509433962264,3.1323499304669467,Undirected,moderate
ARAVA,DICLOFENAC,3.1318555946265585,2.250153834495052,4.35904395300811,195,76.41025641025641,3.1318555946265585,Undirected,moderate
OXYGEN,SILDENAFILO,3.131134687139592,2.3604617816843265,4.153426463025817,267,76.40449438202246,3.131134687139592,Undirected,moderate
CELECOXIB,IBUPROFEN,3.1302879309375387,2.337682074565042,4.191631803651657,250,76.4,3.1302879309375387,Undirected,moderate
ARIPIPRAZOLE,CLOZARIL,3.127947575725927,2.129228398718441,4.595118138748582,144,76.38888888888889,3.127947575725927,Undirected,moderate
SODIUM CHLORIDE,SULFAMETHOXAZOLE / TRIMETHOPRIM,3.127947575725927,2.129228398718441,4.595118138748582,144,76.38888888888889,3.127947575725927,Undirected,moderate
EPINEPHRINE,LORAZEPAM,3.1259856468095615,2.0756344777669744,4.707855052866608,127,76.37795275590551,3.1259856468095615,Undirected,moderate
ALPRAZOLAM,QUETIAPINE,3.125266672271716,2.4395214789513804,4.003773632282492,347,76.36887608069163,3.125266672271716,Undirected,moderate
HALOPERIDOL,QUETIAPINE,3.125224251705643,2.3856395757247735,4.094091464123121,292,76.36986301369863,3.125224251705643,Undirected,moderate
LEFLUNOMIDE,PREGABALIN,3.123653651760214,2.18108739908267,4.473553943899106,165,76.36363636363637,3.123653651760214,Undirected,moderate
ALBUTEROL SULFATE,SERTRALINE HYDROCHLORIDE,3.123653651760214,2.18108739908267,4.473553943899106,165,76.36363636363637,3.123653651760214,Undirected,moderate
AMOXICILLIN,PANTOPRAZOLE SODIUM,3.123440526756632,2.0118247069412245,4.849269765166853,110,76.36363636363637,3.123440526756632,Undirected,moderate
ACTEMRA,TOCILIZUMAB,3.122251146343173,2.2586551561757835,4.316042754108042,203,76.35467980295566,3.122251146343173,Undirected,moderate
DIMENHYDRINATE,ONDANSETRON,3.1214626066545184,2.136405530246555,4.560711282009251,148,76.35135135135135,3.1214626066545184,Undirected,moderate
ASPIRIN,FEBUXOSTAT,3.1203538208019084,2.224969865264524,4.3760628487593,186,76.34408602150538,3.1203538208019084,Undirected,moderate
ALLOPURINOL,LASIX,3.120274478401001,2.4081444565292047,4.042993680949291,317,76.34069400630915,3.120274478401001,Undirected,moderate
"CAVIAR, UNSPECIFIED",DIANEAL PD-2 PERITONEAL DIALYSIS SOLUTION WITH DEXTROSE,3.119736356354184,2.4721460953053573,3.936965922702032,393,76.33587786259542,3.119736356354184,Undirected,moderate
OMEPRAZOLE,TYVASO,3.1187233087057007,2.0844143461027635,4.666267575086393,131,76.33587786259542,3.1187233087057007,Undirected,moderate
ALBUTEROL,QUETIAPINE,3.1180903459845433,2.1868966636233536,4.445791869110694,169,76.33136094674556,3.1180903459845433,Undirected,moderate
PANTOPRAZOLE SODIUM,TORSEMIDE,3.115925204405084,2.391875810135444,4.0591530038079515,304,76.31578947368422,3.115925204405084,Undirected,moderate
ACETAMINOPHEN,CLOZAPINE,3.1154852736792407,2.229769502420634,4.3530277367123045,190,76.31578947368422,3.1154852736792407,Undirected,moderate
DIPHENHYDRAMINE,TRAZODONE,3.1153386707535025,2.1433640998907406,4.5280850948221705,152,76.31578947368422,3.1153386707535025,Undirected,moderate
LACTULOSE,PREDNISONE,3.115192088145493,2.0228041686789826,4.797509267731969,114,76.31578947368422,3.115192088145493,Undirected,moderate
DICLOFENAC,FENTANYL,3.115192088145493,2.0228041686789826,4.797509267731969,114,76.31578947368422,3.115192088145493,Undirected,moderate
FOLIC ACID,IBUPROFEN,3.1145548525300364,2.5121201048906623,3.861460250460676,460,76.30434782608695,3.1145548525300364,Undirected,moderate
AMIODARONE,ASPIRIN,3.1142791401209404,2.372320105512579,4.088290842393232,287,76.30662020905923,3.1142791401209404,Undirected,moderate
ARAVA,HYDROXYCHLOROQUINE SULFATE,3.1134657703817736,2.430040640731994,3.989097524072262,346,76.30057803468208,3.1134657703817736,Undirected,moderate
ASPIRIN,LANTUS,3.111575850097285,2.462395045334625,3.931905357449634,388,76.28865979381443,3.111575850097285,Undirected,moderate
LINEZOLID,MEROPENEM,3.1101514519130036,2.5250490386391844,3.830833344547487,489,76.27811860940696,3.1101514519130036,Undirected,moderate
KETOPROFEN,REMODULIN,3.1095464950789613,2.1501154479240947,4.497097778816204,156,76.28205128205127,3.1095464950789613,Undirected,moderate
METOPROLOL SUCCINATE,SIMVASTATIN,3.1095464950789613,2.1501154479240947,4.497097778816204,156,76.28205128205127,3.1095464950789613,Undirected,moderate
LORAZEPAM,MAGNESIUM,3.109260902268288,2.2707505004873,4.257404482042205,215,76.27906976744187,3.109260902268288,Undirected,moderate
MEROPENEM,METHYLPREDNISOLONE,3.1092345517124373,2.4153579367805795,4.002445910955954,333,76.27627627627628,3.1092345517124373,Undirected,moderate
OXYGEN,TADALAFIL,3.107922788392504,2.5363165266979504,3.8083511884002905,514,76.26459143968872,3.107922788392504,Undirected,moderate
LOPERAMIDE,LORAZEPAM,3.1075337969652623,2.0333395553238853,4.749214794940207,118,76.27118644067797,3.1075337969652623,Undirected,moderate
METRONIDAZOLE,VANCOMYCIN,3.105287446236874,2.5164197724987756,3.831956110478788,480,76.25,3.105287446236874,Undirected,moderate
REMODULIN,VITAMIN D3,3.105264952771047,2.2746192856515064,4.2392458763253105,219,76.25570776255708,3.105264952771047,Undirected,moderate
LORAZEPAM,OXYCODONE,3.1036261448317615,2.33372756336804,4.127514881377853,261,76.24521072796935,3.1036261448317615,Undirected,moderate
ACETAMINOPHEN,INSULIN,3.10300812773778,2.35868025798545,4.0822232721914435,282,76.24113475177306,3.10300812773778,Undirected,moderate
ORENITRAM,OXYGEN,3.102487076397454,2.3812376351480125,4.0421946626149845,303,76.23762376237624,3.102487076397454,Undirected,moderate
CYANOCOBALAMIN,TEDUGLUTIDE,3.1021001769299583,2.2435203938350816,4.2892525221307425,202,76.23762376237624,3.1021001769299583,Undirected,moderate
ACETAMINOPHEN,ALBUTEROL / IPRATROPIUM,3.101713419830669,1.9615265453348911,4.904662728953858,101,76.23762376237624,3.101713419830669,Undirected,moderate
BASILIXIMAB,SULFAMETHOXAZOLE / TRIMETHOPRIM,3.101713419830669,1.9615265453348911,4.904662728953858,101,76.23762376237624,3.101713419830669,Undirected,moderate
QUETIAPINE,RIVOTRIL,3.101713419830669,1.9615265453348911,4.904662728953858,101,76.23762376237624,3.101713419830669,Undirected,moderate
REMICADE,RITUXIMAB,3.101664924911744,2.4205599991491744,3.9744213363061913,345,76.23188405797102,3.101664924911744,Undirected,moderate
METFORMIN,METHYLPREDNISOLONE,3.1014203082859337,2.278411198839761,4.221717279807358,223,76.23318385650224,3.1014203082859337,Undirected,moderate
CETIRIZINE HYDROCHLORIDE,SIMPONI,3.100871470522133,2.309159000734626,4.164028494200308,244,76.22950819672131,3.100871470522133,Undirected,moderate
AMPHOTERICIN B,VANCOMYCIN,3.100422467268793,2.3365381990035923,4.114043365370347,265,76.22641509433963,3.100422467268793,Undirected,moderate
ELIQUIS,SULFAMETHOXAZOLE / TRIMETHOPRIM,3.1004046035019166,2.043461421438152,4.704032385720677,122,76.22950819672131,3.1004046035019166,Undirected,moderate
ORENITRAM,POTASSIUM CHLORIDE,3.099504282043922,2.108988595324601,4.555229371892349,143,76.22377622377621,3.099504282043922,Undirected,moderate
METOPROLOL TARTRATE,ONDANSETRON,3.099504282043922,2.108988595324601,4.555229371892349,143,76.22377622377621,3.099504282043922,Undirected,moderate
BENZONATATE,OXYGEN,3.099504282043922,2.108988595324601,4.555229371892349,143,76.22377622377621,3.099504282043922,Undirected,moderate
ATORVASTATIN CALCIUM,PANTOPRAZOLE,3.098855344399743,2.1630377974145314,4.439545373175242,164,76.21951219512195,3.098855344399743,Undirected,moderate
ALLOPURINOL,DEXAMETHASONE,3.0984431553584977,2.519773679864835,3.8100048681764553,496,76.20967741935483,3.0984431553584977,Undirected,moderate
BACLOFEN,DULOXETINA,3.0983720936295462,2.2086694475377575,4.34646734543478,185,76.21621621621621,3.0983720936295462,Undirected,moderate
CHOLECALCIFEROL,LOPERAMIDE,3.0983720936295462,2.2086694475377575,4.34646734543478,185,76.21621621621621,3.0983720936295462,Undirected,moderate
FEBUXOSTAT,FUROSEMIDE,3.0973193307790488,2.339304286541231,4.100957319666112,269,76.2081784386617,3.0973193307790488,Undirected,moderate
OXYGEN,TYLENOL EXTRA STRENGTH,3.094232005640603,2.315486027579188,4.1348864085958015,252,76.19047619047619,3.094232005640603,Undirected,moderate
FUROSEMIDE,TYVASO,3.094071845268111,2.2521881919663733,4.250657479614274,210,76.19047619047619,3.094071845268111,Undirected,moderate
LANTUS,TRULICITY,3.093831650636239,2.1166472915710237,4.522148928919637,147,76.19047619047619,3.093831650636239,Undirected,moderate
TORSEMIDE,VALSARTAN,3.093831650636239,2.1166472915710237,4.522148928919637,147,76.19047619047619,3.093831650636239,Undirected,moderate
ALLOPURINOL,GLICLAZIDE,3.093751598003302,2.0531973799385623,4.6616555445021985,126,76.19047619047619,3.093751598003302,Undirected,moderate
ALPRAZOLAM,OXYGEN,3.093671551491373,1.974362144506501,4.847542126522739,105,76.19047619047619,3.093671551491373,Undirected,moderate
ACETAMINOPHEN,VENETOCLAX,3.093671551491373,1.974362144506501,4.847542126522739,105,76.19047619047619,3.093671551491373,Undirected,moderate
KEPPRA,TYLENOL,3.093671551491373,1.974362144506501,4.847542126522739,105,76.19047619047619,3.093671551491373,Undirected,moderate
NAPROXEN,VOLTARENE,3.093671551491373,1.974362144506501,4.847542126522739,105,76.19047619047619,3.093671551491373,Undirected,moderate
OXYGEN,PANTOPRAZOLE SODIUM,3.0923980409415117,2.427235415794519,3.939842662722775,361,76.17728531855957,3.0923980409415117,Undirected,moderate
ELIQUIS,TADALAFIL,3.090713148751594,2.289350922215704,4.172583449382582,235,76.17021276595744,3.090713148751594,Undirected,moderate
HYDROXYCHLOROQUINE,TOCILIZUMAB,3.0902946087522443,2.2563833091217633,4.232401795508865,214,76.16822429906543,3.0902946087522443,Undirected,moderate
IBUPROFEN,SIMVASTATIN,3.0898024962282267,2.2187634352506804,4.302792859311545,193,76.16580310880829,3.0898024962282267,Undirected,moderate
LASIX,PANTOPRAZOLE,3.0898024962282267,2.2187634352506804,4.302792859311545,193,76.16580310880829,3.0898024962282267,Undirected,moderate
PANTOPRAZOLE SODIUM,RAMIPRIL,3.0896234184462052,2.4890262604459,3.8351434934644377,453,76.15894039735099,3.0896234184462052,Undirected,moderate
NIFEDIPINE,PANTOPRAZOLE,3.0884749225223618,2.124064170705951,4.490767029830012,151,76.15894039735099,3.0884749225223618,Undirected,moderate
AMITRIPTYLINE HYDROCHLORIDE,LIDOCAINE HYDROCHLORIDE,3.0875286977820613,2.0625724630255284,4.621817478181762,130,76.15384615384615,3.0875286977820613,Undirected,moderate
BISOPROLOL,MORPHINE,3.0875286977820613,2.0625724630255284,4.621817478181762,130,76.15384615384615,3.0875286977820613,Undirected,moderate
CALCIUM CARBONATE / CHOLECALCIFEROL,PREGABALIN,3.0875286977820613,2.0625724630255284,4.621817478181762,130,76.15384615384615,3.0875286977820613,Undirected,moderate
AMITRIPTYLINE HYDROCHLORIDE,KETAMINE HYDROCHLORIDE,3.0875286977820613,2.0625724630255284,4.621817478181762,130,76.15384615384615,3.0875286977820613,Undirected,moderate
IBUPROFEN,PANTOPRAZOLE SODIUM,3.0870771775638177,2.393762955333025,3.98119850547589,327,76.14678899082568,3.0870771775638177,Undirected,moderate
GABAPENTIN,REMODULIN,3.0870771775638177,2.393762955333025,3.98119850547589,327,76.14678899082568,3.0870771775638177,Undirected,moderate
ENALAPRIL,LT4,3.0862493364643884,1.9866259478413155,4.794528621342509,109,76.14678899082568,3.0862493364643884,Undirected,moderate
DOCUSATE SODIUM,PREDNISONE,3.0862493364643884,1.9866259478413155,4.794528621342509,109,76.14678899082568,3.0862493364643884,Undirected,moderate
CELECOXIB,NAPROXEN,3.0819493038328627,2.228386276570219,4.262461859177834,201,76.11940298507463,3.0819493038328627,Undirected,moderate
GABAPENTIN,LACOSAMIDE,3.081695580486756,2.071609429676021,4.584284814863395,134,76.11940298507463,3.081695580486756,Undirected,moderate
KARDEGIC,POTASSIUM CHLORIDE,3.081695580486756,2.071609429676021,4.584284814863395,134,76.11940298507463,3.081695580486756,Undirected,moderate
ACTEMRA,CODEINE,3.081695580486756,2.071609429676021,4.584284814863395,134,76.11940298507463,3.081695580486756,Undirected,moderate
POLYETHYLENE GLYCOL,VITAMIN D3,3.081695580486756,2.071609429676021,4.584284814863395,134,76.11940298507463,3.081695580486756,Undirected,moderate
FUROSEMIDE,LETROZOLE,3.081695580486756,2.071609429676021,4.584284814863395,134,76.11940298507463,3.081695580486756,Undirected,moderate
ASPIRIN,NICORANDIL,3.0793779244033845,1.998361141298051,4.745172534301493,113,76.10619469026548,3.0793779244033845,Undirected,moderate
CYCLOPHOSPHAMIDE,DIPHENHYDRAMINE,3.0793779244033845,1.998361141298051,4.745172534301493,113,76.10619469026548,3.0793779244033845,Undirected,moderate
DIGOXIN,GABAPENTIN,3.0793779244033845,1.998361141298051,4.745172534301493,113,76.10619469026548,3.0793779244033845,Undirected,moderate
CHOLECALCIFEROL,LEVOFLOXACIN,3.0793779244033845,1.998361141298051,4.745172534301493,113,76.10619469026548,3.0793779244033845,Undirected,moderate
LASIX,ROSUVASTATIN,3.0793779244033845,1.998361141298051,4.745172534301493,113,76.10619469026548,3.0793779244033845,Undirected,moderate
ADCIRCA,AMBRISENTAN,3.0786094173028458,2.138223555477643,4.432574844676883,159,76.10062893081762,3.0786094173028458,Undirected,moderate
CALCIUM CARBONATE,LT4,3.078263946085471,2.233032700722574,4.243425955519374,205,76.09756097560975,3.078263946085471,Undirected,moderate
DEXAMETHASONE,ENOXAPARIN,3.07639047152056,2.192369819299579,4.316871291489553,184,76.08695652173914,3.07639047152056,Undirected,moderate
ALPRAZOLAM,HYDROXYZINE,3.0762168113236976,2.0803290289119554,4.548852483791898,138,76.08695652173914,3.0762168113236976,Undirected,moderate
BACTRIM,LT4,3.0762168113236976,2.0803290289119554,4.548852483791898,138,76.08695652173914,3.0762168113236976,Undirected,moderate
ACETAMINOPHEN,VENCLEXTA,3.0740571555601797,2.1449892383857647,4.405536040247137,163,76.07361963190185,3.0740571555601797,Undirected,moderate
KARDEGIC,RAMIPRIL,3.073439249292302,2.2760987399303985,4.150096238522272,234,76.06837606837607,3.073439249292302,Undirected,moderate
ACETAMINOPHEN,MESNA,3.072998300725793,2.009606359707492,4.699088709909404,117,76.06837606837607,3.072998300725793,Undirected,moderate
FUROSEMIDE,SITAGLIPTIN,3.0724983775872308,2.1977868721579994,4.295342009667579,188,76.06382978723404,3.0724983775872308,Undirected,moderate
AMBRISENTAN,ELIQUIS,3.0724983775872308,2.1977868721579994,4.295342009667579,188,76.06382978723404,3.0724983775872308,Undirected,moderate
CIPROFLOXACIN,MEROPENEM,3.0724192353329856,2.309468531533984,4.0874165760440535,259,76.06177606177607,3.0724192353329856,Undirected,moderate
CALCIUM CARBONATE,PANTOPRAZOLE SODIUM,3.0724192353329856,2.309468531533984,4.0874165760440535,259,76.06177606177607,3.0724192353329856,Undirected,moderate
ACETAMINOPHEN,ENOXAPARIN,3.070921008973176,2.3647544675465744,3.987964066788295,309,76.05177993527508,3.070921008973176,Undirected,moderate
ADEMPAS,OPSUMIT,3.0674827978933195,2.447088796652962,3.84516112706712,413,76.02905569007264,3.0674827978933195,Undirected,moderate
PREDNISOLONE,PROGRAF,3.067059590791469,2.020396296351344,4.655945247204162,121,76.03305785123968,3.067059590791469,Undirected,moderate
LEFLUNOMIDE,TOFACITINIB,3.066200826673112,2.096890399348054,4.483585557172625,146,76.02739726027397,3.066200826673112,Undirected,moderate
MONTELUKAST SODIUM,SPIRONOLACTONE,3.066200826673112,2.096890399348054,4.483585557172625,146,76.02739726027397,3.066200826673112,Undirected,moderate
OXYGEN,WARFARIN SODIUM,3.066200826673112,2.096890399348054,4.483585557172625,146,76.02739726027397,3.066200826673112,Undirected,moderate
CLOTRIMAZOLE,FOLIC ACID,3.066200826673112,2.096890399348054,4.483585557172625,146,76.02739726027397,3.066200826673112,Undirected,moderate
LEVETIRACETAM,LORAZEPAM,3.0659484486522426,2.4313728037985487,3.866145033417891,392,76.0204081632653,3.0659484486522426,Undirected,moderate
AZITHROMYCIN,CEFTRIAXONE,3.0656786441838157,2.4788803531358345,3.7913832902485862,467,76.017130620985,3.0656786441838157,Undirected,moderate
HYDROCORTISONE,LORAZEPAM,3.0656208112300143,2.1579443628504045,4.355084922501346,171,76.0233918128655,3.0656208112300143,Undirected,moderate
CEFEPIME,MEROPENEM,3.0656208112300143,2.1579443628504045,4.355084922501346,171,76.0233918128655,3.0656208112300143,Undirected,moderate
OXAZEPAM,PANTOPRAZOLE,3.064918360475261,2.250614406649304,4.173848940371647,221,76.01809954751131,3.064918360475261,Undirected,moderate
METHADONE,MORPHINE,3.0617985270511947,2.2132528142868657,4.235670755612918,200,76.0,3.0617985270511947,Undirected,moderate
ALLOPURINOL,POTASSIUM CHLORIDE,3.061761329118268,2.507864342405955,3.7379942279854808,529,75.99243856332704,3.061761329118268,Undirected,moderate
ALENDRONIC ACID,LANSOPRAZOLE,3.0615177032456216,2.0307622142937483,4.61545452309197,125,76.0,3.0615177032456216,Undirected,moderate
ROSUVASTATIN,SULFAMETHOXAZOLE / TRIMETHOPRIM,3.0615177032456216,2.0307622142937483,4.61545452309197,125,76.0,3.0615177032456216,Undirected,moderate
BUMETANIDE,JARDIANCE,3.061424112309274,1.934662342791566,4.844420335336194,100,76.0,3.061424112309274,Undirected,moderate
ACETAMINOPHEN\OXYCODONE HYDROCHLORIDE,FOLIC ACID,3.061424112309274,1.934662342791566,4.844420335336194,100,76.0,3.061424112309274,Undirected,moderate
BISOPROLOL,BUMETANIDE,3.061424112309274,1.934662342791566,4.844420335336194,100,76.0,3.061424112309274,Undirected,moderate
FAMOTIDINE,OXYGEN,3.059688399948272,2.3246808608140257,4.027087443521114,279,75.98566308243727,3.059688399948272,Undirected,moderate
ACETAMINOPHEN,HYDROXYZINE,3.059688399948272,2.3246808608140257,4.027087443521114,279,75.98566308243727,3.059688399948272,Undirected,moderate
EPINEPHRINE,VASOPRESSIN,3.059358239237515,2.2939630018169948,4.080132429588834,254,75.98425196850394,3.059358239237515,Undirected,moderate
METHYLPREDNISOLONE,OXYCODONE,3.056334235940529,2.0407323778499262,4.577365980552458,129,75.96899224806202,3.056334235940529,Undirected,moderate
ALBUTEROL SULFATE,OXYGEN,3.055800570633367,2.6489400476610765,3.5251523097807644,1031,75.94568380213384,3.055800570633367,Undirected,moderate
ORENCIA,RITUXIMAB,3.05518094205073,2.458085254393047,3.797317677240116,445,75.95505617977528,3.05518094205073,Undirected,moderate
CLINDAMYCIN,MEROPENEM,3.054993357355176,1.9483600105152692,4.790174486806482,104,75.96153846153845,3.054993357355176,Undirected,moderate
POLYETHYLENE GLYCOL,ROSUVASTATIN,3.054993357355176,1.9483600105152692,4.790174486806482,104,75.96153846153845,3.054993357355176,Undirected,moderate
FUROSEMIDE,THIAMINE,3.054993357355176,1.9483600105152692,4.790174486806482,104,75.96153846153845,3.054993357355176,Undirected,moderate
LORAZEPAM,PROCHLORPERAZINE,3.0544089544741957,2.176070994001083,4.287274673892146,183,75.95628415300546,3.0544089544741957,Undirected,moderate
ALPRAZOLAM,POTASSIUM CHLORIDE,3.0544089544741957,2.176070994001083,4.287274673892146,183,75.95628415300546,3.0544089544741957,Undirected,moderate
ALBUTEROL SULFATE,DILTIAZEM,3.0514755869969368,2.050332418681507,4.541460288681473,133,75.93984962406014,3.0514755869969368,Undirected,moderate
ENTRESTO,PREDNISONE,3.0514755869969368,2.050332418681507,4.541460288681473,133,75.93984962406014,3.0514755869969368,Undirected,moderate
DICLOFENAC,METHOTREXATE,3.050718899460113,2.5577725047128013,3.638668328154596,677,75.9231905465288,3.050718899460113,Undirected,moderate
DIPYRONE,OMEPRAZOLE,3.049259085240675,2.1269417424145796,4.371525925466771,162,75.92592592592592,3.049259085240675,Undirected,moderate
DIAZEPAM,LITHIUM,3.0490583239056974,1.9614299119637373,4.739785299425218,108,75.92592592592592,3.0490583239056974,Undirected,moderate
GABAPENTIN,LANTUS SOLOSTAR,3.0490583239056974,1.9614299119637373,4.739785299425218,108,75.92592592592592,3.0490583239056974,Undirected,moderate
INSULIN,SODIUM BICARBONATE,3.0490583239056974,1.9614299119637373,4.739785299425218,108,75.92592592592592,3.0490583239056974,Undirected,moderate
AZITHROMYCIN,SERTRALINE,3.0490583239056974,1.9614299119637373,4.739785299425218,108,75.92592592592592,3.0490583239056974,Undirected,moderate
HYDROMORPHONE,LT4,3.0490583239056974,1.9614299119637373,4.739785299425218,108,75.92592592592592,3.0490583239056974,Undirected,moderate
DICLOFENAC,REMICADE,3.047749799826811,2.187375906780501,4.246539798463857,191,75.91623036649214,3.047749799826811,Undirected,moderate
CHOLECALCIFEROL,SULFAMETHOXAZOLE / TRIMETHOPRIM,3.0466675174262927,2.2367168014801644,4.149914265229257,220,75.9090909090909,3.0466675174262927,Undirected,moderate
FUROSEMIDE,OXYGEN,3.045172482287085,2.6268217723293423,3.53015021596062,962,75.88357588357589,3.045172482287085,Undirected,moderate
ELIQUIS,VITAMIN D2,3.0439790749242803,2.2411022299863697,4.1344872556899075,224,75.89285714285714,3.0439790749242803,Undirected,moderate
ACETAMINOPHEN,LEVOFLOXACIN,3.0438551780994008,2.4163223127705686,3.834361954229182,394,75.88832487309645,3.0438551780994008,Undirected,moderate
PIPERACILLIN / TAZOBACTAM,VANCOMYCIN,3.043663179721545,2.435716992488962,3.803350545305461,423,75.88652482269504,3.043663179721545,Undirected,moderate
BUDESONIDE / FORMOTEROL,FUROSEMIDE,3.043563931815362,1.9739206190633891,4.692833803743709,112,75.89285714285714,3.043563931815362,Undirected,moderate
CLONIDINE,VITAMIN D3,3.043563931815362,1.9739206190633891,4.692833803743709,112,75.89285714285714,3.043563931815362,Undirected,moderate
AMPHETAMINE,COCAINE,3.042618102488558,2.0685133243040252,4.475448530507229,141,75.88652482269504,3.042618102488558,Undirected,moderate
OXYCODONE,PREDNISONE,3.0421531096879906,2.5117312617988143,3.684588269270662,572,75.87412587412588,3.0421531096879906,Undirected,moderate
ADEMPAS,ELIQUIS,3.0388916980808687,2.2495957759978027,4.105120951593503,232,75.86206896551724,3.0388916980808687,Undirected,moderate
ACETAMINOPHEN,TOCILIZUMAB,3.0388916980808687,2.2495957759978027,4.105120951593503,232,75.86206896551724,3.0388916980808687,Undirected,moderate
CLOPIDOGREL,JARDIANCE,3.0386773112657615,2.1471984802127726,4.300282385206575,174,75.86206896551724,3.0386773112657615,Undirected,moderate
COCAINE,QUETIAPINE,3.0386773112657615,2.1471984802127726,4.300282385206575,174,75.86206896551724,3.0386773112657615,Undirected,moderate
ACYCLOVIR,OLANZAPINE,3.038570134764191,2.07713488344326,4.445021138239954,145,75.86206896551724,3.038570134764191,Undirected,moderate
"CAVIAR, UNSPECIFIED",DIANEAL PD-2 WITH DEXTROSE,3.0384629695309053,1.985875475329576,4.64896078928533,116,75.86206896551724,3.0384629695309053,Undirected,moderate
GABAPENTIN,SODIUM CHLORIDE,3.0367936493212646,2.490791222496376,3.7024844094781937,534,75.84269662921348,3.0367936493212646,Undirected,moderate
ELIQUIS,SERTRALINE,3.036036230671797,2.208349943539524,4.173938111990556,207,75.84541062801932,3.036036230671797,Undirected,moderate
PANTOPRAZOLE SODIUM,TRAMADOL HYDROCHLORIDE,3.036036230671797,2.208349943539524,4.173938111990556,207,75.84541062801932,3.036036230671797,Undirected,moderate
ARAVA,HUMIRA,3.035744525645288,2.356562916765764,3.9106720891769657,327,75.84097859327217,3.035744525645288,Undirected,moderate
BUMETANIDE,REMODULIN,3.035479438168452,2.1535727407881446,4.278534569568966,178,75.84269662921348,3.035479438168452,Undirected,moderate
CYANOCOBALAMIN,OXYGEN,3.035061428125847,2.4061988189228014,3.8282779461346106,389,75.83547557840618,3.035061428125847,Undirected,moderate
HUMALOG,ROSUVASTATIN,3.0347478112273536,2.0854681380911546,4.416128019188498,149,75.83892617449665,3.0347478112273536,Undirected,moderate
ACETAMINOPHEN,METHADONE,3.0347478112273536,2.0854681380911546,4.416128019188498,149,75.83892617449665,3.0347478112273536,Undirected,moderate
ELIQUIS,SYMBICORT,3.0347478112273536,2.0854681380911546,4.416128019188498,149,75.83892617449665,3.0347478112273536,Undirected,moderate
FUROSEMIDE,OXYCODONE HYDROCHLORIDE,3.0347478112273536,2.0854681380911546,4.416128019188498,149,75.83892617449665,3.0347478112273536,Undirected,moderate
FUROSEMIDE,TRAMADOL HYDROCHLORIDE,3.034157055385621,2.2577414426125615,4.077574545512807,240,75.83333333333333,3.034157055385621,Undirected,moderate
AZITHROMYCIN,ONDANSETRON,3.033714737437444,1.9973333094123256,4.607856417741844,120,75.83333333333333,3.033714737437444,Undirected,moderate
ASPIRIN,DOMPERIDONE,3.033714737437444,1.9973333094123256,4.607856417741844,120,75.83333333333333,3.033714737437444,Undirected,moderate
PANTOPRAZOLE SODIUM,PLAQUENIL,3.033714737437444,1.9973333094123256,4.607856417741844,120,75.83333333333333,3.033714737437444,Undirected,moderate
ALLOPURINOL,ALPRAZOLAM,3.033714737437444,1.9973333094123256,4.607856417741844,120,75.83333333333333,3.033714737437444,Undirected,moderate
AMPICILLIN,CEFTRIAXONE,3.033714737437444,1.9973333094123256,4.607856417741844,120,75.83333333333333,3.033714737437444,Undirected,moderate
FOSPHENYTOIN,MIDAZOLAM,3.033714737437444,1.9973333094123256,4.607856417741844,120,75.83333333333333,3.033714737437444,Undirected,moderate
FUROSEMIDE,ONDANSETRON,3.033698350407736,2.5195505222024996,3.652764888088613,608,75.82236842105263,3.033698350407736,Undirected,moderate
RITUXIMAB,SULFAMETHOXAZOLE,3.032762734182496,2.298774590786235,4.001109912520947,273,75.82417582417582,3.032762734182496,Undirected,moderate
AMOXICILLIN,BACTRIM,3.031132836419224,2.0935294504882607,4.388649163677179,153,75.81699346405229,3.031132836419224,Undirected,moderate
ASCORBIC ACID,HYDROXYCHLOROQUINE SULFATE,3.031132836419224,2.0935294504882607,4.388649163677179,153,75.81699346405229,3.031132836419224,Undirected,moderate
ATORVASTATIN CALCIUM,BUMETANIDE,3.031132836419224,2.0935294504882607,4.388649163677179,153,75.81699346405229,3.031132836419224,Undirected,moderate
FLUOXETINE,MIRTAZAPINE,3.0297398735019283,2.2655632123591976,4.051674061007011,248,75.80645161290323,3.0297398735019283,Undirected,moderate
AMLODIPINE,CYCLOPHOSPHAMIDE,3.0295118924146327,2.1658073014224364,4.237654153374538,186,75.80645161290323,3.0295118924146327,Undirected,moderate
FERRUM,OXYGEN,3.0295118924146327,2.1658073014224364,4.237654153374538,186,75.80645161290323,3.0295118924146327,Undirected,moderate
ENOXAPARIN SODIUM,PANTOPRAZOLE,3.0295118924146327,2.1658073014224364,4.237654153374538,186,75.80645161290323,3.0295118924146327,Undirected,moderate
REMICADE,SULFASALAZINE,3.0278007910022806,2.3682615163104375,3.871015750100263,347,75.79250720461094,3.0278007910022806,Undirected,moderate
MAGNESIUM OXIDE,VONOPRAZAN FUMARATE,3.027708840718752,2.1013338831281065,4.362477042686903,157,75.79617834394905,3.027708840718752,Undirected,moderate
ALPRAZOLAM,ZOLPIDEM,3.0276405723717073,2.2693594954794647,4.039292784475551,252,75.79365079365078,3.0276405723717073,Undirected,moderate
REMODULIN,SILDENAFILO,3.0250515204153725,2.3442118670459027,3.9036303969824457,322,75.77639751552795,3.0250515204153725,Undirected,moderate
MIRTAZAPINE,POTASSIUM CHLORIDE,3.024461133440379,2.108895330507462,4.337515008623181,161,75.77639751552795,3.024461133440379,Undirected,moderate
EPINEPHRINE,FUROSEMIDE,3.0214972624313816,2.1829878954487283,4.182087186976229,198,75.75757575757575,3.0214972624313816,Undirected,moderate
LEVOFLOXACIN,POSACONAZOLE,3.021376492967103,2.1162266347366927,4.313675937355365,165,75.75757575757575,3.021376492967103,Undirected,moderate
BACTRIM,PREDNISOLONE,3.021255737932122,2.0290571256240764,4.4986344241935905,132,75.75757575757575,3.021255737932122,Undirected,moderate
ALLOPURINOL,CIPROFLOXACIN,3.021255737932122,2.0290571256240764,4.4986344241935905,132,75.75757575757575,3.021255737932122,Undirected,moderate
TYVASO,VITAMIN D3,3.019044917039071,2.1884294514581915,4.164919369471198,202,75.74257425742574,3.019044917039071,Undirected,moderate
CYCLOPHOSPHAMIDE,URSADIOL 300 MG ORAL CAPSULE [URSODIOL],3.0184429875957774,2.123339687315858,4.290881069944797,169,75.7396449704142,3.0184429875957774,Undirected,moderate
CIPROFLOXACIN,PREGABALIN,3.017607783708758,2.0388438713472254,4.466235430907545,136,75.73529411764706,3.017607783708758,Undirected,moderate
ATIVAN,LORAZEPAM,3.017607783708758,2.0388438713472254,4.466235430907545,136,75.73529411764706,3.017607783708758,Undirected,moderate
IBUPROFEN,MYCOPHENOLATE MOFETIL,3.016315348057031,1.9223609415106209,4.732804377400081,103,75.72815533980582,3.016315348057031,Undirected,moderate
OMEPRAZOLE,SULFAMETHOXAZOLE / TRIMETHOPRIM,3.0155148853528084,2.249027760876935,4.0432271143859575,243,75.7201646090535,3.0155148853528084,Undirected,moderate
ALBUTEROL SULFATE,POTASSIUM CHLORIDE,3.0151417768443856,2.470697601851881,3.6795599460080464,527,75.71157495256166,3.0151417768443856,Undirected,moderate
FUROSEMIDE,MAGNESIUM OXIDE,3.014685530501415,2.2940162583682633,3.9617543313660466,280,75.71428571428571,3.014685530501415,Undirected,moderate
PREDNISONE,SULFAMETHOXAZOLE / TRIMETHOPRIM,3.014403314128189,2.651061746186791,3.42754270182388,1267,75.69060773480662,3.014403314128189,Undirected,moderate
ACETAMINOPHEN,PANTOPRAZOLE,3.0142853631485567,2.7037113534182233,3.360534858502763,1768,75.6787330316742,3.0142853631485567,Undirected,moderate
ACETAMINOPHEN,AMOXICILLIN / CLAVULANATE,3.0141056007513964,2.4140469116514502,3.763320641629951,424,75.70754716981132,3.0141056007513964,Undirected,moderate
SODIUM CHLORIDE,SPIRONOLACTONE,3.0140814875018775,2.331597198495217,3.896336476628412,317,75.70977917981072,3.0140814875018775,Undirected,moderate
ACETAMINOPHEN,SKENAN,3.011867489079285,1.9362366834255895,4.68503972134426,107,75.70093457943925,3.011867489079285,Undirected,moderate
FLUOXETINE,RAMIPRIL,3.011867489079285,1.9362366834255895,4.68503972134426,107,75.70093457943925,3.011867489079285,Undirected,moderate
AMLODIPINE,MELATONINA,3.011463496168625,2.3005069274085264,3.942136526827198,288,75.69444444444444,3.011463496168625,Undirected,moderate
CALCIUM CARBONATE,LEVOTHYROXINE SODIUM,3.0109395749085293,2.0573807746844315,4.406455642680385,144,75.69444444444444,3.0109395749085293,Undirected,moderate
DEXAMETHASONE,EPINEPHRINE,3.0104462355663215,2.143475807752949,4.2280796939509875,181,75.69060773480662,3.0104462355663215,Undirected,moderate
CETIRIZINE HYDROCHLORIDE,REMICADE,3.0081531776626886,2.213753737338452,4.087620672370511,222,75.67567567567568,3.0081531776626886,Undirected,moderate
LACTULOSE,PANTOPRAZOLE,3.008018803921272,2.1498186956256164,4.2088093954875845,185,75.67567567567568,3.008018803921272,Undirected,moderate
AZTREONAM LYSINE,SODIUM CHLORIDE,3.007884448161645,2.0661720900328824,4.3788070205462395,148,75.67567567567568,3.007884448161645,Undirected,moderate
METOPROLOL SUCCINATE,OPSUMIT,3.007750110380199,1.949482676407727,4.640493006668832,111,75.67567567567568,3.007750110380199,Undirected,moderate
TREPROSTINIL,VITAMIN D3,3.007750110380199,1.949482676407727,4.640493006668832,111,75.67567567567568,3.007750110380199,Undirected,moderate
BUDESONIDE,ELIQUIS,3.007750110380199,1.949482676407727,4.640493006668832,111,75.67567567567568,3.007750110380199,Undirected,moderate
FUROSEMIDE,ZINCUM METALLICUM,3.007750110380199,1.949482676407727,4.640493006668832,111,75.67567567567568,3.007750110380199,Undirected,moderate
OXYGEN,PREDNISONE,3.0061111754888454,2.549256463124971,3.5448392620024625,768,75.65104166666666,3.0061111754888454,Undirected,moderate
DEXAMETHASONE,LORAZEPAM,3.006097788723637,2.4271567042178903,3.723131637798819,456,75.6578947368421,3.006097788723637,Undirected,moderate
CLONAZEPAM,LORAZEPAM,3.0057071682284215,2.4045280546894405,3.757192836041395,419,75.65632458233891,3.0057071682284215,Undirected,moderate
CLOPIDOGREL,SIMVASTATIN,3.00500999723295,2.2722012508454363,3.974157253944859,267,75.65543071161048,3.00500999723295,Undirected,moderate
ACYCLOVIR,METOCLOPRAMIDE,3.004995200040508,2.0746699038713556,4.352497780691003,152,75.6578947368421,3.004995200040508,Undirected,moderate
ACETAMINOPHEN,NICOTINE,3.004995200040508,2.0746699038713556,4.352497780691003,152,75.6578947368421,3.004995200040508,Undirected,moderate
AMBRISENTAN,ASPIRIN,3.004995200040508,2.0746699038713556,4.352497780691003,152,75.6578947368421,3.004995200040508,Undirected,moderate
DIAZEPAM,QUETIAPINE,3.004760514494944,2.450104882733472,3.684979289292764,501,75.64870259481037,3.004760514494944,Undirected,moderate
ACYCLOVIR,CHOLECALCIFEROL,3.0043444771416894,2.223094720156524,4.0601444713504,230,75.65217391304347,3.0043444771416894,Undirected,moderate
CLONAZEPAM,TAMSULOSIN,3.0039278033794163,1.9621469683263288,4.5988309711646185,115,75.65217391304347,3.0039278033794163,Undirected,moderate
JARDIANCE,MAGNESIUM OXIDE,3.0039278033794163,1.9621469683263288,4.5988309711646185,115,75.65217391304347,3.0039278033794163,Undirected,moderate
ELIQUIS,EPINEPHRINE,3.002258734879563,2.082890792503331,4.327426835627638,156,75.64102564102564,3.002258734879563,Undirected,moderate
ACETAMINOPHEN,DICLOFENAC DIETHYLAMMONIUM,3.001346774591855,2.16785645988728,4.155294701486516,197,75.63451776649747,3.001346774591855,Undirected,moderate
BISOPROLOL,ONDANSETRON,3.001346774591855,2.16785645988728,4.155294701486516,197,75.63451776649747,3.001346774591855,Undirected,moderate
APIXABAN,CARBOPLATIN,3.0003700434386995,1.974272519613021,4.559765841915723,119,75.63025210084034,3.0003700434386995,Undirected,moderate
LECITHIN,REMODULIN,2.9971983186088136,2.0985616911328067,4.280645071826483,164,75.60975609756098,2.9971983186088136,Undirected,mild
ATORVASTATIN,SULFAMETHOXAZOLE / TRIMETHOPRIM,2.9971983186088136,2.0985616911328067,4.280645071826483,164,75.60975609756098,2.9971983186088136,Undirected,mild
DIGOXIN,OPSUMIT,2.9970503758715776,1.9858978850381384,4.523047747411979,123,75.60975609756098,2.9970503758715776,Undirected,mild
LEVOFLOXACIN,PANTOPRAZOLE SODIUM,2.9970503758715776,1.9858978850381384,4.523047747411979,123,75.60975609756098,2.9970503758715776,Undirected,mild
CETIRIZINE,VITAMIN D2,2.9970503758715776,1.9858978850381384,4.523047747411979,123,75.60975609756098,2.9970503758715776,Undirected,mild
METFORMIN,VALSARTAN,2.9966105277298514,2.332592455899921,3.849654332967047,332,75.6024096385542,2.9966105277298514,Undirected,mild
ASPIRIN,REMODULIN,2.993655619282373,2.189854156188646,4.092498096977785,213,75.5868544600939,2.993655619282373,Undirected,mild
CARVEDILOL,FOLIC ACID,2.9929320099901755,2.252816912995877,3.976196185650808,258,75.5813953488372,2.9929320099901755,Undirected,mild
INSULIN GLARGINE,METFORMIN HYDROCHLORIDE,2.9926224427451555,2.113293495320689,4.237834974011953,172,75.5813953488372,2.9926224427451555,Undirected,mild
HUMIRA,OTEZLA,2.9926224427451555,2.113293495320689,4.237834974011953,172,75.5813953488372,2.9926224427451555,Undirected,mild
ACETAMINOPHEN,TADALAFIL,2.9926224427451555,2.113293495320689,4.237834974011953,172,75.5813953488372,2.9926224427451555,Undirected,mild
HYDROXYZINE,SERTRALINE,2.9926224427451555,2.113293495320689,4.237834974011953,172,75.5813953488372,2.9926224427451555,Undirected,mild
PREGABALIN,TRAMADOL HYDROCHLORIDE,2.9924715971307645,2.3024598654202135,3.889269209042227,303,75.57755775577559,2.9924715971307645,Undirected,mild
LEVETIRACETAM,PROPOFOL,2.9921722087635985,2.3429637044226497,3.8212689808199327,348,75.57471264367817,2.9921722087635985,Undirected,mild
APIXABAN,ELIQUIS,2.991036033291277,2.007783593250808,4.455807180873435,131,75.57251908396947,2.991036033291277,Undirected,mild
ATORVASTATIN,ENOXAPARIN SODIUM,2.991036033291277,2.007783593250808,4.455807180873435,131,75.57251908396947,2.991036033291277,Undirected,mild
AMIODARONE,FUROSEMIDE,2.9905254248546274,2.474849143959512,3.6136514981247103,581,75.5593803786575,2.9905254248546274,Undirected,mild
LORAZEPAM,ONDANSETRON,2.9897584092414538,2.4568575975673252,3.6382472286878422,540,75.55555555555556,2.9897584092414538,Undirected,mild
FAMOTIDINE,LOPERAMIDE,2.9883034799770165,2.0181037374999113,4.424925003858053,135,75.55555555555556,2.9883034799770165,Undirected,mild
ACETAMINOPHEN,INSULIN ASPART,2.9883034799770165,2.0181037374999113,4.424925003858053,135,75.55555555555556,2.9883034799770165,Undirected,mild
ACETAMINOPHEN,POTASSIUM CHLORIDE,2.9862544856673985,2.554757652338126,3.49063084124912,854,75.52693208430912,2.9862544856673985,Undirected,mild
AMLODIPINE,JANUVIA,2.9857324666715583,2.028044058466901,4.395663065266746,139,75.53956834532374,2.9857324666715583,Undirected,mild
ADEMPAS,ASPIRIN,2.9857324666715583,2.028044058466901,4.395663065266746,139,75.53956834532374,2.9857324666715583,Undirected,mild
ACYCLOVIR,FENTANYL,2.9857324666715583,2.028044058466901,4.395663065266746,139,75.53956834532374,2.9857324666715583,Undirected,mild
CETIRIZINE HYDROCHLORIDE,LANSOPRAZOLE,2.98330914710518,2.037628104900773,4.367889040102756,143,75.52447552447552,2.98330914710518,Undirected,mild
CALCIUM CARBONATE,LANSOPRAZOLE,2.981371583628504,2.228125404169999,3.98926223049758,245,75.51020408163265,2.981371583628504,Undirected,mild
CIMZIA,REMICADE,2.981371583628504,2.228125404169999,3.98926223049758,245,75.51020408163265,2.981371583628504,Undirected,mild
AMBRISENTAN,REMODULIN,2.9789852121049454,2.3389349843670892,3.794185367808044,355,75.49295774647888,2.9789852121049454,Undirected,mild
ACETAMINOPHEN,REMODULIN,2.9788576885808964,2.0558116270133455,4.3163454337054,151,75.49668874172185,2.9788576885808964,Undirected,mild
ACETAMINOPHEN,ISMN,2.9788576885808964,2.0558116270133455,4.3163454337054,151,75.49668874172185,2.9788576885808964,Undirected,mild
CETIRIZINE HYDROCHLORIDE,HUMIRA,2.9788002969250615,2.236700469560878,3.9671164421505583,253,75.49407114624506,2.9788002969250615,Undirected,mild
ASCORBIC ACID,DOXYCYCLINE,2.977637523595613,1.8963650373180228,4.675431706157174,102,75.49019607843137,2.977637523595613,Undirected,mild
BACTRIM,PANTOPRAZOLE,2.9748263484680164,2.351187147257384,3.763882349332522,375,75.46666666666667,2.9748263484680164,Undirected,mild
ALPRAZOLAM,CARVEDILOL,2.9746768319838783,1.9110463500257249,4.6302918056500975,106,75.47169811320755,2.9746768319838783,Undirected,mild
ONDANSETRON,ZOLPIDEM,2.9746768319838783,1.9110463500257249,4.6302918056500975,106,75.47169811320755,2.9746768319838783,Undirected,mild
MAGNESIUM,ONDANSETRON HYDROCHLORIDE,2.9719364600966687,1.92504739090432,4.588150070790083,110,75.45454545454545,2.9719364600966687,Undirected,mild
DEXMEDETOMIDINE,FENTANYL,2.9719364600966687,1.92504739090432,4.588150070790083,110,75.45454545454545,2.9719364600966687,Undirected,mild
LASIX,RAMIPRIL,2.9719364600966687,1.92504739090432,4.588150070790083,110,75.45454545454545,2.9719364600966687,Undirected,mild
PANTOPRAZOLE SODIUM,ZOFRAN,2.9719364600966687,1.92504739090432,4.588150070790083,110,75.45454545454545,2.9719364600966687,Undirected,mild
ENOXAPARIN SODIUM,FOLIC ACID,2.9712656149266117,2.0887389689442117,4.226674316756626,167,75.44910179640718,2.9712656149266117,Undirected,mild
IBUPROFEN,POTASSIUM CHLORIDE,2.9712656149266117,2.0887389689442117,4.226674316756626,167,75.44910179640718,2.9712656149266117,Undirected,mild
HUMIRA,TOCILIZUMAB,2.9695951735726336,2.0963424265411654,4.206610228967149,171,75.43859649122807,2.9695951735726336,Undirected,mild
ELIQUIS,ORENITRAM,2.9693928022701432,1.9384209075274033,4.5486991911477235,114,75.43859649122807,2.9693928022701432,Undirected,mild
CELECOXIB,SULFAMETHOXAZOLE / TRIMETHOPRIM,2.9693928022701432,1.9384209075274033,4.5486991911477235,114,75.43859649122807,2.9693928022701432,Undirected,mild
ISMN,SPIRONOLACTONE,2.9693928022701432,1.9384209075274033,4.5486991911477235,114,75.43859649122807,2.9693928022701432,Undirected,mild
CODEINE,RITUXIMAB,2.968003061094341,2.1037203419461066,4.187363688519703,175,75.42857142857143,2.968003061094341,Undirected,mild
ONDANSETRON,PEMBROLIZUMAB,2.968003061094341,2.1037203419461066,4.187363688519703,175,75.42857142857143,2.968003061094341,Undirected,mild
SODIUM CHLORIDE,TRAMADOL HYDROCHLORIDE,2.967025508794093,1.9512139882671449,4.51167346214698,118,75.42372881355932,2.967025508794093,Undirected,mild
MAGNESIUM OXIDE,SPIRONOLACTONE,2.9664839368998988,2.110884003461503,4.168882294552673,179,75.41899441340783,2.9664839368998988,Undirected,mild
AZATHIOPRINE,RAMIPRIL,2.964816943253006,1.963468829058675,4.476841891711753,122,75.40983606557377,2.964816943253006,Undirected,mild
CHOLECALCIFEROL,XARELTO,2.964816943253006,1.963468829058675,4.476841891711753,122,75.40983606557377,2.964816943253006,Undirected,mild
ASPIRIN,ORENITRAM,2.964816943253006,1.963468829058675,4.476841891711753,122,75.40983606557377,2.964816943253006,Undirected,mild
QUETIAPINE,ZOLPIDEM,2.964206148324609,2.220157286051813,3.957610636402613,248,75.40322580645162,2.964206148324609,Undirected,mild
ACETAMINOPHEN,KORTISON,2.9636456129916717,2.124609844068764,4.134027404572503,187,75.40106951871658,2.9636456129916717,Undirected,mild
HYDROCHLOROTHIAZIDE,MIRTAZAPINE,2.962751744897887,1.9752233758213105,4.444002642610267,126,75.39682539682539,2.962751744897887,Undirected,mild
LEVOFLOXACIN,TAMSULOSIN,2.962751744897887,1.9752233758213105,4.444002642610267,126,75.39682539682539,2.962751744897887,Undirected,mild
ATORVASTATIN,METOCLOPRAMIDE,2.9623179058781286,2.1311909290771034,4.1175697849306605,191,75.39267015706807,2.9623179058781286,Undirected,mild
LASIX,METOPROLOL SUCCINATE,2.9623179058781286,2.1311909290771034,4.1175697849306605,191,75.39267015706807,2.9623179058781286,Undirected,mild
DEXTROSE,INSULIN,2.960816473073366,1.9865118658371776,4.41297851675714,130,75.38461538461539,2.960816473073366,Undirected,mild
INFLIXIMAB,PREGABALIN,2.960816473073366,1.9865118658371776,4.41297851675714,130,75.38461538461539,2.960816473073366,Undirected,mild
APIXABAN,CHOLECALCIFEROL,2.9607732331440455,2.303845432353843,3.805020082942728,329,75.37993920972644,2.9607732331440455,Undirected,mild
FUROSEMIDE,JARDIANCE,2.9604657311806473,2.4604504515474814,3.5620946318925837,605,75.37190082644628,2.9604657311806473,Undirected,mild
AMIKACIN,PIPERACILLIN SODIUM\TAZOBACTAM SODIUM,2.958999316294423,1.9973652864656284,4.383613259507569,134,75.3731343283582,2.958999316294423,Undirected,mild
ATORVASTATIN CALCIUM,SILDENAFIL CITRATE,2.956453219412438,2.161603698168032,4.0435791472700915,211,75.35545023696683,2.956453219412438,Undirected,mild
GOLIMUMAB,SIMPONI,2.9541581071892176,2.0275840754591976,4.304161897846489,146,75.34246575342466,2.9541581071892176,Undirected,mild
ASCORBIC ACID,METHOTREXATE,2.9526982060111595,2.33907511296187,3.727296591489852,381,75.32808398950131,2.9526982060111595,Undirected,mild
LANSOPRAZOLE,RITUXIMAB,2.9525646774612495,2.274763861328936,3.8323266527976823,304,75.32894736842105,2.9525646774612495,Undirected,mild
LORAZEPAM,PROPOFOL,2.950067989146246,2.054762818516396,4.235477234724906,158,75.31645569620254,2.950067989146246,Undirected,mild
ALPRAZOLAM,FLUOXETINE,2.9488423165617195,2.063235021515204,4.214580945586674,162,75.30864197530865,2.9488423165617195,Undirected,mild
ACYCLOVIR,CYTARABINE,2.9483477318272717,2.2078577624219453,3.93718947647939,247,75.30364372469636,2.9483477318272717,Undirected,mild
DIAZEPAM,PREDNISONE,2.9476770977019098,2.0714401411361867,4.194569806661438,166,75.30120481927712,2.9476770977019098,Undirected,mild
BUSPIRONE,METFORMIN,2.9465680144575805,2.0793923305348607,4.175384768102535,170,75.29411764705883,2.9465680144575805,Undirected,mild
ASPIRIN,OXYGEN,2.945912302517437,2.534720681940026,3.4238089253610817,914,75.27352297592998,2.945912302517437,Undirected,mild
BISOPROLOL,PERPRAZOLE,2.9454766883303485,2.225657713631617,3.8980984669655774,263,75.2851711026616,2.9454766883303485,Undirected,mild
ACETAMINOPHEN,OXYCODONE HYDROCHLORIDE,2.9451205873311483,2.4228627521350607,3.5799532046453524,542,75.27675276752768,2.9451205873311483,Undirected,mild
FOLIC ACID,OXYGEN,2.9448143363044914,2.2298852959696376,3.8889585446293458,267,75.28089887640449,2.9448143363044914,Undirected,mild
OXAZEPAM,VENLAFAXINE,2.944502945155348,2.0945894070243076,4.139282651269468,178,75.28089887640449,2.944502945155348,Undirected,mild
CASPOFUNGIN,MEROPENEM,2.943540154804105,2.10185775923405,4.122271645109624,182,75.27472527472527,2.943540154804105,Undirected,mild
METHYLPREDNISOLONE,PEMBROLIZUMAB,2.942619817521953,2.1089202757299037,4.105897928017227,186,75.26881720430107,2.942619817521953,Undirected,mild
MEROPENEM,MYCOPHENOLATE MOFETIL,2.942619817521953,2.1089202757299037,4.105897928017227,186,75.26881720430107,2.942619817521953,Undirected,mild
ALCOHOL,DIAZEPAM,2.9423580678668233,2.245992919553427,3.854629693695722,283,75.26501766784452,2.9423580678668233,Undirected,mild
IRBESARTAN,OMEPRAZOLE,2.9400875325347493,2.128967682805401,4.060237630087309,198,75.25252525252525,2.9400875325347493,Undirected,mild
CETIRIZINE,CHOLECALCIFEROL,2.9393120556358814,2.1352986852071045,4.046064103471536,202,75.24752475247524,2.9393120556358814,Undirected,mild
HYDROXYCHLOROQUINE SULFATE,VITAMIN D2,2.938959883969597,1.870372402355173,4.618056376744153,101,75.24752475247524,2.938959883969597,Undirected,mild
AMITRIPTYLINE HYDROCHLORIDE,SPIRONOLACTONE,2.938959883969597,1.870372402355173,4.618056376744153,101,75.24752475247524,2.938959883969597,Undirected,mild
METFORMIN HYDROCHLORIDE,TADALAFIL,2.938959883969597,1.870372402355173,4.618056376744153,101,75.24752475247524,2.938959883969597,Undirected,mild
JARDIANCE,TRELEGY ELLIPTA,2.937486352618202,1.885859003449342,4.575541467328988,105,75.23809523809524,2.937486352618202,Undirected,mild
CALCIUM CARBONATE,HYDROCHLOROTHIAZIDE,2.937486352618202,1.885859003449342,4.575541467328988,105,75.23809523809524,2.937486352618202,Undirected,mild
APIXABAN,CALCIUM CARBONATE,2.937486352618202,1.885859003449342,4.575541467328988,105,75.23809523809524,2.937486352618202,Undirected,mild
HYDROCORTISONE,ONDANSETRON,2.936881988971074,2.284681866082545,3.775263394518956,327,75.22935779816514,2.936881988971074,Undirected,mild
ATORVASTATIN,MAGNESIUM OXIDE,2.936502410594418,2.15906317224483,3.9938833278607775,218,75.22935779816514,2.936502410594418,Undirected,mild
ADEMPAS,GABAPENTIN,2.9361229809635443,1.9006148434351184,4.5358049207703885,109,75.22935779816514,2.9361229809635443,Undirected,mild
INSULIN ASPART,PANTOPRAZOLE,2.9361229809635443,1.9006148434351184,4.5358049207703885,109,75.22935779816514,2.9361229809635443,Undirected,mild
ACETAMINOPHEN,DONEPEZILO,2.9361229809635443,1.9006148434351184,4.5358049207703885,109,75.22935779816514,2.9361229809635443,Undirected,mild
LEVOFLOXACIN,ROSUVASTATIN,2.9361229809635443,1.9006148434351184,4.5358049207703885,109,75.22935779816514,2.9361229809635443,Undirected,mild
ACETAMINOPHEN,JANUVIA,2.9348579662019025,1.9146973645950776,4.498565382211375,113,75.22123893805309,2.9348579662019025,Undirected,mild
PANTOPRAZOLE,RISPERIDONE,2.9348579662019025,1.9146973645950776,4.498565382211375,113,75.22123893805309,2.9348579662019025,Undirected,mild
INSULIN ASPART,INSULIN GLARGINE,2.93465898251199,2.175424190760122,3.958870817111345,230,75.21739130434783,2.93465898251199,Undirected,mild
IBUPROFEN,SULFASALAZINE,2.93465898251199,2.175424190760122,3.958870817111345,230,75.21739130434783,2.93465898251199,Undirected,mild
CODEINE,OXYCODONE,2.933681133502482,1.928157779126096,4.463579218589232,117,75.21367521367522,2.933681133502482,Undirected,mild
BISOPROLOL,SULFAMETHOXAZOLE / TRIMETHOPRIM,2.933681133502482,1.928157779126096,4.463579218589232,117,75.21367521367522,2.933681133502482,Undirected,mild
HYDROCORTISONE,VINCRISTINE,2.933681133502482,1.928157779126096,4.463579218589232,117,75.21367521367522,2.933681133502482,Undirected,mild
DIGOXIN,VITAMIN D3,2.932583664678595,1.941041920714306,4.430634319930045,121,75.20661157024794,2.932583664678595,Undirected,mild
ATORVASTATIN CALCIUM,SYMBICORT,2.932583664678595,1.941041920714306,4.430634319930045,121,75.20661157024794,2.932583664678595,Undirected,mild
LISINOPRIL,METHYLPREDNISOLONE,2.932583664678595,1.941041920714306,4.430634319930045,121,75.20661157024794,2.932583664678595,Undirected,mild
LEVOFLOXACIN,VALACICLOVIR,2.932583664678595,1.941041920714306,4.430634319930045,121,75.20661157024794,2.932583664678595,Undirected,mild
LORAZEPAM,VALPROATE SODIUM,2.931557879374095,1.9533909570149648,4.399545093242951,125,75.2,2.931557879374095,Undirected,mild
SOTATERCEPT,VITAMIN D3,2.931557879374095,1.9533909570149648,4.399545093242951,125,75.2,2.931557879374095,Undirected,mild
ACETAMINOPHEN,XELJANZ,2.9310446458234245,2.2095502982659294,3.888131771678816,258,75.1937984496124,2.9310446458234245,Undirected,mild
NEBIVOLOL,ROSUVASTATIN,2.930597057277354,1.965241989256311,4.370148388378735,129,75.1937984496124,2.930597057277354,Undirected,mild
ALLOPURINOL,INSULIN,2.930597057277354,1.965241989256311,4.370148388378735,129,75.1937984496124,2.930597057277354,Undirected,mild
ASPIRIN,SODIUM BICARBONATE,2.9305935389689783,2.214022735419104,3.879083242124423,262,75.19083969465649,2.9305935389689783,Undirected,mild
BACTRIM,METHOTREXATE,2.9296952926599724,1.976628559621214,4.342300158548151,133,75.18796992481202,2.9296952926599724,Undirected,mild
FUROSEMIDE,TYLENOL EXTRA STRENGTH,2.928847374585127,1.9875810828013984,4.315872704686701,137,75.18248175182481,2.928847374585127,Undirected,mild
FUROSEMIDE,SOTATERCEPT,2.928847374585127,1.9875810828013984,4.315872704686701,137,75.18248175182481,2.928847374585127,Undirected,mild
OPSUMIT,SILDENAFIL CITRATE,2.9285371804174316,2.2350910405846456,3.83712782224921,282,75.177304964539,2.9285371804174316,Undirected,mild
OMEPRAZOLE,VALSARTAN,2.928161816500525,2.2390654689575453,3.829334935705817,286,75.17482517482517,2.928161816500525,Undirected,mild
ACYCLOVIR,LOPERAMIDE,2.9280486876516325,1.9981272148320164,4.290752387344478,141,75.177304964539,2.9280486876516325,Undirected,mild
GABAPENTIN,TYVASO DPI,2.9272951292806577,2.0082921697571416,4.266837715623072,145,75.17241379310344,2.9272951292806577,Undirected,mild
ALPRAZOLAM,CITALOPRAM,2.9272951292806577,2.0082921697571416,4.266837715623072,145,75.17241379310344,2.9272951292806577,Undirected,mild
BENSERAZIDE / LEVODOPA,PRAMIPEXOLE,2.9272951292806577,2.0082921697571416,4.266837715623072,145,75.17241379310344,2.9272951292806577,Undirected,mild
BISOPROLOL FUMARATE,CLOPIDOGREL,2.926583040415408,2.018098992672423,4.244037742224541,149,75.16778523489933,2.926583040415408,Undirected,mild
BISOPROLOL,METHYLPREDNISOLONE,2.926583040415408,2.018098992672423,4.244037742224541,149,75.16778523489933,2.926583040415408,Undirected,mild
CLONIDINE,REMODULIN,2.9246644888712585,2.0455733381947,4.181547643759147,161,75.15527950310559,2.9246644888712585,Undirected,mild
MIRTAZAPINE,SIMVASTATIN,2.9246644888712585,2.0455733381947,4.181547643759147,161,75.15527950310559,2.9246644888712585,Undirected,mild
AZACITIDINE,VENCLEXTA,2.924376905487805,2.3945299929819495,3.571465093531989,515,75.14563106796116,2.924376905487805,Undirected,mild
CIMZIA,HUMIRA,2.924124925312974,2.284766400589539,3.742398599975173,338,75.14792899408283,2.924124925312974,Undirected,mild
KEYTRUDA,PANTOPRAZOLE,2.924088693216051,2.0541423606211877,4.162464515462444,165,75.15151515151514,2.924088693216051,Undirected,mild
GLIPIZIDE,LOSARTAN,2.9235409653992077,2.062443225660433,4.144158573688927,169,75.14792899408283,2.9235409653992077,Undirected,mild
LORAZEPAM,POTASSIUM CHLORIDE,2.9235409653992077,2.062443225660433,4.144158573688927,169,75.14792899408283,2.9235409653992077,Undirected,mild
ATORVASTATIN,CARBOPLATIN,2.9231333006340714,2.2969562451796293,3.7200135227685265,354,75.14124293785311,2.9231333006340714,Undirected,mild
BISOPROLOL,POLYETHYLENE GLYCOL,2.923019347213081,2.070489994114279,4.126579760573527,173,75.14450867052022,2.923019347213081,Undirected,mild
SERTRALINE,TRAMADOL,2.923019347213081,2.070489994114279,4.126579760573527,173,75.14450867052022,2.923019347213081,Undirected,mild
LORAZEPAM,METHOTREXATE,2.9225220584689007,2.0782957018358745,4.109682358815658,177,75.14124293785311,2.9225220584689007,Undirected,mild
POTASSIUM CHLORIDE,PREGABALIN,2.9225220584689007,2.0782957018358745,4.109682358815658,177,75.14124293785311,2.9225220584689007,Undirected,mild
BUPRENORPHINE,FENTANYL,2.9225220584689007,2.0782957018358745,4.109682358815658,177,75.14124293785311,2.9225220584689007,Undirected,mild
ADALIMUMAB,FOLIC ACID,2.922334229214121,2.4171156150126123,3.533152197683324,571,75.13134851138354,2.922334229214121,Undirected,mild
PANTOPRAZOLE,PREGABALIN,2.922301757797225,2.487310218664613,3.433366493468444,792,75.12626262626263,2.922301757797225,Undirected,mild
METHOTREXATE,SULFAMETHOXAZOLE / TRIMETHOPRIM,2.919337624292186,2.348326915206618,3.6291932394166206,434,75.11520737327189,2.919337624292186,Undirected,mild
PANTOPRAZOLE,TRAMADOL HYDROCHLORIDE,2.919251175180482,2.1333556450095057,3.994658576373773,209,75.11961722488039,2.919251175180482,Undirected,mild
MIDAZOLAM,PHENOBARBITAL,2.918589932876876,2.145391912475857,3.970448078393279,217,75.11520737327189,2.918589932876876,Undirected,mild
METOPROLOL,TRAZODONE,2.916389163017332,2.188196312475221,3.8869116548980776,249,75.1004016064257,2.916389163017332,Undirected,mild
PACLITAXEL,TORIPALIMAB,2.916389163017332,2.188196312475221,3.8869116548980776,249,75.1004016064257,2.916389163017332,Undirected,mild
ACETAMINOPHEN,LOVENOX,2.9157104607522997,2.202388127835255,3.860067797993649,261,75.09578544061303,2.9157104607522997,Undirected,mild
ONDANSETRON HYDROCHLORIDE,OXYGEN,2.915293794064918,2.211370540177578,3.843289829225518,269,75.09293680297398,2.915293794064918,Undirected,mild
AMLODIPINE,SULFAMETHOXAZOLE / TRIMETHOPRIM,2.914902863020219,2.2199999052049173,3.8273239025472767,277,75.09025270758123,2.914902863020219,Undirected,mild
ACETAMINOPHEN,ALLOPURINOL,2.910947709319677,2.5296942916213996,3.3496603105201053,1042,75.04798464491363,2.910947709319677,Undirected,mild
ALLOPURINOL,LEVOTHYROXINE SODIUM,2.9010728167175825,2.262845531633169,3.7193097673898343,332,75.0,2.9010728167175825,Undirected,mild
ELIQUIS,METFORMIN HYDROCHLORIDE,2.9010728167175825,2.262845531633169,3.7193097673898343,332,75.0,2.9010728167175825,Undirected,mild
CYANOCOBALAMIN,SODIUM CHLORIDE,2.9009092343214444,2.2175333506107364,3.794880642247729,284,75.0,2.9009092343214444,Undirected,mild
MYCOPHENOLATE MOFETIL,PANTOPRAZOLE SODIUM,2.900813824256982,2.18596348630905,3.849433394337471,256,75.0,2.900813824256982,Undirected,mild
NAPROXEN,SIMPONI,2.9007320518243938,2.154927932947638,3.904653286930043,232,75.0,2.9007320518243938,Undirected,mild
ACETAMINOPHEN,ACETYLCYSTEINE,2.9006639135048324,2.1255559419303194,3.9584237578184593,212,75.0,2.9006639135048324,Undirected,mild
GABAPENTIN,KETOPROFEN,2.900650286427153,2.119232542609123,3.970197661173695,208,75.0,2.900650286427153,Undirected,mild
DOXORUBICIN,ONDANSETRON,2.900650286427153,2.119232542609123,3.970197661173695,208,75.0,2.900650286427153,Undirected,mild
FUROSEMIDE,NEBIVOLOL,2.900623032857993,2.106082778452143,3.9949113419605737,200,75.0,2.900623032857993,Undirected,mild
LT4,TORSEMIDE,2.900609406366504,2.0992409425490197,4.007893880959488,196,75.0,2.900609406366504,Undirected,mild
ATORVASTATIN,LENALIDOMIDE,2.900595780070404,2.092209963492081,4.0213248317197765,192,75.0,2.900595780070404,Undirected,mild
FUROSEMIDE,WARFARIN SODIUM,2.900595780070404,2.092209963492081,4.0213248317197765,192,75.0,2.900595780070404,Undirected,mild
JARDIANCE,LASIX,2.9005549023543917,2.069888011767241,4.0645767760107026,180,75.0,2.9005549023543917,Undirected,mild
GABAPENTIN,VALSARTAN,2.9005412768398036,2.062002903995199,4.080081401607506,176,75.0,2.9005412768398036,Undirected,mild
DAPAGLIFLOZIN,HYDROCHLOROTHIAZIDE,2.9005412768398036,2.062002903995199,4.080081401607506,176,75.0,2.9005412768398036,Undirected,mild
SERTRALINE,TAMSULOSIN,2.9005412768398036,2.062002903995199,4.080081401607506,176,75.0,2.9005412768398036,Undirected,mild
CYCLOPHOSPHAMIDE,TOPOTECAN,2.9005276515205827,2.053876246494621,4.096186745230728,172,75.0,2.9005276515205827,Undirected,mild
ONDANSETRON HYDROCHLORIDE,SPIRONOLACTONE,2.9005276515205827,2.053876246494621,4.096186745230728,172,75.0,2.9005276515205827,Undirected,mild
BISOPROLOL,CARBOPLATIN,2.9005004014682267,2.0368456478837684,4.13035842340736,164,75.0,2.9005004014682267,Undirected,mild
ACETAMINOPHEN,ATIVAN,2.9004867767350833,2.027912785366208,4.148513487721738,160,75.0,2.9004867767350833,Undirected,mild
OPSUMIT,VITAMINS,2.9004867767350833,2.027912785366208,4.148513487721738,160,75.0,2.9004867767350833,Undirected,mild
DIAZEPAM,QUETIAPINE FUMARATE,2.90047315219729,2.0186803111217806,4.167447644021614,156,75.0,2.90047315219729,Undirected,mild
ALBUTEROL / IPRATROPIUM,PREDNISONE,2.9004595278548435,2.009130641646321,4.187216748548735,152,75.0,2.9004595278548435,Undirected,mild
GABAPENTIN,PAROXETINE,2.9004595278548435,2.009130641646321,4.187216748548735,152,75.0,2.9004595278548435,Undirected,mild
AMPHOTERICIN B,FLUCYTOSINE,2.9004322797559734,1.9890017072953403,4.229512412480442,144,75.0,2.9004322797559734,Undirected,mild
MORPHINE,ZOPICLONE,2.900418655999541,1.978379063593471,4.252182271273175,140,75.0,2.900418655999541,Undirected,mild
AMITRIPTYLINE HYDROCHLORIDE,CLONIDINE,2.900418655999541,1.978379063593471,4.252182271273175,140,75.0,2.900418655999541,Undirected,mild
LEVOTHYROXINE SODIUM,MAGNESIUM OXIDE,2.9003914090726615,1.955893599805035,4.300985660294119,132,75.0,2.9003914090726615,Undirected,mild
HYDROCORTISONE,LISINOPRIL,2.9003914090726615,1.955893599805035,4.300985660294119,132,75.0,2.9003914090726615,Undirected,mild
HALOPERIDOL,SERTRALINE,2.9003914090726615,1.955893599805035,4.300985660294119,132,75.0,2.9003914090726615,Undirected,mild
CYANOCOBALAMIN,SODIUM BICARBONATE,2.900364162927067,1.931560582452468,4.355085910332109,124,75.0,2.900364162927067,Undirected,mild
CYCLOPHOSPHAMIDE,RAMIPRIL,2.900350540147241,1.9186172191450004,4.384424976380164,120,75.0,2.900350540147241,Undirected,mild
LINEZOLID,VORICONAZOLE,2.900350540147241,1.9186172191450004,4.384424976380164,120,75.0,2.900350540147241,Undirected,mild
MAGNESIUM OXIDE,PREGABALIN,2.900350540147241,1.9186172191450004,4.384424976380164,120,75.0,2.900350540147241,Undirected,mild
CEFTRIAXONE,FLUCONAZOLE,2.900336917562724,1.9051039585018976,4.415483049015387,116,75.0,2.900336917562724,Undirected,mild
HYDROCORTISONE,METOCLOPRAMIDE,2.900323295173511,1.8909764141721876,4.448429474573113,112,75.0,2.900323295173511,Undirected,mild
PREDNISONE,TUMS,2.900323295173511,1.8909764141721876,4.448429474573113,112,75.0,2.900323295173511,Undirected,mild
ETOPOSIDE,MEROPENEM,2.900323295173511,1.8909764141721876,4.448429474573113,112,75.0,2.900323295173511,Undirected,mild
ATORVASTATIN CALCIUM,BISOPROLOL FUMARATE,2.9003096729795987,1.8761851183699187,4.483457478059217,108,75.0,2.9003096729795987,Undirected,mild
ASPIRIN,MIDODRINE HYDROCHLORIDE,2.9003096729795987,1.8761851183699187,4.483457478059217,108,75.0,2.9003096729795987,Undirected,mild
HUMALOG,LANTUS SOLOSTAR,2.9003096729795987,1.8761851183699187,4.483457478059217,108,75.0,2.9003096729795987,Undirected,mild
ACETAMINOPHEN,COLESTYRAMINE,2.9003096729795987,1.8761851183699187,4.483457478059217,108,75.0,2.9003096729795987,Undirected,mild
LEVETIRACETAM,RAMIPRIL,2.9003096729795987,1.8761851183699187,4.483457478059217,108,75.0,2.9003096729795987,Undirected,mild
LASIX,LOSARTAN,2.9003096729795987,1.8761851183699187,4.483457478059217,108,75.0,2.9003096729795987,Undirected,mild
HEPARIN,STERILE WATER,2.9002960509809825,1.860674739486453,4.520788617605203,104,75.0,2.9002960509809825,Undirected,mild
GLICLAZIDE,IRBESARTAN,2.9002960509809825,1.860674739486453,4.520788617605203,104,75.0,2.9002960509809825,Undirected,mild
SULFAMETHOXAZOLE / TRIMETHOPRIM,TYLENOL,2.900282429177658,1.8443831459003956,4.560678288398825,100,75.0,2.900282429177658,Undirected,mild
CHOLECALCIFEROL,FENTANYL,2.900282429177658,1.8443831459003956,4.560678288398825,100,75.0,2.900282429177658,Undirected,mild
FOLIC ACID,TADALAFIL,2.900282429177658,1.8443831459003956,4.560678288398825,100,75.0,2.900282429177658,Undirected,mild
CALCIUM CARBONATE / CHOLECALCIFEROL,ELIQUIS,2.900282429177658,1.8443831459003956,4.560678288398825,100,75.0,2.900282429177658,Undirected,mild
BUMETANIDE,SILDENAFIL CITRATE,2.900282429177658,1.8443831459003956,4.560678288398825,100,75.0,2.900282429177658,Undirected,mild
CARBOPLATIN,OXYCODONE,2.900282429177658,1.8443831459003956,4.560678288398825,100,75.0,2.900282429177658,Undirected,mild
ACETAMINOPHEN,FENTANYL,2.8968824284753754,2.443488185147764,3.434404903374601,707,74.96463932107497,2.8968824284753754,Undirected,mild
OXYGEN,VITAMIN D3,2.8937473258420403,2.477768690711828,3.3795622719779757,850,74.94117647058823,2.8937473258420403,Undirected,mild
HYDROMORPHONE,PANTOPRAZOLE,2.890803647054448,2.2857746997624755,3.655979623316192,371,74.93261455525607,2.890803647054448,Undirected,mild
MELATONINA,ONDANSETRON,2.8894150149802127,2.253470346628283,3.7048275968151665,331,74.92447129909365,2.8894150149802127,Undirected,mild
ATORVASTATIN CALCIUM,OXYGEN,2.8859369902415444,2.4340595539058505,3.421704410756819,705,74.8936170212766,2.8859369902415444,Undirected,mild
DIGOXIN,ELIQUIS,2.884914823879366,2.1586639347049736,3.855502196165789,243,74.8971193415638,2.884914823879366,Undirected,mild
CERTOLIZUMAB PEGOL,LEFLUNOMIDE,2.883748266073353,2.136287632620184,3.8927361349189593,227,74.8898678414097,2.883748266073353,Undirected,mild
ALBUTEROL SULFATE,SILDENAFIL CITRATE,2.8827652342969268,2.11805110607932,3.923576429396976,215,74.88372093023256,2.8827652342969268,Undirected,mild
GABAPENTIN,TADALAFIL,2.8827652342969268,2.11805110607932,3.923576429396976,215,74.88372093023256,2.8827652342969268,Undirected,mild
MAGNESIUM,RITUXIMAB,2.880870484800993,2.0843786472254537,3.9817212487975633,195,74.87179487179488,2.880870484800993,Undirected,mild
PANTOPRAZOLE,TRULICITY,2.8774871974493443,2.028548065310277,4.081703910830638,167,74.8502994011976,2.8774871974493443,Undirected,mild
ATORVASTATIN,INSULIN ASPART,2.8774871974493443,2.028548065310277,4.081703910830638,167,74.8502994011976,2.8774871974493443,Undirected,mild
DIAZEPAM,TRAZODONE,2.876912222457629,2.019550023995749,4.098251510180724,163,74.84662576687117,2.876912222457629,Undirected,mild
INFLIXIMAB,RITUXIMAB,2.8764890529472376,2.3306885349427033,3.5501051074285668,461,74.83731019522777,2.8764890529472376,Undirected,mild
CARBOPLATIN,PANTOPRAZOLE SODIUM,2.8763091801523655,2.0102533859673075,4.115478455392746,159,74.84276729559748,2.8763091801523655,Undirected,mild
APIXABAN,FOLIC ACID,2.876195992300736,2.2253134306261395,3.71745538056595,310,74.83870967741936,2.876195992300736,Undirected,mild
SPIRONOLACTONE,TRELEGY ELLIPTA,2.8750100301773136,1.990693787597092,4.152161786568602,151,74.83443708609272,2.8750100301773136,Undirected,mild
GABAPENTIN,HEPARIN,2.8750100301773136,1.990693787597092,4.152161786568602,151,74.83443708609272,2.8750100301773136,Undirected,mild
KARDEGIC,VALACYCLOVIR HYDROCHLORIDE,2.8743088919155944,1.980391776406888,4.171725869885467,147,74.82993197278913,2.8743088919155944,Undirected,mild
ALBUTEROL SULFATE,LASIX,2.873656912698248,2.196002478715519,3.760425651581515,282,74.822695035461,2.873656912698248,Undirected,mild
FUROSEMIDE,HYDROXYZINE DIHYDROCHLORIDE,2.873569558614244,1.9697127210033096,4.1921859569391415,143,74.82517482517483,2.873569558614244,Undirected,mild
REMICADE,TOCILIZUMAB,2.873569558614244,1.9697127210033096,4.1921859569391415,143,74.82517482517483,2.873569558614244,Undirected,mild
JARDIANCE,OXYGEN,2.8728403950096504,2.1868804877502295,3.7739656928805294,274,74.81751824817519,2.8728403950096504,Undirected,mild
LEVOTHYROXINE SODIUM,ONDANSETRON HYDROCHLORIDE,2.872788756395976,1.9586324895163576,4.213610916314892,139,74.82014388489209,2.872788756395976,Undirected,mild
MIDAZOLAM,MORPHINE,2.872788756395976,1.9586324895163576,4.213610916314892,139,74.82014388489209,2.872788756395976,Undirected,mild
FILGRASTIM,ONDANSETRON,2.871976758272939,2.177384111998244,3.788146728273083,266,74.81203007518798,2.871976758272939,Undirected,mild
DIGOXIN,LT4,2.871962826221469,1.9471247020047768,4.23607715864609,135,74.81481481481481,2.871962826221469,Undirected,mild
ACETAMINOPHEN,MORPHINE,2.8713219321796632,2.459973762131044,3.3514542980628614,853,74.79484173505276,2.8713219321796632,Undirected,mild
SODIUM CHLORIDE,SOTATERCEPT,2.871087665531486,1.9351604513824048,4.259669722620909,131,74.80916030534351,2.871087665531486,Undirected,mild
ELIQUIS,ESCITALOPRAM,2.871087665531486,1.9351604513824048,4.259669722620909,131,74.80916030534351,2.871087665531486,Undirected,mild
AMLODIPINE,BUSPIRONE,2.871087665531486,1.9351604513824048,4.259669722620909,131,74.80916030534351,2.871087665531486,Undirected,mild
RITUXIMAB,SULFAMETHOXAZOLE / TRIMETHOPRIM,2.8708611689117656,2.429002838642743,3.3930976613311548,730,74.79452054794521,2.8708611689117656,Undirected,mild
APIXABAN,LISINOPRIL,2.8701586589468855,1.9227079805160492,4.284483557048939,127,74.80314960629921,2.8701586589468855,Undirected,mild
CHOLECALCIFEROL,RISEDRONATE SODIUM,2.8701586589468855,1.9227079805160492,4.284483557048939,127,74.80314960629921,2.8701586589468855,Undirected,mild
FLUOXETINE,PROPRANOLOL,2.8701586589468855,1.9227079805160492,4.284483557048939,127,74.80314960629921,2.8701586589468855,Undirected,mild
BISOPROLOL,HYDROCHLOROTHIAZIDE,2.8685368037337526,2.255840367304795,3.647644360671763,353,74.78753541076487,2.8685368037337526,Undirected,mild
METHOTREXATE,STELARA,2.8681529042377996,2.252462068498998,3.652137453115732,349,74.78510028653295,2.8681529042377996,Undirected,mild
ATORVASTATIN,VALACYCLOVIR HYDROCHLORIDE,2.86811756965784,1.8961947858104304,4.338213803211243,119,74.78991596638656,2.86811756965784,Undirected,mild
AMLODIPINE,METHOCARBAMOL,2.86811756965784,1.8961947858104304,4.338213803211243,119,74.78991596638656,2.86811756965784,Undirected,mild
ORENITRAM,TREPROSTINIL,2.86811756965784,1.8961947858104304,4.338213803211243,119,74.78991596638656,2.86811756965784,Undirected,mild
CETIRIZINE,MIRTAZAPINE,2.86811756965784,1.8961947858104304,4.338213803211243,119,74.78991596638656,2.86811756965784,Undirected,mild
LT4,TRAMADOL HYDROCHLORIDE,2.866992860973677,1.8820525953976883,4.367384888697636,115,74.78260869565217,2.866992860973677,Undirected,mild
ACETAMINOPHEN,QUETIAPINE FUMARATE,2.8665291497032817,2.2383875841847445,3.6709412722602166,333,74.77477477477478,2.8665291497032817,Undirected,mild
JARDIANCE,POTASSIUM CHLORIDE,2.866158896012799,2.117110618164905,3.880225599318892,222,74.77477477477478,2.866158896012799,Undirected,mild
FUROSEMIDE,NOVOLOG,2.8657887891837865,1.8672581340394625,4.398291395547299,111,74.77477477477478,2.8657887891837865,Undirected,mild
INFLIXIMAB,NAPROXEN,2.8648530134332915,2.1043815759536537,3.9001400137512743,214,74.76635514018692,2.8648530134332915,Undirected,mild
BACTRIM,PIPERACILLIN SODIUM\TAZOBACTAM SODIUM,2.8644965361436054,1.8517583037573289,4.431107660718779,107,74.76635514018692,2.8644965361436054,Undirected,mild
LEVETIRACETAM,VITAMIN D3,2.8644965361436054,1.8517583037573289,4.431107660718779,107,74.76635514018692,2.8644965361436054,Undirected,mild
FUROSEMIDE,PIPERACILLIN SODIUM\TAZOBACTAM SODIUM,2.8641638848543907,2.0977715753058077,3.910547199643661,210,74.76190476190476,2.8641638848543907,Undirected,mild
ATORVASTATIN,RISEDRONATE SODIUM,2.863105927070946,1.835493658265312,4.4660331637298905,103,74.75728155339806,2.863105927070946,Undirected,mild
OFEV,VITAMINS,2.863105927070946,1.835493658265312,4.4660331637298905,103,74.75728155339806,2.863105927070946,Undirected,mild
ALBUTEROL SULFATE,SOTATERCEPT,2.863105927070946,1.835493658265312,4.4660331637298905,103,74.75728155339806,2.863105927070946,Undirected,mild
VALACYCLOVIR HYDROCHLORIDE,VINCRISTINE,2.863105927070946,1.835493658265312,4.4660331637298905,103,74.75728155339806,2.863105927070946,Undirected,mild
METOCLOPRAMIDE,PREDNISONE,2.862706157513909,2.084023701045681,3.932338456686496,202,74.75247524752476,2.862706157513909,Undirected,mild
AMBRISENTAN,WINREVAIR,2.8611316575803207,2.069517083927208,3.9555480965028087,194,74.74226804123711,2.8611316575803207,Undirected,mild
CICLOBENZAPRINA,TRAZODONE,2.85942547781427,2.054177903656423,3.9803339567715046,186,74.73118279569893,2.85942547781427,Undirected,mild
ELIQUIS,FERROUS SULFATE,2.859121870402427,2.2571104079213686,3.6217004897610017,364,74.72527472527473,2.859121870402427,Undirected,mild
TOPIRAMATE,VITAMIN D3,2.858517640577729,2.0461701966726813,3.993374116572168,182,74.72527472527473,2.858517640577729,Undirected,mild
LEFLUNOMIDE,PANTOPRAZOLE,2.8581880200130416,2.1709990224146263,3.7628937983860022,269,74.72118959107806,2.8581880200130416,Undirected,mild
CELECOXIB,PANTOPRAZOLE,2.857537884386176,2.1660560219168516,3.769765268340632,265,74.71698113207546,2.857537884386176,Undirected,mild
ACETAMINOPHEN,APIXABAN,2.8561599516531957,2.370310232114,3.441595770420336,585,74.7008547008547,2.8561599516531957,Undirected,mild
FOLIC ACID,PANTOPRAZOLE SODIUM,2.8558661867795143,2.4193027217270173,3.3712075812358155,739,74.69553450608932,2.8558661867795143,Undirected,mild
PACLITAXEL,PANTOPRAZOLE,2.855544582627997,2.0206516933101706,4.035398525323404,170,74.70588235294117,2.855544582627997,Undirected,mild
HYDROCHLOROTHIAZIDE,IRBESARTAN,2.8548288871642846,2.2855170162327423,3.565953750115384,411,74.69586374695864,2.8548288871642846,Undirected,mild
CODEINE,PANTOPRAZOLE SODIUM,2.854460478556277,2.011602049174848,4.050475404408136,166,74.69879518072288,2.854460478556277,Undirected,mild
ACETAMINOPHEN,DOCUSATE SODIUM,2.853979222427714,2.1396988207336776,3.806702757940581,245,74.6938775510204,2.853979222427714,Undirected,mild
AMLODIPINE,DEXAMETHASONE,2.8534382816722226,2.3555982236665667,3.456493533366256,553,74.68354430379746,2.8534382816722226,Undirected,mild
LINEZOLID,PREDNISONE,2.8521316991222765,1.992595163614765,4.082442524040384,158,74.68354430379746,2.8521316991222765,Undirected,mild
DULOXETINA,ELIQUIS,2.8521316991222765,1.992595163614765,4.082442524040384,158,74.68354430379746,2.8521316991222765,Undirected,mild
PANTOPRAZOLE SODIUM,RITUXIMAB,2.8515800094995147,2.345764235724197,3.466464543512341,533,74.671669793621,2.8515800094995147,Undirected,mild
LISINOPRIL,PANTOPRAZOLE SODIUM,2.851387567837872,2.2055005335559437,3.686424436684065,308,74.67532467532467,2.851387567837872,Undirected,mild
QUETIAPINE,RISPERIDONE,2.851192325284851,2.343733450583171,3.468524833205964,529,74.66918714555766,2.851192325284851,Undirected,mild
AMBRISENTAN,ORENITRAM,2.8508787893047773,1.9826026993932,4.099414307160683,154,74.67532467532467,2.8508787893047773,Undirected,mild
ALLOPURINOL,BUMETANIDE,2.8508787893047773,1.9826026993932,4.099414307160683,154,74.67532467532467,2.8508787893047773,Undirected,mild
AMOXICILLIN,FOLIC ACID,2.8498081940276183,2.110199165789236,3.848644656112101,225,74.66666666666667,2.8498081940276183,Undirected,mild
CHOLECALCIFEROL,LYRICA,2.849560654129499,1.9722582621694695,4.11710579558227,150,74.66666666666667,2.849560654129499,Undirected,mild
BISOPROLOL,IRBESARTAN,2.8488860699075507,2.10386498375722,3.857734171143879,221,74.6606334841629,2.8488860699075507,Undirected,mild
FOLIC ACID,OTEZLA,2.848172005038077,1.9615402756070055,4.135568293530097,146,74.65753424657534,2.848172005038077,Undirected,mild
ALLOPURINOL,CYCLOPHOSPHAMIDE,2.848149285799735,2.291814893070432,3.53953296085516,430,74.65116279069768,2.848149285799735,Undirected,mild
AZACITIDINE,LEVOFLOXACIN,2.8467069658545494,1.9504252448952335,4.154858316489902,142,74.64788732394366,2.8467069658545494,Undirected,mild
ENTRESTO,PANTOPRAZOLE,2.845914001375218,2.0838803168999154,3.8866082843338727,209,74.64114832535886,2.845914001375218,Undirected,mild
POTASSIUM CHLORIDE,TRAZODONE,2.84515898883999,1.9388875300977657,4.175038286707028,138,74.63768115942028,2.84515898883999,Undirected,mild
ACETAMINOPHEN,ALPRAZOLAM,2.8450638680342455,2.3681470276280447,3.41802612707767,603,74.6268656716418,2.8450638680342455,Undirected,mild
OXYGEN,SOTATERCEPT,2.8441817735180854,2.2236380576770665,3.6378986826943778,335,74.6268656716418,2.8441817735180854,Undirected,mild
LOPERAMIDE,OXALIPLATIN,2.843741042470516,2.069664570374352,3.9073303144811433,201,74.6268656716418,2.843741042470516,Undirected,mild
SILDENAFIL CITRATE,SPIRONOLACTONE,2.843741042470516,2.069664570374352,3.9073303144811433,201,74.6268656716418,2.843741042470516,Undirected,mild
DEXAMETHASONE,TORSEMIDE,2.8435207559332434,1.926899085714422,4.196177344920647,134,74.6268656716418,2.8435207559332434,Undirected,mild
CARVEDILOL,LEVOTHYROXINE SODIUM,2.8435207559332434,1.926899085714422,4.196177344920647,134,74.6268656716418,2.8435207559332434,Undirected,mild
ELIQUIS,ONDANSETRON,2.8420268267240343,2.259770122228267,3.5743089106136896,386,74.61139896373057,2.8420268267240343,Undirected,mild
ALBUTEROL,ALPRAZOLAM,2.841784062035442,1.914429160314567,4.218352301900637,130,74.61538461538461,2.841784062035442,Undirected,mild
APIXABAN,BUMETANIDE,2.839939676410358,1.9014439487693031,4.241648759023348,126,74.60317460317461,2.839939676410358,Undirected,mild
AMIODARONE,BISOPROLOL FUMARATE,2.839939676410358,1.9014439487693031,4.241648759023348,126,74.60317460317461,2.839939676410358,Undirected,mild
DIPHENHYDRAMINE HYDROCHLORIDE,OXYGEN,2.838847287269508,2.0387777052764444,3.9528850544030703,185,74.5945945945946,2.838847287269508,Undirected,mild
LEVOTHYROXINE SODIUM,TORSEMIDE,2.838847287269508,2.0387777052764444,3.9528850544030703,185,74.5945945945946,2.838847287269508,Undirected,mild
EPINEPHRINE,PHENYLEPHRINE,2.8379771772590265,1.887906187943369,4.266162434382947,122,74.59016393442623,2.8379771772590265,Undirected,mild
ALLOPURINOL,METHYLPREDNISOLONE,2.8374923475717333,2.030484797338868,3.96524161770636,181,74.58563535911603,2.8374923475717333,Undirected,mild
AMLODIPINE,VALACICLOVIR,2.83607779410769,2.021940007995275,3.978029626213091,177,74.57627118644068,2.83607779410769,Undirected,mild
CYANOCOBALAMIN,KEYTRUDA,2.835884753209287,1.8737746846054024,4.292000740301662,118,74.57627118644068,2.835884753209287,Undirected,mild
ONDANSETRON,RAMIPRIL,2.835884753209287,1.8737746846054024,4.292000740301662,118,74.57627118644068,2.835884753209287,Undirected,mild
ASPIRIN,MIDODRINE,2.835884753209287,1.8737746846054024,4.292000740301662,118,74.57627118644068,2.835884753209287,Undirected,mild
FUROSEMIDE,PERPRAZOLE,2.834914099901522,2.2642051433121715,3.549474294570319,401,74.56359102244389,2.834914099901522,Undirected,mild
DILTIAZEM,FOLIC ACID,2.8345995622890796,2.013130122087211,3.991274379322689,173,74.56647398843931,2.8345995622890796,Undirected,mild
CLOZAPINE,FOSCARBIDOPA/FOSLEVODOPA,2.833648963734199,1.859003761646315,4.319284670280062,114,74.56140350877193,2.833648963734199,Undirected,mild
ONDANSETRON,POTASSIUM CHLORIDE,2.8329561596353066,2.2881178605462247,3.5075293719789973,444,74.54954954954955,2.8329561596353066,Undirected,mild
METHOTREXATE,OTEZLA,2.8328382796770137,2.0971557251261,3.8265983887872177,224,74.55357142857143,2.8328382796770137,Undirected,mild
ATORVASTATIN,LEVOFLOXACIN,2.8328382796770137,2.0971557251261,3.8265983887872177,224,74.55357142857143,2.8328382796770137,Undirected,mild
ACTEMRA,LEFLUNOMIDE,2.8323315047784816,2.2854253373369704,3.510113247588422,440,74.54545454545455,2.8323315047784816,Undirected,mild
CARBIDOPA / LEVODOPA,SIMVASTATIN,2.831254448231545,1.8435426052829864,4.34815106939199,110,74.54545454545455,2.831254448231545,Undirected,mild
ASPIRIN,ETOPOSIDE,2.831254448231545,1.8435426052829864,4.34815106939199,110,74.54545454545455,2.831254448231545,Undirected,mild
LASIX,METOPROLOL TARTRATE,2.831254448231545,1.8435426052829864,4.34815106939199,110,74.54545454545455,2.831254448231545,Undirected,mild
METFORMIN,REPAGLINIDE,2.831254448231545,1.8435426052829864,4.34815106939199,110,74.54545454545455,2.831254448231545,Undirected,mild
PANTOPRAZOLE,RAMIPRIL,2.8301195210957233,2.4332484557992196,3.291721601465592,887,74.52085682074409,2.8301195210957233,Undirected,mild
MINOCICLINA,RITUXIMAB,2.828683570454337,1.827334491528485,4.378755383238803,106,74.52830188679245,2.828683570454337,Undirected,mild
BISOPROLOL FUMARATE,EDOXABAN TOSYLATE,2.828683570454337,1.827334491528485,4.378755383238803,106,74.52830188679245,2.828683570454337,Undirected,mild
HYDROMORPHONE,METFORMIN,2.828683570454337,1.827334491528485,4.378755383238803,106,74.52830188679245,2.828683570454337,Undirected,mild
HUMAN IMMUNOGLOBULIN G,ZOPICLONE,2.828683570454337,1.827334491528485,4.378755383238803,106,74.52830188679245,2.828683570454337,Undirected,mild
ALLOPURINOL,AZITHROMYCIN,2.828683570454337,1.827334491528485,4.378755383238803,106,74.52830188679245,2.828683570454337,Undirected,mild
LEVOFLOXACIN,SODIUM CHLORIDE,2.827954333643989,1.9749381426299897,4.049405670258575,157,74.52229299363057,2.827954333643989,Undirected,mild
BISOPROLOL,SITAGLIPTIN,2.827954333643989,1.9749381426299897,4.049405670258575,157,74.52229299363057,2.827954333643989,Undirected,mild
FUROSEMIDE,LOPERAMIDE,2.8276642051259113,2.0699896874353674,3.86266893283738,208,74.51923076923077,2.8276642051259113,Undirected,mild
OXYGEN,WINREVAIR,2.8276642051259113,2.0699896874353674,3.86266893283738,208,74.51923076923077,2.8276642051259113,Undirected,mild
AMIODARONE,PREDNISONE,2.826081785627563,1.964565794361442,4.065396171499498,153,74.50980392156863,2.826081785627563,Undirected,mild
ELIQUIS,METOLAZONE,2.825915980886818,1.8103158645020467,4.411275008755512,102,74.50980392156863,2.825915980886818,Undirected,mild
ASPARAGINASE,ETOPOSIDE,2.825915980886818,1.8103158645020467,4.411275008755512,102,74.50980392156863,2.825915980886818,Undirected,mild
FERROUS SULFATE,IBUPROFEN,2.825915980886818,1.8103158645020467,4.411275008755512,102,74.50980392156863,2.825915980886818,Undirected,mild
ALENDRONATE,SULFAMETHOXAZOLE / TRIMETHOPRIM,2.825915980886818,1.8103158645020467,4.411275008755512,102,74.50980392156863,2.825915980886818,Undirected,mild
LEVOFLOXACIN,MYCOPHENOLATE MOFETIL,2.825915980886818,1.8103158645020467,4.411275008755512,102,74.50980392156863,2.825915980886818,Undirected,mild
GABAPENTIN,SOTATERCEPT,2.825915980886818,1.8103158645020467,4.411275008755512,102,74.50980392156863,2.825915980886818,Undirected,mild
PANTOPRAZOLE,PROCHLORPERAZINE,2.8256000815052547,2.181274442811517,3.6602527696201497,302,74.50331125827815,2.8256000815052547,Undirected,mild
AMLODIPINE,FEBUXOSTAT,2.8247760180743153,2.0553061279889056,3.882321686110818,200,74.5,2.8247760180743153,Undirected,mild
CHOLECALCIFEROL,LANSOPRAZOLE,2.8243906269171295,2.2810118970589564,3.49721210297184,443,74.4920993227991,2.8243906269171295,Undirected,mild
LEVOFLOXACIN,TACROLIMUS,2.8241113997105285,1.9538240944582772,4.082048747682324,149,74.49664429530202,2.8241113997105285,Undirected,mild
AZATHIOPRINE,FOLIC ACID,2.8240257010509615,2.1212930635891727,3.759556516298921,247,74.49392712550608,2.8240257010509615,Undirected,mild
CLONAZEPAM,TRAZODONE,2.8236895966965183,2.2782619899137004,3.4996953703266445,439,74.4874715261959,2.8236895966965183,Undirected,mild
FERRUM,FUROSEMIDE,2.823564230533884,2.1721937526515105,3.67025959549818,294,74.48979591836735,2.823564230533884,Undirected,mild
ACETAMINOPHEN,SIMVASTATIN,2.823486685618555,2.323755572695633,3.4306865823316275,533,74.48405253283302,2.823486685618555,Undirected,mild
BACLOFEN,LT4,2.823246096821296,2.047659305427312,3.892599956491946,196,74.48979591836735,2.823246096821296,Undirected,mild
APIXABAN,METFORMIN,2.8222500427087938,2.272652102075398,3.50475785374102,431,74.47795823665894,2.8222500427087938,Undirected,mild
COSENTYX,SULFASALAZINE,2.8222500427087938,2.272652102075398,3.50475785374102,431,74.47795823665894,2.8222500427087938,Undirected,mild
OMEPRAZOLE,SILDENAFIL CITRATE,2.822035243074291,1.9426902219438331,4.099409583265832,145,74.48275862068967,2.822035243074291,Undirected,mild
SILDENAFIL CITRATE,VITAMINS,2.822035243074291,1.9426902219438331,4.099409583265832,145,74.48275862068967,2.822035243074291,Undirected,mild
HUMIRA,INFLIXIMAB,2.8206058389332873,2.236919519897166,3.5565952319063716,376,74.46808510638297,2.8206058389332873,Undirected,mild
ALDACTONE,ASPIRIN,2.8198445014759694,1.931139314115221,4.117529457551001,141,74.46808510638297,2.8198445014759694,Undirected,mild
METOCLOPRAMIDE,RITUXIMAB,2.8198445014759694,1.931139314115221,4.117529457551001,141,74.46808510638297,2.8198445014759694,Undirected,mild
ALPRAZOLAM,OXYCODONE HYDROCHLORIDE,2.8198445014759694,1.931139314115221,4.117529457551001,141,74.46808510638297,2.8198445014759694,Undirected,mild
ALLOPURINOL,TRAMADOL HYDROCHLORIDE,2.8198445014759694,1.931139314115221,4.117529457551001,141,74.46808510638297,2.8198445014759694,Undirected,mild
BISOPROLOL,TORSEMIDE,2.8194693749480706,2.197223996980215,3.617932248689911,325,74.46153846153845,2.8194693749480706,Undirected,mild
METHOTREXATE,VOLTARENE,2.8187700274056837,2.0970992667393857,3.7887879669875697,231,74.45887445887446,2.8187700274056837,Undirected,mild
LORAZEPAM,ZOPICLONE,2.817429194594143,2.1888780156242715,3.626473110831395,317,74.44794952681389,2.817429194594143,Undirected,mild
ELIQUIS,PANTOPRAZOLE SODIUM,2.8173400974407357,2.279411726261559,3.482216544382456,450,74.44444444444444,2.8173400974407357,Undirected,mild
POTASSIUM CHLORIDE,TYVASO DPI,2.816467155056321,2.014800276229985,3.9371084712942386,180,74.44444444444444,2.816467155056321,Undirected,mild
AMOXICILLIN,CEFTRIAXONE,2.815078821572788,1.9066752422258268,4.156276116753102,133,74.43609022556392,2.815078821572788,Undirected,mild
DIAZEPAM,PAROXETINE,2.815078821572788,1.9066752422258268,4.156276116753102,133,74.43609022556392,2.815078821572788,Undirected,mild
HYDROXYCHLOROQUINE SULFATE,NAPROXEN,2.814585630136608,2.0059591687894227,3.949179221904239,176,74.43181818181817,2.814585630136608,Undirected,mild
RAMIPRIL,TORSEMIDE,2.814221676850646,2.13207396677318,3.714619553486914,262,74.42748091603053,2.814221676850646,Undirected,mild
POTASSIUM CHLORIDE,TRAMADOL,2.8124805985835257,1.8936997742314736,4.1770333529341555,129,74.4186046511628,2.8124805985835257,Undirected,mild
CLONIDINE,TRAZODONE,2.8124805985835257,1.8936997742314736,4.1770333529341555,129,74.4186046511628,2.8124805985835257,Undirected,mild
LEVOTHYROXINE SODIUM,ONDANSETRON,2.8105619437201543,1.98743118797484,3.9746072655412177,168,74.40476190476191,2.8105619437201543,Undirected,mild
CHOLECALCIFEROL,SENNOSIDES,2.8105619437201543,1.98743118797484,3.9746072655412177,168,74.40476190476191,2.8105619437201543,Undirected,mild
FUROSEMIDE,LERCANIDIPINO,2.8097208382915886,1.880181968848167,4.198812306431339,125,74.4,2.8097208382915886,Undirected,mild
ACETAMINOPHEN,DOXORUBICIN HYDROCHLORIDE,2.8097208382915886,1.880181968848167,4.198812306431339,125,74.4,2.8097208382915886,Undirected,mild
MESNA,METHOTREXATE,2.8084073709299235,1.9777132475522632,3.988015942581737,164,74.39024390243902,2.8084073709299235,Undirected,mild
METHOTREXATE,PREGABALIN,2.808299733067535,2.247220990707627,3.509466769560475,406,74.38423645320196,2.808299733067535,Undirected,mild
OXYGEN,TREPROSTINIL,2.808165513176797,2.152255196196943,3.663967713182795,285,74.3859649122807,2.808165513176797,Undirected,mild
CITALOPRAM,LORAZEPAM,2.8076471762614923,2.048626650754827,3.847886418672061,203,74.38423645320196,2.8076471762614923,Undirected,mild
DEXAMETHASONE,PANTOPRAZOLE,2.80724876544416,2.3931898344767135,3.2929463085451025,792,74.36868686868688,2.80724876544416,Undirected,mild
LOPERAMIDE,PREGABALIN,2.806783908035877,1.8660822843057772,4.22169803157418,121,74.3801652892562,2.806783908035877,Undirected,mild
CALCIUM,OXYCODONE,2.806783908035877,1.8660822843057772,4.22169803157418,121,74.3801652892562,2.806783908035877,Undirected,mild
METOPROLOL SUCCINATE,OXYGEN,2.806405904501416,2.263935669482706,3.47885949542904,437,74.37070938215103,2.806405904501416,Undirected,mild
ONDANSETRON,PERPRAZOLE,2.806148361841113,1.9676699054092472,4.001925631436532,160,74.375,2.806148361841113,Undirected,mild
ADALIMUMAB,CELEBREX,2.806148361841113,1.9676699054092472,4.001925631436532,160,74.375,2.806148361841113,Undirected,mild
MIRTAZAPINE,POLYETHYLENE GLYCOL,2.806148361841113,1.9676699054092472,4.001925631436532,160,74.375,2.806148361841113,Undirected,mild
SILDENAFILO,SPIRONOLACTONE,2.8058110843246578,2.0409483847925443,3.857312560954026,199,74.37185929648241,2.8058110843246578,Undirected,mild
ALBUTEROL SULFATE,TADALAFIL,2.805625394496966,2.09718165631782,3.753386756236892,238,74.36974789915966,2.805625394496966,Undirected,mild
FUROSEMIDE,TACROLIMUS,2.8042772286694313,2.174906870542085,3.615773567938497,312,74.35897435897436,2.8042772286694313,Undirected,mild
GLICLAZIDE,SITAGLIPTIN,2.803902093958063,2.033055240250551,3.8670208250384417,195,74.35897435897436,2.803902093958063,Undirected,mild
GABAPENTIN,MUCINEX,2.803652090800478,1.8513569819822744,4.245785725146091,117,74.35897435897436,2.803652090800478,Undirected,mild
ALIMTA,CARBOPLATIN,2.803537381947614,2.230868744074621,3.523211248018981,386,74.35233160621762,2.803537381947614,Undirected,mild
BISOPROLOL FUMARATE,ELIQUIS,2.8014969409509862,2.2239813939976094,3.5289796629324544,378,74.33862433862434,2.8014969409509862,Undirected,mild
ETOPOSIDE,FILGRASTIM,2.8012818746370893,2.1262758525743757,3.690574829069971,265,74.33962264150942,2.8012818746370893,Undirected,mild
AMLODIPINE,QUETIAPINE,2.800445264943698,2.220458419786613,3.531925485323542,374,74.33155080213903,2.800445264943698,Undirected,mild
KETAMINE,LEVETIRACETAM,2.8003052258431467,1.83595753205762,4.271182323643384,113,74.33628318584071,2.8003052258431467,Undirected,mild
FARXIGA,OXYGEN,2.8003052258431467,1.83595753205762,4.271182323643384,113,74.33628318584071,2.8003052258431467,Undirected,mild
MESALAMINE,PREGABALIN,2.8003052258431467,1.83595753205762,4.271182323643384,113,74.33628318584071,2.8003052258431467,Undirected,mild
KETAMINE,PROPOFOL,2.7999813751068285,2.242759332983401,3.495647341935797,409,74.32762836185819,2.7999813751068285,Undirected,mild
ELIQUIS,PROTONIX,2.7988986943174217,2.0710704660873445,3.782504762308453,222,74.32432432432432,2.7988986943174217,Undirected,mild
CLOPIDOGREL,PANTOPRAZOLE,2.797277228634679,2.3202948768380693,3.372312705573495,576,74.30555555555556,2.797277228634679,Undirected,mild
CALCIUM,CIMZIA,2.7967202723156044,1.819829912472555,4.298008417145976,109,74.31192660550458,2.7967202723156044,Undirected,mild
DEXTROSE,FUROSEMIDE,2.7967202723156044,1.819829912472555,4.298008417145976,109,74.31192660550458,2.7967202723156044,Undirected,mild
BOTULINUM TOXIN TYPE A,OXYCODONE,2.7967202723156044,1.819829912472555,4.298008417145976,109,74.31192660550458,2.7967202723156044,Undirected,mild
PERPRAZOLE,ROSUVASTATIN,2.7961546074580794,2.178477074621991,3.5889662002367912,323,74.30340557275542,2.7961546074580794,Undirected,mild
FENTANYL,LEVETIRACETAM,2.7958986060233433,1.9238416483935552,4.063249707526948,144,74.30555555555556,2.7958986060233433,Undirected,mild
OLANZAPINE,PROPRANOLOL,2.7958986060233433,1.9238416483935552,4.063249707526948,144,74.30555555555556,2.7958986060233433,Undirected,mild
ASCORBIC ACID,NAPROXEN,2.7954420630307713,1.9991166490621104,3.908974662097841,179,74.30167597765363,2.7954420630307713,Undirected,mild
ELIQUIS,SPIRONOLACTONE,2.794989547158728,2.3777617189836366,3.2854286896610225,770,74.28571428571429,2.794989547158728,Undirected,mild
CITALOPRAM,QUETIAPINE,2.794862744755092,2.174137779475981,3.5928071513032926,319,74.29467084639498,2.794862744755092,Undirected,mild
AMLODIPINE,LANTUS,2.793204986140022,2.049709477069657,3.8063902137738608,210,74.28571428571429,2.793204986140022,Undirected,mild
NOVOLOG,TRULICITY,2.7929821654775835,1.9118549649848589,4.080199345423481,140,74.28571428571429,2.7929821654775835,Undirected,mild
LANTUS,METOPROLOL,2.792870775910567,1.8029137777145243,4.3264005563389585,105,74.28571428571429,2.792870775910567,Undirected,mild
ATIVAN,FOLIC ACID,2.792870775910567,1.8029137777145243,4.3264005563389585,105,74.28571428571429,2.792870775910567,Undirected,mild
CARBIDOPA / LEVODOPA,MYRBETRIQ,2.792870775910567,1.8029137777145243,4.3264005563389585,105,74.28571428571429,2.792870775910567,Undirected,mild
ACETAMINOPHEN,LENALIDOMIDE,2.7919015111265995,2.131417606069962,3.657056236015315,276,74.27536231884058,2.7919015111265995,Undirected,mild
FUROSEMIDE,LT4,2.7911247357182676,2.438550258795296,3.1946757144907103,1103,74.2520398912058,2.7911247357182676,Undirected,mild
ALBUTEROL SULFATE,MUCINEX,2.790638944528205,1.9805531194023271,3.93206606903206,171,74.26900584795322,2.790638944528205,Undirected,mild
ASCORBIC ACID,TRAMADOL HYDROCHLORIDE,2.790638944528205,1.9805531194023271,3.93206606903206,171,74.26900584795322,2.790638944528205,Undirected,mild
LT4,RITUXIMAB,2.790638944528205,1.9805531194023271,3.93206606903206,171,74.26900584795322,2.790638944528205,Undirected,mild
LINEZOLID,SULFAMETHOXAZOLE / TRIMETHOPRIM,2.78989984986697,1.8994026116898568,4.097889054371097,136,74.26470588235294,2.78989984986697,Undirected,mild
FUROSEMIDE,WINREVAIR,2.78989984986697,1.8994026116898568,4.097889054371097,136,74.26470588235294,2.78989984986697,Undirected,mild
LANSOPRAZOLE,OXAZEPAM,2.78989984986697,1.8994026116898568,4.097889054371097,136,74.26470588235294,2.78989984986697,Undirected,mild
JARDIANCE,XARELTO,2.78989984986697,1.8994026116898568,4.097889054371097,136,74.26470588235294,2.78989984986697,Undirected,mild
FUROSEMIDE,OPSUMIT,2.7896883828935266,2.2319036008906754,3.4868715972076165,404,74.25742574257426,2.7896883828935266,Undirected,mild
HYDROMORPHONE,PROCHLORPERAZINE,2.788726212427325,1.7851414677678052,4.356514051294681,101,74.25742574257426,2.788726212427325,Undirected,mild
HUMIRA,HYDROXYCHLOROQUINE,2.787981212614794,2.204859843344587,3.5253212422347517,365,74.24657534246575,2.787981212614794,Undirected,mild
ATORVASTATIN CALCIUM,POTASSIUM CHLORIDE,2.787474189566812,2.2252349485758693,3.491771672233485,396,74.24242424242425,2.787474189566812,Undirected,mild
CANDESARTAN,RAMIPRIL,2.784558183551882,2.0184519198427977,3.841441156641293,194,74.22680412371135,2.784558183551882,Undirected,mild
FUROSEMIDE,VALSARTAN,2.7842112348895354,2.193359544932649,3.5342277641594535,353,74.22096317280453,2.7842112348895354,Undirected,mild
ACTEMRA,ENBREL,2.7838113598237086,2.234090335254581,3.468796925886364,415,74.21686746987952,2.7838113598237086,Undirected,mild
APIXABAN,ENTRESTO,2.782560633771339,1.9503788601479732,3.969815218375844,159,74.21383647798741,2.782560633771339,Undirected,mild
LIDOCAINE HYDROCHLORIDE,REMODULIN,2.782560633771339,1.9503788601479732,3.969815218375844,159,74.21383647798741,2.782560633771339,Undirected,mild
LITHIUM,SERTRALINE,2.782560633771339,1.9503788601479732,3.969815218375844,159,74.21383647798741,2.782560633771339,Undirected,mild
LEVOTHYROXINE SODIUM,METOPROLOL,2.7821772921324937,2.010078394810885,3.850850048853915,190,74.21052631578947,2.7821772921324937,Undirected,mild
FENTANYL,HYDROMORPHONE,2.7815944698497113,2.1601416081901452,3.581833600798558,314,74.20382165605095,2.7815944698497113,Undirected,mild
ALPRAZOLAM,DIAZEPAM,2.78018700368605,2.181281879273464,3.543530915884799,341,74.19354838709677,2.78018700368605,Undirected,mild
CETIRIZINE,FLUTICASONA,2.779599949339502,1.9396278057334673,3.983329098257859,155,74.19354838709677,2.779599949339502,Undirected,mild
ATORVASTATIN,PACLITAXEL,2.779599949339502,1.9396278057334673,3.983329098257859,155,74.19354838709677,2.779599949339502,Undirected,mild
FOLIC ACID,HYDROXYCHLOROQUINE SULFATE,2.778260702328834,2.293601932854957,3.3653322398873415,546,74.17582417582418,2.778260702328834,Undirected,mild
HYDROXYCHLOROQUINE SULFATE,XELJANZ,2.777961885429274,2.0854317134491365,3.700467479769139,244,74.18032786885246,2.777961885429274,Undirected,mild
ROSUVASTATIN CALCIUM,SPIRONOLACTONE,2.777585075256604,2.043562231832309,3.775260048415942,213,74.17840375586854,2.777585075256604,Undirected,mild
MEROPENEM,RITUXIMAB,2.777585075256604,2.043562231832309,3.775260048415942,213,74.17840375586854,2.777585075256604,Undirected,mild
FOLIC ACID,RAMIPRIL,2.776488367571652,2.3397844125913796,3.294699979098876,685,74.16058394160584,2.776488367571652,Undirected,mild
HYDROCORTISONE,REMICADE,2.77648813380697,1.9284959229481615,3.997356834120788,151,74.17218543046357,2.77648813380697,Undirected,mild
LAMOTRIGINE,QUETIAPINE,2.7764579291830676,2.28893103615141,3.3678247665709073,538,74.1635687732342,2.7764579291830676,Undirected,mild
AMPHOTERICIN B,METHOTREXATE,2.775590787885216,1.844260657740853,4.177231775485714,120,74.16666666666667,2.775590787885216,Undirected,mild
ASPIRIN,HEPARIN SODIUM,2.775590787885216,1.844260657740853,4.177231775485714,120,74.16666666666667,2.775590787885216,Undirected,mild
ACETAMINOPHEN,PRAVASTATIN SODIUM,2.775590787885216,1.844260657740853,4.177231775485714,120,74.16666666666667,2.775590787885216,Undirected,mild
PANTOPRAZOLE,SODIUM CHLORIDE,2.7746969821199263,2.1096138933244735,3.649456124150238,267,74.15730337078652,2.7746969821199263,Undirected,mild
DIGOXIN,FUROSEMIDE,2.774652398238241,2.257845250519376,3.4097535822166196,472,74.15254237288136,2.774652398238241,Undirected,mild
ATORVASTATIN,JANUVIA,2.7744170714943635,1.9834339319663663,3.8808401744787178,178,74.15730337078652,2.7744170714943635,Undirected,mild
ADALIMUMAB,APREMILAST,2.7744170714943635,1.9834339319663663,3.8808401744787178,178,74.15730337078652,2.7744170714943635,Undirected,mild
ELIQUIS,LASIX,2.772512311423423,2.252203543002205,3.413023898696054,464,74.13793103448276,2.772512311423423,Undirected,mild
AMLODIPINE,INSULIN,2.7721479186636993,2.1806803791530953,3.5240396329589596,348,74.13793103448276,2.7721479186636993,Undirected,mild
LASIX,PANTOPRAZOLE SODIUM,2.7717836756967764,2.065941192835096,3.718781914753357,232,74.13793103448276,2.7717836756967764,Undirected,mild
AMOXICILLIN,CLAVULANIC ACID,2.7714195824303087,1.8289417470808809,4.199568692735692,116,74.13793103448276,2.7714195824303087,Undirected,mild
LASIX,METFORMIN HYDROCHLORIDE,2.769762093884336,1.9049945890155249,4.027088633717909,143,74.12587412587412,2.769762093884336,Undirected,mild
POTASSIUM CHLORIDE,ZOFRAN,2.769762093884336,1.9049945890155249,4.027088633717909,143,74.12587412587412,2.769762093884336,Undirected,mild
IBUPROFEN,VENLAFAXINE,2.768658793227391,1.9642661288571763,3.90246077183807,170,74.11764705882354,2.768658793227391,Undirected,mild
BUDESONIDE,FUROSEMIDE,2.768658793227391,1.9642661288571763,3.90246077183807,170,74.11764705882354,2.768658793227391,Undirected,mild
LASIX,PREDNISONE,2.76849854298812,2.2096479487802396,3.4686901987071352,394,74.11167512690355,2.76849854298812,Undirected,mild
CEFTRIAXONE,PIPERACILLIN SODIUM\TAZOBACTAM SODIUM,2.767881488762372,2.0122350408815968,3.807292776532163,197,74.11167512690355,2.767881488762372,Undirected,mild
AMPHOTERICIN B,PREDNISONE,2.767881488762372,2.0122350408815968,3.807292776532163,197,74.11167512690355,2.767881488762372,Undirected,mild
ACETAMINOPHEN,URSADIOL 300 MG ORAL CAPSULE [URSODIOL],2.767881488762372,2.0122350408815968,3.807292776532163,197,74.11167512690355,2.767881488762372,Undirected,mild
PREDNISOLONE,TAFASITAMAB,2.766961647299379,1.8129139845750768,4.223077775761204,112,74.10714285714286,2.766961647299379,Undirected,mild
GABAPENTIN,URSADIOL 300 MG ORAL CAPSULE [URSODIOL],2.766961647299379,1.8129139845750768,4.223077775761204,112,74.10714285714286,2.766961647299379,Undirected,mild
METOLAZONE,TORSEMIDE,2.766961647299379,1.8129139845750768,4.223077775761204,112,74.10714285714286,2.766961647299379,Undirected,mild
CETIRIZINE,MAGNESIUM,2.766961647299379,1.8129139845750768,4.223077775761204,112,74.10714285714286,2.766961647299379,Undirected,mild
CIMZIA,HYDROXYCHLOROQUINE SULFATE,2.7665547537876827,2.115375161594113,3.61818808534058,278,74.10071942446042,2.7665547537876827,Undirected,mild
IRBESARTAN,METFORMIN,2.7662991313389056,2.141053603058861,3.5741332552877743,305,74.09836065573771,2.7662991313389056,Undirected,mild
PANTOPRAZOLE,PRAMIPEXOLE,2.766119957858471,1.892572235053195,4.042867944244088,139,74.10071942446042,2.766119957858471,Undirected,mild
CYCLOPHOSPHAMIDE,LANSOPRAZOLE,2.766119957858471,1.892572235053195,4.042867944244088,139,74.10071942446042,2.766119957858471,Undirected,mild
CHOLECALCIFEROL,OCREVUS,2.7655797347908897,1.954214888058753,3.9138128136377697,166,74.09638554216868,2.7655797347908897,Undirected,mild
ELIQUIS,TRELEGY ELLIPTA,2.7647787037169818,2.07984281596383,3.6752783536599183,247,74.08906882591093,2.7647787037169818,Undirected,mild
PREDNISONE,TRIAMCINOLONE ACETONIDE,2.76277594961908,2.1311802407720157,3.581551105704977,297,74.07407407407408,2.76277594961908,Undirected,mild
FILGRASTIM,VALACYCLOVIR HYDROCHLORIDE,2.7626074270131373,2.07347881948163,3.680770560123758,243,74.07407407407408,2.7626074270131373,Undirected,mild
METRONIDAZOLE,PANTOPRAZOLE,2.762523177792747,2.0376452684544217,3.745271282489099,216,74.07407407407408,2.762523177792747,Undirected,mild
ATORVASTATIN,OXAZEPAM,2.762354703511354,1.9438288971636843,3.9255530767885,162,74.07407407407408,2.762354703511354,Undirected,mild
CANDESARTAN,CELEBREX,2.7621862614347807,1.796120143851764,4.247863356455255,108,74.07407407407408,2.7621862614347807,Undirected,mild
CEFTRIAXONE,SODIUM CHLORIDE,2.7621862614347807,1.796120143851764,4.247863356455255,108,74.07407407407408,2.7621862614347807,Undirected,mild
ELIQUIS,MORPHINE SULFATE,2.7621862614347807,1.796120143851764,4.247863356455255,108,74.07407407407408,2.7621862614347807,Undirected,mild
CALCIUM CARBONATE,SERTRALINE,2.7621862614347807,1.796120143851764,4.247863356455255,108,74.07407407407408,2.7621862614347807,Undirected,mild
ACETAMINOPHEN,FEBUXOSTAT,2.7621862614347807,1.796120143851764,4.247863356455255,108,74.07407407407408,2.7621862614347807,Undirected,mild
METHADONE,PREGABALIN,2.760676762648815,2.098577241545206,3.631668178302299,266,74.06015037593986,2.760676762648815,Undirected,mild
PANTOPRAZOLE,VALACYCLOVIR HYDROCHLORIDE,2.7604045095068424,2.2054176728181374,3.455052142739429,397,74.05541561712846,2.7604045095068424,Undirected,mild
GABAPENTIN,LIDOCAINE HYDROCHLORIDE,2.759998826783235,2.030111355160966,3.7523032933535023,212,74.05660377358491,2.759998826783235,Undirected,mild
CALCIUM,HYDROCORTISONE,2.758973018434751,1.933089018683649,3.937703873375869,158,74.0506329113924,2.758973018434751,Undirected,mild
LEVOTHYROXINE SODIUM,SERTRALINE HYDROCHLORIDE,2.7581953606312895,1.866233052996456,4.076469246535425,131,74.04580152671755,2.7581953606312895,Undirected,mild
CEFTRIAXONE,LEVETIRACETAM,2.7581953606312895,1.866233052996456,4.076469246535425,131,74.04580152671755,2.7581953606312895,Undirected,mild
PREDNISOLONE,TORSEMIDE,2.7581953606312895,1.866233052996456,4.076469246535425,131,74.04580152671755,2.7581953606312895,Undirected,mild
ACTEMRA,LYRICA,2.757058152511069,1.778496262678915,4.274043086757996,104,74.03846153846155,2.757058152511069,Undirected,mild
DICLOFENAC DIETHYLAMMONIUM,SIMPONI,2.757058152511069,1.778496262678915,4.274043086757996,104,74.03846153846155,2.757058152511069,Undirected,mild
ACETAMINOPHEN,DECADRON,2.757058152511069,1.778496262678915,4.274043086757996,104,74.03846153846155,2.757058152511069,Undirected,mild
PREGABALIN,VITAMIN D2,2.757058152511069,1.778496262678915,4.274043086757996,104,74.03846153846155,2.757058152511069,Undirected,mild
AMLODIPINE,LASIX,2.756535508626989,1.9771854048228847,3.843083198867798,181,74.03314917127072,2.756535508626989,Undirected,mild
ALLOPURINOL,VENETOCLAX,2.756140539610138,2.1945674231661503,3.4614159464388212,385,74.02597402597402,2.756140539610138,Undirected,mild
MAGNESIUM,OXYCODONE,2.7554229305116458,1.921974542233417,3.950289329621788,154,74.02597402597402,2.7554229305116458,Undirected,mild
HYDROCHLOROTHIAZIDE,LANSOPRAZOLE,2.7554229305116458,1.921974542233417,3.950289329621788,154,74.02597402597402,2.7554229305116458,Undirected,mild
FOLIC ACID,LEVOTHYROXINE SODIUM,2.7552993230894978,2.2082717607035147,3.437835186281093,408,74.01960784313727,2.7552993230894978,Undirected,mild
POTASSIUM CHLORIDE,SPIRONOLACTONE,2.755040456249105,2.328954583546349,3.2590794037775717,708,74.01129943502825,2.755040456249105,Undirected,mild
ALBUTEROL,DILTIAZEM,2.7538740918080595,1.8522469163480424,4.0943906811756,127,74.01574803149606,2.7538740918080595,Undirected,mild
ONDANSETRON,SIMVASTATIN,2.753392180446378,1.967752141502778,3.852704992384611,177,74.01129943502825,2.753392180446378,Undirected,mild
CETIRIZINE,DEXAMETHASONE,2.753392180446378,1.967752141502778,3.852704992384611,177,74.01129943502825,2.753392180446378,Undirected,mild
FUROSEMIDE,TRAMADOL,2.7531153080099244,2.150225085751887,3.525046726235241,327,74.00611620795107,2.7531153080099244,Undirected,mild
LORAZEPAM,PANTOPRAZOLE,2.7527763007095505,2.254052291968492,3.3618463017689746,500,74.0,2.7527763007095505,Undirected,mild
LEVOTHYROXINE SODIUM,OXYGEN,2.7524662164709404,2.201270612705174,3.4416805589856625,400,74.0,2.7524662164709404,Undirected,mild
ENBREL,RITUXIMAB,2.751860959345049,2.214408723467225,3.4197565514059156,423,73.99527186761229,2.751860959345049,Undirected,mild
OLANZAPINE,PROCHLORPERAZINE,2.751846377019939,2.006271174318351,3.7744939864824825,200,74.0,2.751846377019939,Undirected,mild
ALBUTEROL,POLYETHYLENE GLYCOL,2.751846377019939,2.006271174318351,3.7744939864824825,200,74.0,2.751846377019939,Undirected,mild
LIDOCAINE,MORPHINE,2.7516914856618926,1.9104630139372976,3.963335577305589,150,74.0,2.7516914856618926,Undirected,mild
CLONAZEPAM,RIVASTIGMINE,2.751536621691193,1.7599705827748875,4.301750185262136,100,74.0,2.751536621691193,Undirected,mild
MORPHINE,PANTOPRAZOLE SODIUM,2.751536621691193,1.7599705827748875,4.301750185262136,100,74.0,2.751536621691193,Undirected,mild
ACETAMINOPHEN,BISOPROLOL FUMARATE,2.7502113034395617,2.1211622581347327,3.565810293182343,296,73.98648648648648,2.7502113034395617,Undirected,mild
CYANOCOBALAMIN,PEMETREXED,2.7496640515768216,2.068053748087733,3.6559264494575983,246,73.98373983739837,2.7496640515768216,Undirected,mild
LORAZEPAM,VENLAFAXINE HYDROCHLORIDE,2.749283595303181,1.8376643867564573,4.113134227270035,123,73.98373983739837,2.749283595303181,Undirected,mild
OLANZAPINE,VENLAFAXINE,2.7482155412553126,2.1159653143576227,3.5693820734911808,292,73.97260273972603,2.7482155412553126,Undirected,mild
METFORMIN,ZOPICLONE,2.7477643662179614,1.8985300426265683,3.976870970033043,146,73.97260273972603,2.7477643662179614,Undirected,mild
AMLODIPINE,LENALIDOMIDE,2.7477643662179614,1.8985300426265683,3.976870970033043,146,73.97260273972603,2.7477643662179614,Undirected,mild
CEFTRIAXONE,SULFAMETHOXAZOLE / TRIMETHOPRIM,2.7477643662179614,1.8985300426265683,3.976870970033043,146,73.97260273972603,2.7477643662179614,Undirected,mild
ELIQUIS,LEVOTHYROXINE SODIUM,2.747631689952076,2.204233429000206,3.424991112240408,411,73.96593673965937,2.747631689952076,Undirected,mild
BACTRIM,PREDNISONE,2.746879280208707,2.2885958187553226,3.29693243263178,599,73.95659432387312,2.746879280208707,Undirected,mild
AMPHOTERICIN B,TACROLIMUS,2.7466566101974026,2.0875409602065784,3.6138800043447,265,73.9622641509434,2.7466566101974026,Undirected,mild
CERTOLIZUMAB PEGOL,INFLIXIMAB,2.745870640108019,1.989247562717781,3.790280160959991,192,73.95833333333334,2.745870640108019,Undirected,mild
CHOLECALCIFEROL,NEBIVOLOL,2.7443978168059755,1.822441372255262,4.132763605760848,119,73.94957983193278,2.7443978168059755,Undirected,mild
HUMALOG,LOSARTAN,2.7443978168059755,1.822441372255262,4.132763605760848,119,73.94957983193278,2.7443978168059755,Undirected,mild
LACTULOSE,POLYETHYLENE GLYCOL,2.7443978168059755,1.822441372255262,4.132763605760848,119,73.94957983193278,2.7443978168059755,Undirected,mild
DEXAMETHASONE,FILGRASTIM,2.7442177766523956,2.2342977597385127,3.3705136984859014,472,73.9406779661017,2.7442177766523956,Undirected,mild
CYTARABINE,VENCLEXTA,2.7436257066563745,1.8861490789973483,3.9909263281708354,142,73.94366197183099,2.7436257066563745,Undirected,mild
ALPRAZOLAM,ASPIRIN,2.743160786097897,2.1936127446709297,3.4303826492009506,399,73.93483709273183,2.743160786097897,Undirected,mild
ALBUTEROL,LEVOTHYROXINE SODIUM,2.7430887915662976,1.937608366831545,3.883414340701406,165,73.93939393939394,2.7430887915662976,Undirected,mild
AMLODIPINE,ZOLPIDEM,2.7430887915662976,1.937608366831545,3.883414340701406,165,73.93939393939394,2.7430887915662976,Undirected,mild
ACETAMINOPHEN,PACLITAXEL,2.742412662367924,2.0166610989566154,3.729346103124153,211,73.93364928909952,2.742412662367924,Undirected,mild
PANTOPRAZOLE SODIUM,VITAMIN D2,2.7420293780109364,2.0754448503426928,3.622705324419276,257,73.92996108949417,2.7420293780109364,Undirected,mild
DEXAMETHASONE,VALACYCLOVIR HYDROCHLORIDE,2.741597759200665,2.2037244061285923,3.410752384622595,418,73.92344497607655,2.741597759200665,Undirected,mild
CHOLECALCIFEROL,RAMIPRIL,2.7403890680905025,2.247059049700906,3.3420271022737533,506,73.91304347826086,2.7403890680905025,Undirected,mild
FOLIC ACID,XELJANZ,2.7400354133496534,2.1862686304502916,3.4340675074608167,391,73.91304347826086,2.7400354133496534,Undirected,mild
ADEMPAS,POTASSIUM CHLORIDE,2.7394698646222184,2.0087119806991156,3.7360732704752064,207,73.91304347826086,2.7394698646222184,Undirected,mild
CALCIUM CARBONATE,MYCOPHENOLATE MOFETIL,2.739328534878015,1.926888447434044,3.8943203131398647,161,73.91304347826086,2.739328534878015,Undirected,mild
AMLODIPINE,OXALIPLATIN,2.739257878617712,1.873291163149311,4.005535216935809,138,73.91304347826086,2.739257878617712,Undirected,mild
ONDANSETRON,QUETIAPINE,2.739257878617712,1.873291163149311,4.005535216935809,138,73.91304347826086,2.739257878617712,Undirected,mild
LORAZEPAM,SERTRALINE HYDROCHLORIDE,2.739257878617712,1.873291163149311,4.005535216935809,138,73.91304347826086,2.739257878617712,Undirected,mild
FLUTICASONA,FUROSEMIDE,2.739257878617712,1.873291163149311,4.005535216935809,138,73.91304347826086,2.739257878617712,Undirected,mild
CALCIUM CARBONATE,FERROUS SULFATE,2.7391872280976752,1.8065290518664865,4.153349575430994,115,73.91304347826086,2.7391872280976752,Undirected,mild
LEUCOVORIN CALCIUM,PANTOPRAZOLE,2.7391872280976752,1.8065290518664865,4.153349575430994,115,73.91304347826086,2.7391872280976752,Undirected,mild
FERROUS SULFATE,SIMVASTATIN,2.7391872280976752,1.8065290518664865,4.153349575430994,115,73.91304347826086,2.7391872280976752,Undirected,mild
ACETAMINOPHEN,OXYGEN,2.739015888272805,2.2336330473039916,3.358746883363887,479,73.90396659707724,2.739015888272805,Undirected,mild
FENOFIBRATE,PANTOPRAZOLE,2.73538551583054,1.915800406093645,3.9055915722829058,157,73.88535031847134,2.73538551583054,Undirected,mild
METFORMIN,POTASSIUM,2.7346412390729076,1.8599246350060876,4.02073426293089,134,73.88059701492537,2.7346412390729076,Undirected,mild
DIPYRONE,PREGABALIN,2.7339579720802254,2.026455616420722,3.6884726872543543,222,73.87387387387388,2.7339579720802254,Undirected,mild
PREDNISOLONE,REMICADE,2.733618228101753,1.7898732004424625,4.174970950547166,111,73.87387387387388,2.733618228101753,Undirected,mild
ONDANSETRON,POTASSIUM,2.733618228101753,1.7898732004424625,4.174970950547166,111,73.87387387387388,2.733618228101753,Undirected,mild
HYDROCHLOROTHIAZIDE,INSULIN,2.733618228101753,1.7898732004424625,4.174970950547166,111,73.87387387387388,2.733618228101753,Undirected,mild
DIGOXIN,OMEPRAZOLE,2.732367389886094,1.9520712946747003,3.824569099335624,176,73.86363636363636,2.732367389886094,Undirected,mild
FLUOXETINE,RISPERIDONE,2.732367389886094,1.9520712946747003,3.824569099335624,176,73.86363636363636,2.732367389886094,Undirected,mild
DIAZEPAM,VENLAFAXINE,2.7318987303643465,2.049574399597613,3.641375826333296,241,73.85892116182573,2.7318987303643465,Undirected,mild
ACETAMINOPHEN,CANDESARTAN,2.7316868073019265,2.206189598997066,3.382353364633606,436,73.85321100917432,2.7316868073019265,Undirected,mild
OPSUMIT,TYVASO,2.7312460272322774,1.904322584984126,3.9172485376653143,153,73.8562091503268,2.7312460272322774,Undirected,mild
FUROSEMIDE,METRONIDAZOLE,2.729753834048297,1.8460148009835144,4.036563515379919,130,73.84615384615385,2.729753834048297,Undirected,mild
APIXABAN,METFORMIN HYDROCHLORIDE,2.729753834048297,1.8460148009835144,4.036563515379919,130,73.84615384615385,2.729753834048297,Undirected,mild
APIXABAN,VITAMIN D3,2.729753834048297,1.8460148009835144,4.036563515379919,130,73.84615384615385,2.729753834048297,Undirected,mild
MYCOPHENOLATE MOFETIL,VORICONAZOLE,2.7279785988611143,2.011161482285718,3.700283294699162,214,73.83177570093457,2.7279785988611143,Undirected,mild
METFORMIN,MORPHINE,2.727652415587891,1.7724133915407434,4.197715801388104,107,73.83177570093457,2.727652415587891,Undirected,mild
ALLOPURINOL,FLUTICASONA,2.727652415587891,1.7724133915407434,4.197715801388104,107,73.83177570093457,2.727652415587891,Undirected,mild
LIPITOR,SODIUM CHLORIDE,2.727652415587891,1.7724133915407434,4.197715801388104,107,73.83177570093457,2.727652415587891,Undirected,mild
CIPROFLOXACIN,LANSOPRAZOLE,2.727652415587891,1.7724133915407434,4.197715801388104,107,73.83177570093457,2.727652415587891,Undirected,mild
ALLOPURINOL,SITAGLIPTIN,2.727652415587891,1.7724133915407434,4.197715801388104,107,73.83177570093457,2.727652415587891,Undirected,mild
HEPARIN,PANTOPRAZOLE,2.727652415587891,1.7724133915407434,4.197715801388104,107,73.83177570093457,2.727652415587891,Undirected,mild
CETIRIZINE,LORAZEPAM,2.7268949560258284,1.892431495815063,3.929313223566101,149,73.8255033557047,2.7268949560258284,Undirected,mild
JANUVIA,METFORMIN HYDROCHLORIDE,2.7268949560258284,1.892431495815063,3.929313223566101,149,73.8255033557047,2.7268949560258284,Undirected,mild
ACETAMINOPHEN,CAFFEINE,2.7263378601094725,2.0357111753956803,3.651263606204631,233,73.8197424892704,2.7263378601094725,Undirected,mild
LEVOFLOXACIN,ONDANSETRON,2.726245572913347,2.0834847448095735,3.5672999009690054,275,73.81818181818181,2.726245572913347,Undirected,mild
ALLOPURINOL,JARDIANCE,2.725082191274796,2.1011271734256187,3.534328165912862,294,73.80952380952381,2.725082191274796,Undirected,mild
ELIQUIS,SILDENAFIL CITRATE,2.724698805781243,1.9316952665589169,3.8432477993543297,168,73.80952380952381,2.724698805781243,Undirected,mild
FUROSEMIDE,METFORMIN HYDROCHLORIDE,2.722042624885092,2.244508082672612,3.3011759275415757,534,73.78277153558052,2.722042624885092,Undirected,mild
CHOLECALCIFEROL,FLUTICASONA,2.7212457002546153,1.754082051365849,4.221682877028501,103,73.7864077669903,2.7212457002546153,Undirected,mild
FUROSEMIDE,LOVENOX,2.7212457002546153,1.754082051365849,4.221682877028501,103,73.7864077669903,2.7212457002546153,Undirected,mild
ALLOPURINOL,AMOXICILLIN / CLAVULANATE,2.7212457002546153,1.754082051365849,4.221682877028501,103,73.7864077669903,2.7212457002546153,Undirected,mild
ENBREL,KEVZARA,2.7212457002546153,1.754082051365849,4.221682877028501,103,73.7864077669903,2.7212457002546153,Undirected,mild
DEXTROSE,POTASSIUM CHLORIDE,2.7212457002546153,1.754082051365849,4.221682877028501,103,73.7864077669903,2.7212457002546153,Undirected,mild
CLARITIN,OXYGEN,2.7212457002546153,1.754082051365849,4.221682877028501,103,73.7864077669903,2.7212457002546153,Undirected,mild
CYANOCOBALAMIN,RISEDRONATE SODIUM,2.7212457002546153,1.754082051365849,4.221682877028501,103,73.7864077669903,2.7212457002546153,Undirected,mild
LASIX,MELATONINA,2.7212457002546153,1.754082051365849,4.221682877028501,103,73.7864077669903,2.7212457002546153,Undirected,mild
BENSERAZIDE / LEVODOPA,CLOZAPINE,2.7212457002546153,1.754082051365849,4.221682877028501,103,73.7864077669903,2.7212457002546153,Undirected,mild
RITUXIMAB,SULFASALAZINE,2.721236385956102,2.2585416192238648,3.2787208370311807,572,73.77622377622379,2.721236385956102,Undirected,mild
ASPIRIN,FLUOROURACIL,2.720597955834038,1.9210029601860323,3.8530150086658694,164,73.78048780487805,2.720597955834038,Undirected,mild
FAMOTIDINE,PREGABALIN,2.720401830303183,2.0211615377614907,3.661551033923456,225,73.77777777777777,2.720401830303183,Undirected,mild
ALPRAZOLAM,PANTOPRAZOLE,2.719804896764894,2.15462110632352,3.433243392425755,366,73.77049180327869,2.719804896764894,Undirected,mild
METOPROLOL,ONDANSETRON,2.7196199105081247,2.107117092514273,3.510166797995409,305,73.77049180327869,2.7196199105081247,Undirected,mild
ASCORBIC ACID,OXYGEN,2.7196199105081247,2.107117092514273,3.510166797995409,305,73.77049180327869,2.7196199105081247,Undirected,mild
FUROSEMIDE,GLIPIZIDE,2.7190651904314724,1.8164089010813709,4.07029249053704,122,73.77049180327869,2.7190651904314724,Undirected,mild
ALPRAZOLAM,AMITRIPTYLINE,2.7190651904314724,1.8164089010813709,4.07029249053704,122,73.77049180327869,2.7190651904314724,Undirected,mild
ALLOPURINOL,ONDANSETRON,2.718620003460664,2.2865757567032237,3.2322982090357786,663,73.7556561085973,2.718620003460664,Undirected,mild
MYCOPHENOLATE MOFETIL,SULFASALAZINE,2.718167259422216,1.9866596668137104,3.71902312893117,202,73.76237623762376,2.718167259422216,Undirected,mild
ALPRAZOLAM,OXAZEPAM,2.717489444338564,1.86730515470224,3.954762756100829,141,73.75886524822694,2.717489444338564,Undirected,mild
LT4,TACROLIMUS,2.717489444338564,1.86730515470224,3.954762756100829,141,73.75886524822694,2.717489444338564,Undirected,mild
EMPAGLIFLOZIN,SPIRONOLACTONE,2.717281002540238,2.0136113489823178,3.666852618057488,221,73.7556561085973,2.717281002540238,Undirected,mild
MYCOPHENOLIC ACID,SULFAMETHOXAZOLE / TRIMETHOPRIM,2.716302476294256,1.9099491793409056,3.863086632110517,160,73.75,2.716302476294256,Undirected,mild
ALENDRONATE SODIUM,CALCIUM,2.716302476294256,1.9099491793409056,3.863086632110517,160,73.75,2.716302476294256,Undirected,mild
ELIQUIS,FERRUM,2.714051150384068,2.0058671438017712,3.672263973046577,217,73.73271889400922,2.714051150384068,Undirected,mild
NYSTATIN,PREDNISONE,2.7135612189931493,2.0306056063502163,3.626215975271777,236,73.72881355932203,2.7135612189931493,Undirected,mild
GLICLAZIDE,PANTOPRAZOLE,2.7135612189931493,2.0306056063502163,3.626215975271777,236,73.72881355932203,2.7135612189931493,Undirected,mild
ORENCIA,SIMPONI,2.713426420064629,2.1667944520309383,3.397960951120074,392,73.72448979591837,2.713426420064629,Undirected,mild
IBUPROFEN,PERPRAZOLE,2.713204994797086,1.8006244944090255,4.088293459657692,118,73.72881355932203,2.713204994797086,Undirected,mild
GANCICLOVIR,RITUXIMAB,2.7123959277543865,1.8540117894376251,3.968201125155842,137,73.72262773722628,2.7123959277543865,Undirected,mild
CYANOCOBALAMIN,PROCHLORPERAZINE,2.7123959277543865,1.8540117894376251,3.968201125155842,137,73.72262773722628,2.7123959277543865,Undirected,mild
FILGRASTIM,METHOTREXATE,2.7117981259578983,1.8985130482132369,3.8734782902175766,156,73.71794871794873,2.7117981259578983,Undirected,mild
FUROSEMIDE,HYDROMORPHONE,2.711342699812791,1.9363914089438397,3.796432478409805,175,73.71428571428571,2.711342699812791,Undirected,mild
ACETAMINOPHEN,FERROUS SULFATE,2.711179912785451,2.204823572531449,3.333825259792517,464,73.70689655172413,2.711179912785451,Undirected,mild
LEVOFLOXACIN,PREDNISONE,2.7081550134023895,2.2248783318681524,3.29640658168409,513,73.68421052631578,2.7081550134023895,Undirected,mild
LITHIUM,OLANZAPINE,2.7076976771426726,2.1421158063173515,3.4226098743970783,361,73.68421052631578,2.7076976771426726,Undirected,mild
METOPROLOL SUCCINATE,XARELTO,2.7071263510817016,1.926069463590891,3.8049162915743904,171,73.68421052631578,2.7071263510817016,Undirected,mild
LACOSAMIDE,LORAZEPAM,2.7071263510817016,1.926069463590891,3.8049162915743904,171,73.68421052631578,2.7071263510817016,Undirected,mild
LANTUS,ROSUVASTATIN,2.7070692395005675,1.8866719622548227,3.884206695207355,152,73.68421052631578,2.7070692395005675,Undirected,mild
AMITRIPTYLINE HYDROCHLORIDE,REMODULIN,2.7070692395005675,1.8866719622548227,3.884206695207355,152,73.68421052631578,2.7070692395005675,Undirected,mild
LEVETIRACETAM,SULFAMETHOXAZOLE / TRIMETHOPRIM,2.7069550278014733,1.7841189712763856,4.107128302826911,114,73.68421052631578,2.7069550278014733,Undirected,mild
INSULIN,LANTUS,2.7069550278014733,1.7841189712763856,4.107128302826911,114,73.68421052631578,2.7069550278014733,Undirected,mild
APIXABAN,RITUXIMAB,2.7069550278014733,1.7841189712763856,4.107128302826911,114,73.68421052631578,2.7069550278014733,Undirected,mild
CARBIDOPA / LEVODOPA,METOPROLOL,2.7069550278014733,1.7841189712763856,4.107128302826911,114,73.68421052631578,2.7069550278014733,Undirected,mild
ASPIRIN,IPRATROPIUM BROMIDE,2.7069550278014733,1.7841189712763856,4.107128302826911,114,73.68421052631578,2.7069550278014733,Undirected,mild
ARIPIPRAZOLE,LORAZEPAM,2.7060819422601905,2.1743652997003005,3.3678239250948403,414,73.67149758454107,2.7060819422601905,Undirected,mild
ONDANSETRON,PREGABALIN,2.7050654938014724,2.0920917266242087,3.4976379059453095,300,73.66666666666667,2.7050654938014724,Undirected,mild
ATORVASTATIN,INSULIN GLARGINE,2.704843004484479,2.0741327749204808,3.5273420136708045,281,73.66548042704626,2.704843004484479,Undirected,mild
ALPRAZOLAM,SERTRALINE,2.704843004484479,2.0741327749204808,3.5273420136708045,281,73.66548042704626,2.704843004484479,Undirected,mild
ASPIRIN,POLYETHYLENE GLYCOL,2.704596554956555,2.054434381546681,3.5605140717981403,262,73.66412213740458,2.704596554956555,Undirected,mild
HUMALOG,JARDIANCE,2.7027189696344034,1.9154114353323963,3.8136400848802543,167,73.65269461077844,2.7027189696344034,Undirected,mild
KEPPRA,VITAMIN D3,2.701312443389177,1.825798509376943,3.99665619143229,129,73.64341085271317,2.701312443389177,Undirected,mild
PANTOPRAZOLE,QUETIAPINE,2.7012627840905576,2.1849752544028385,3.3395438296196716,440,73.63636363636363,2.7012627840905576,Undirected,mild
SULFAMETHOXAZOLE / TRIMETHOPRIM,TACROLIMUS,2.700759367791256,2.3076262301855692,3.16086767748591,800,73.625,2.700759367791256,Undirected,mild
CHOLECALCIFEROL,LASIX,2.7002749682491265,1.766835264381355,4.126861768692331,110,73.63636363636363,2.7002749682491265,Undirected,mild
BENZONATATE,FUROSEMIDE,2.7002749682491265,1.766835264381355,4.126861768692331,110,73.63636363636363,2.7002749682491265,Undirected,mild
ASCORBIC ACID,DILTIAZEM,2.7002749682491265,1.766835264381355,4.126861768692331,110,73.63636363636363,2.7002749682491265,Undirected,mild
ELIQUIS,SPIRIVA,2.7002749682491265,1.766835264381355,4.126861768692331,110,73.63636363636363,2.7002749682491265,Undirected,mild
DOXORUBICIN HYDROCHLORIDE,METHOTREXATE,2.699953319366186,2.0810932825684736,3.5028453495172114,292,73.63013698630137,2.699953319366186,Undirected,mild
POTASSIUM CHLORIDE,SOTATERCEPT,2.6991010141322125,1.9409753222969637,3.7533430748971326,182,73.62637362637363,2.6991010141322125,Undirected,mild
POTASSIUM CHLORIDE,TYLENOL,2.6979821107301123,2.093099041676394,3.477669868880054,307,73.61563517915309,2.6979821107301123,Undirected,mild
ENBREL,XELJANZ,2.697511914141184,2.133809526522969,3.410131240153739,360,73.61111111111111,2.697511914141184,Undirected,mild
CARVEDILOL,POTASSIUM CHLORIDE,2.69708188492971,1.9928282287884551,3.65021459899652,216,73.61111111111111,2.69708188492971,Undirected,mild
PREDNISOLONE,VANCOMYCIN,2.696866952017818,1.8616747066370896,3.906746614194439,144,73.61111111111111,2.696866952017818,Undirected,mild
AMLODIPINE,MIRTAZAPINE,2.6953009379901505,2.1632664846323295,3.358184115520696,409,73.59413202933986,2.6953009379901505,Undirected,mild
LT4,PAROXETINE,2.695268145197057,1.810802295174704,4.01174131150144,125,73.6,2.695268145197057,Undirected,mild
POTASSIUM CHLORIDE,WINREVAIR,2.695268145197057,1.810802295174704,4.01174131150144,125,73.6,2.695268145197057,Undirected,mild
BISOPROLOL FUMARATE,FUROSEMIDE,2.6951543065246284,2.265260016878,3.2066326522592137,655,73.58778625954199,2.6951543065246284,Undirected,mild
CARBIDOPA / LEVODOPA,POLYETHYLENE GLYCOL,2.694802707338711,1.9310005266749928,3.760724832107883,178,73.59550561797754,2.694802707338711,Undirected,mild
OPSUMIT,OXYGEN,2.694408772292685,2.2690918662260886,3.19944676558301,670,73.5820895522388,2.694408772292685,Undirected,mild
GABAPENTIN,KETAMINE HYDROCHLORIDE,2.693434350159115,1.984680143106298,3.655293586634379,212,73.58490566037736,2.693434350159115,Undirected,mild
ATEZOLIZUMAB,TIRAGOLUMAB,2.693118734773753,1.7487097517525458,4.147565662237876,106,73.58490566037736,2.693118734773753,Undirected,mild
IPRATROPIUM,PREDNISONE,2.693118734773753,1.7487097517525458,4.147565662237876,106,73.58490566037736,2.693118734773753,Undirected,mild
ELIQUIS,METHOCARBAMOL,2.693118734773753,1.7487097517525458,4.147565662237876,106,73.58490566037736,2.693118734773753,Undirected,mild
DICLOFENAC,PLAQUENIL,2.693118734773753,1.7487097517525458,4.147565662237876,106,73.58490566037736,2.693118734773753,Undirected,mild
AMLODIPINE,TRULICITY,2.6913533069300075,1.8484628537187997,3.918597881559051,140,73.57142857142858,2.6913533069300075,Undirected,mild
FUROSEMIDE,SILDENAFILO,2.6911764096681168,2.0035845629750733,3.614736608471403,227,73.568281938326,2.6911764096681168,Undirected,mild
METOPROLOL SUCCINATE,PREDNISONE,2.691094028663405,2.174518480552347,3.3303865365486827,435,73.5632183908046,2.691094028663405,Undirected,mild
CYCLOPHOSPHAMIDE,HYDROCORTISONE,2.690576670579133,2.043399625069765,3.542724943006455,261,73.5632183908046,2.690576670579133,Undirected,mild
CALCIUM CARBONATE,DEXAMETHASONE,2.6896546734643065,1.9763141473553376,3.6604718294250422,208,73.5576923076923,2.6896546734643065,Undirected,mild
RITUXIMAB,VITAMIN D3,2.689206165498352,2.020901961533359,3.5785158994388824,242,73.55371900826447,2.689206165498352,Undirected,mild
ASPIRIN,SOTATERCEPT,2.688846929973381,1.795155700432704,4.027448878715413,121,73.55371900826447,2.688846929973381,Undirected,mild
LISINOPRIL,OXYCODONE HYDROCHLORIDE,2.688846929973381,1.795155700432704,4.027448878715413,121,73.55371900826447,2.688846929973381,Undirected,mild
FOLIC ACID,SODIUM CHLORIDE,2.6874728481156276,2.0368475799153973,3.5459257632123444,257,73.54085603112841,2.6874728481156276,Undirected,mild
ACETAMINOPHEN,DOXORUBICIN,2.6859369701044993,2.051597444914332,3.516409822627451,272,73.52941176470588,2.6859369701044993,Undirected,mild
LEVOTHYROXINE SODIUM,RAMIPRIL,2.685735513616413,1.9677204131577697,3.665752106278563,204,73.52941176470588,2.685735513616413,Undirected,mild
FOLIC ACID,HUMAN IMMUNOGLOBULIN G,2.6856348034256663,1.910094549717589,3.776061398865107,170,73.52941176470588,2.6856348034256663,Undirected,mild
PREDNISOLONE,SULFAMETHOXAZOLE / TRIMETHOPRIM,2.685599552729233,2.277037226964744,3.167469056811836,725,73.51724137931035,2.685599552729233,Undirected,mild
FERROUS SULFATE,VITAMIN D2,2.685534105267574,1.834734155476109,3.930865629240868,136,73.52941176470588,2.685534105267574,Undirected,mild
BORTEZOMIB,VINCRISTINE,2.6854334191399793,1.7296712535660126,4.169319825236149,102,73.52941176470588,2.6854334191399793,Undirected,mild
ALPRAZOLAM,SODIUM CHLORIDE,2.6854334191399793,1.7296712535660126,4.169319825236149,102,73.52941176470588,2.6854334191399793,Undirected,mild
TOFACITINIB,USTEKINUMAB,2.6854334191399793,1.7296712535660126,4.169319825236149,102,73.52941176470588,2.6854334191399793,Undirected,mild
IPRATROPIUM BROMIDE,PREDNISONE,2.6854334191399793,1.7296712535660126,4.169319825236149,102,73.52941176470588,2.6854334191399793,Undirected,mild
ALLOPURINOL,ELIQUIS,2.6850222894094524,2.2471782410768015,3.208176620280467,623,73.51524879614767,2.6850222894094524,Undirected,mild
BISOPROLOL FUMARATE,METFORMIN,2.6834864580004223,1.9357980311105152,3.7199643013070816,185,73.51351351351352,2.6834864580004223,Undirected,mild
SPIRONOLACTONE,WARFARIN,2.6834864580004223,1.9357980311105152,3.7199643013070816,185,73.51351351351352,2.6834864580004223,Undirected,mild
DEXAMETHASONE,SPIRONOLACTONE,2.6834864580004223,1.9357980311105152,3.7199643013070816,185,73.51351351351352,2.6834864580004223,Undirected,mild
ALLOPURINOL,TRAMADOL,2.6834864580004223,1.9357980311105152,3.7199643013070816,185,73.51351351351352,2.6834864580004223,Undirected,mild
ATORVASTATIN,TICAGRELOR,2.6833390699508803,2.078068411123088,3.464904488121958,302,73.50993377483444,2.6833390699508803,Undirected,mild
LORAZEPAM,PREDNISONE,2.682739150637849,2.2066364275333323,3.261565548616582,517,73.5009671179884,2.682739150637849,Undirected,mild
CALCIUM CARBONATE,CYANOCOBALAMIN,2.682358038573372,2.006367907597536,3.586104333035647,234,73.50427350427351,2.682358038573372,Undirected,mild
ALBUTEROL,JARDIANCE,2.6820123218574805,1.778810093444825,4.043821271929651,117,73.50427350427351,2.6820123218574805,Undirected,mild
ALBUTEROL SULFATE,CALCIUM CARBONATE,2.6820123218574805,1.778810093444825,4.043821271929651,117,73.50427350427351,2.6820123218574805,Undirected,mild
EPIDIOLEX,KEPPRA,2.6809842770493244,2.023297672717787,3.5524563640360785,249,73.49397590361446,2.6809842770493244,Undirected,mild
LEVOTHYROXINE SODIUM,PANTOPRAZOLE,2.6809387496373582,2.1353430089168612,3.36593818852218,381,73.49081364829397,2.6809387496373582,Undirected,mild
ALBUTEROL,MORPHINE,2.680739238537382,1.8991286986998337,3.7840315245374647,166,73.49397590361446,2.680739238537382,Undirected,mild
GABAPENTIN,INSULIN,2.680739238537382,1.8991286986998337,3.7840315245374647,166,73.49397590361446,2.680739238537382,Undirected,mild
HYDROXYCHLOROQUINE SULFATE,SULFASALAZINE,2.6800724065073465,2.171274704676699,3.3080973534353357,445,73.48314606741573,2.6800724065073465,Undirected,mild
ARIPIPRAZOLE,CLONAZEPAM,2.6797725037055047,2.0389144707234297,3.5220607704393334,264,73.48484848484848,2.6797725037055047,Undirected,mild
FUROSEMIDE,VITAMIN D2,2.6797725037055047,2.0389144707234297,3.5220607704393334,264,73.48484848484848,2.6797725037055047,Undirected,mild
AMLODIPINE,FLUOROURACIL,2.679383156450231,1.8204539500299408,3.943573578969757,132,73.48484848484848,2.679383156450231,Undirected,mild
CYCLOSPORINE,FILGRASTIM,2.679383156450231,1.8204539500299408,3.943573578969757,132,73.48484848484848,2.679383156450231,Undirected,mild
DEXAMETHASONE,FLUCONAZOLE,2.677879616170699,2.1070282329752428,3.4033901997490643,343,73.46938775510205,2.677879616170699,Undirected,mild
PERPRAZOLE,SIMVASTATIN,2.6773022522773404,1.8563727572578168,3.8612651053108618,147,73.46938775510205,2.6773022522773404,Undirected,mild
SILDENAFIL CITRATE,VITAMIN D3,2.676162349642748,1.971440414053448,3.632798065106129,211,73.45971563981043,2.676162349642748,Undirected,mild
CALCIUM CARBONATE,POTASSIUM CHLORIDE,2.675616606843434,1.887795580698203,3.792213680343841,162,73.4567901234568,2.675616606843434,Undirected,mild
ATORVASTATIN CALCIUM,VITAMIN D2,2.675616606843434,1.887795580698203,3.792213680343841,162,73.4567901234568,2.675616606843434,Undirected,mild
BACTRIM,ELIQUIS,2.675055187637969,1.9911148245315735,3.593926462072472,226,73.45132743362832,2.675055187637969,Undirected,mild
AZITHROMYCIN,MYCOPHENOLATE MOFETIL,2.6747229815405986,1.7617115833757648,4.060904801609336,113,73.45132743362832,2.6747229815405986,Undirected,mild
JARDIANCE,VALSARTAN,2.6747229815405986,1.7617115833757648,4.060904801609336,113,73.45132743362832,2.6747229815405986,Undirected,mild
LT4,VALACYCLOVIR HYDROCHLORIDE,2.6747229815405986,1.7617115833757648,4.060904801609336,113,73.45132743362832,2.6747229815405986,Undirected,mild
FUROSEMIDE,PRAVASTATIN SODIUM,2.6747229815405986,1.7617115833757648,4.060904801609336,113,73.45132743362832,2.6747229815405986,Undirected,mild
AMLODIPINE BESYLATE,BISOPROLOL FUMARATE,2.6747229815405986,1.7617115833757648,4.060904801609336,113,73.45132743362832,2.6747229815405986,Undirected,mild
POTASSIUM CHLORIDE,TRAZODONE HYDROCHLORIDE,2.6747229815405986,1.7617115833757648,4.060904801609336,113,73.45132743362832,2.6747229815405986,Undirected,mild
ELIQUIS,POTASSIUM,2.6742253036090697,1.915607434428747,3.733270630470101,177,73.44632768361582,2.6742253036090697,Undirected,mild
ALPRAZOLAM,MORPHINE,2.6742253036090697,1.915607434428747,3.733270630470101,177,73.44632768361582,2.6742253036090697,Undirected,mild
CYCLOPHOSPHAMIDE,FILGRASTIM,2.673824009945592,2.252452461110967,3.174022519718481,670,73.43283582089552,2.673824009945592,Undirected,mild
ALLOPURINOL,SPIRONOLACTONE,2.673392454658946,2.1750935428883658,3.285848206388701,463,73.4341252699784,2.673392454658946,Undirected,mild
ASPIRIN,ESOMEPRAZOLE MAGNESIUM,2.6728711886529553,1.8055842294396285,3.956747225992503,128,73.4375,2.6728711886529553,Undirected,mild
OLANZAPINE,QUETIAPINE,2.672710753609312,2.311220340083995,3.0907407003000205,933,73.41907824222936,2.672710753609312,Undirected,mild
DIGOXIN,SPIRONOLACTONE,2.6722994322792446,2.107953890644055,3.3877326669503605,350,73.42857142857143,2.6722994322792446,Undirected,mild
CODEINE,IBUPROFEN,2.6720688452751977,1.9628664683053183,3.6375128054710486,207,73.42995169082126,2.6720688452751977,Undirected,mild
GABAPENTIN,LANTUS,2.6720688452751977,1.9628664683053183,3.6375128054710486,207,73.42995169082126,2.6720688452751977,Undirected,mild
ACTEMRA,SULFASALAZINE,2.670577464623361,2.1916031195141055,3.2542315399402018,504,73.4126984126984,2.670577464623361,Undirected,mild
AMITRIPTYLINE,QUETIAPINE,2.670250689272318,1.8760742862606672,3.8006164232286666,158,73.41772151898735,2.670250689272318,Undirected,mild
CHOLECALCIFEROL,VALACYCLOVIR HYDROCHLORIDE,2.6692936211242464,1.9050345930067647,3.740156982938992,173,73.41040462427746,2.6692936211242464,Undirected,mild
APIXABAN,TORSEMIDE,2.667824234503169,1.9540579229497153,3.642310733275828,203,73.39901477832512,2.667824234503169,Undirected,mild
DULOXETINA,OLANZAPINE,2.667824234503169,1.9540579229497153,3.642310733275828,203,73.39901477832512,2.667824234503169,Undirected,mild
AMOXICILLIN,ELIQUIS,2.667824234503169,1.9540579229497153,3.642310733275828,203,73.39901477832512,2.667824234503169,Undirected,mild
OXYGEN,ROSUVASTATIN CALCIUM,2.667250572196378,1.975081996707056,3.601990006867086,218,73.39449541284404,2.667250572196378,Undirected,mild
CLONAZEPAM,MIDAZOLAM,2.6669318677403573,1.7438002647802535,4.078750147492013,109,73.39449541284404,2.6669318677403573,Undirected,mild
FLUCONAZOLE,FLUCYTOSINE,2.6669318677403573,1.7438002647802535,4.078750147492013,109,73.39449541284404,2.6669318677403573,Undirected,mild
AMOXICILLIN / CLAVULANATE,METHYLPREDNISOLONE,2.6669318677403573,1.7438002647802535,4.078750147492013,109,73.39449541284404,2.6669318677403573,Undirected,mild
METFORMIN HYDROCHLORIDE,VALSARTAN,2.66596538195072,1.790083212495534,3.970413983074755,124,73.38709677419355,2.66596538195072,Undirected,mild
INSULIN,POTASSIUM CHLORIDE,2.66596538195072,1.790083212495534,3.970413983074755,124,73.38709677419355,2.66596538195072,Undirected,mild
PREDNISONE,QUETIAPINE,2.665952871490236,2.0280191932081184,3.504554955302966,263,73.38403041825094,2.665952871490236,Undirected,mild
AZITHROMYCIN,CHOLECALCIFEROL,2.665217294429811,1.829622214913356,3.882431667383395,139,73.38129496402878,2.665217294429811,Undirected,mild
AMIODARONE HYDROCHLORIDE,ELIQUIS,2.6646236844040896,1.8639422038872029,3.809248679857081,154,73.37662337662337,2.6646236844040896,Undirected,mild
CODEINE,FOLIC ACID,2.6641433584862275,1.894120690306046,3.74720569332858,169,73.37278106508876,2.6641433584862275,Undirected,mild
OPSUMIT,TORSEMIDE,2.6637485741909392,1.9209444977539651,3.6937852576170904,184,73.36956521739131,2.6637485741909392,Undirected,mild
NAPROXEN,TRAMADOL HYDROCHLORIDE,2.663143597348652,1.9667522169101377,3.6061145675185857,214,73.36448598130842,2.663143597348652,Undirected,mild
AMOXICILLIN / CLAVULANATE,ASPIRIN,2.662909196950159,1.986543819483797,3.5695590108072004,229,73.36244541484717,2.662909196950159,Undirected,mild
DEXAMETHASONE,METHYLPREDNISOLONE,2.6615920908959763,2.245115023523039,3.155327181056262,679,73.34315169366715,2.6615920908959763,Undirected,mild
OXYCODONE,TRAZODONE,2.6588904316820137,1.958201324660355,3.610302086235381,210,73.33333333333333,2.6588904316820137,Undirected,mild
LASIX,OPSUMIT,2.658846822991846,1.935693091641156,3.652162865415851,195,73.33333333333333,2.658846822991846,Undirected,mild
DIGOXIN,METOPROLOL,2.658846822991846,1.935693091641156,3.652162865415851,195,73.33333333333333,2.658846822991846,Undirected,mild
ATORVASTATIN,FLUCONAZOLE,2.658846822991846,1.935693091641156,3.652162865415851,195,73.33333333333333,2.658846822991846,Undirected,mild
DIAZEPAM,PANTOPRAZOLE,2.6587160106768115,1.851374837888211,3.818119745805924,150,73.33333333333333,2.6587160106768115,Undirected,mild
LASIX,LT4,2.6587160106768115,1.851374837888211,3.818119745805924,150,73.33333333333333,2.6587160106768115,Undirected,mild
AZITHROMYCIN,OXYGEN,2.6586724111563536,1.81545830427759,3.893528688149444,135,73.33333333333333,2.6586724111563536,Undirected,mild
ETANERCEPT,FOLIC ACID,2.6586724111563536,1.81545830427759,3.893528688149444,135,73.33333333333333,2.6586724111563536,Undirected,mild
IBUPROFEN,LEVETIRACETAM,2.65862881392787,1.7739048488999027,3.984603331250246,120,73.33333333333333,2.65862881392787,Undirected,mild
LT4,MORPHINE,2.65862881392787,1.7739048488999027,3.984603331250246,120,73.33333333333333,2.65862881392787,Undirected,mild
MELATONINA,QUETIAPINE FUMARATE,2.658585218991183,1.7250093250242635,4.097412845312577,105,73.33333333333333,2.658585218991183,Undirected,mild
ALBUTEROL SULFATE,AMITRIPTYLINE HYDROCHLORIDE,2.658585218991183,1.7250093250242635,4.097412845312577,105,73.33333333333333,2.658585218991183,Undirected,mild
DIAZEPAM,ROSUVASTATIN,2.658585218991183,1.7250093250242635,4.097412845312577,105,73.33333333333333,2.658585218991183,Undirected,mild
ALBUTEROL SULFATE,MYCOPHENOLATE MOFETIL,2.658585218991183,1.7250093250242635,4.097412845312577,105,73.33333333333333,2.658585218991183,Undirected,mild
BUPROPION,QUETIAPINE FUMARATE,2.658585218991183,1.7250093250242635,4.097412845312577,105,73.33333333333333,2.658585218991183,Undirected,mild
HYDROMORPHONE HYDROCHLORIDE,OXYCODONE HYDROCHLORIDE,2.658585218991183,1.7250093250242635,4.097412845312577,105,73.33333333333333,2.658585218991183,Undirected,mild
OXYGEN,SINGULAIR,2.658585218991183,1.7250093250242635,4.097412845312577,105,73.33333333333333,2.658585218991183,Undirected,mild
ACETAMINOPHEN,METOCLOPRAMIDE,2.6575011363660184,2.238389410360538,3.1550865354787168,667,73.31334332833583,2.6575011363660184,Undirected,mild
PANTOPRAZOLE SODIUM,POTASSIUM CHLORIDE,2.657054195174448,2.120451888192162,3.329449272302632,386,73.31606217616581,2.657054195174448,Undirected,mild
MELATONINA,PANTOPRAZOLE,2.656613902451588,2.089764491759386,3.3772214307063955,341,73.31378299120234,2.656613902451588,Undirected,mild
LASIX,OMEPRAZOLE,2.656613902451588,2.089764491759386,3.3772214307063955,341,73.31378299120234,2.656613902451588,Undirected,mild
FUROSEMIDE,PANTOPRAZOLE,2.6557111131799376,2.372227117257745,2.973071787839751,1542,73.28145265888456,2.6557111131799376,Undirected,mild
CHOLECALCIFEROL,TORSEMIDE,2.655647719276134,2.0238036889316033,3.4847573642973413,266,73.30827067669173,2.655647719276134,Undirected,mild
PREGABALIN,TAMSULOSIN,2.654824599512093,1.970547214873975,3.5767189950966487,221,73.30316742081448,2.654824599512093,Undirected,mild
CALCIUM CARBONATE,METFORMIN,2.6536479982281453,1.900215304489883,3.705815694601324,176,73.29545454545455,2.6536479982281453,Undirected,mild
AMLODIPINE,URSADIOL 300 MG ORAL CAPSULE [URSODIOL],2.6536479982281453,1.900215304489883,3.705815694601324,176,73.29545454545455,2.6536479982281453,Undirected,mild
MELATONINA,PANTOPRAZOLE SODIUM,2.6531260935835483,1.8711936545390415,3.761811638992511,161,73.29192546583852,2.6531260935835483,Undirected,mild
LORAZEPAM,SENNOSIDES,2.6531260935835483,1.8711936545390415,3.761811638992511,161,73.29192546583852,2.6531260935835483,Undirected,mild
HYDROCORTISONE,POTASSIUM CHLORIDE,2.6525060781632184,1.8383456018645012,3.827239278379933,146,73.28767123287672,2.6525060781632184,Undirected,mild
FOLIC ACID,MAGNESIUM OXIDE,2.6525060781632184,1.8383456018645012,3.827239278379933,146,73.28767123287672,2.6525060781632184,Undirected,mild
FUROSEMIDE,UPTRAVI,2.651754313200796,1.8007214582068956,3.904990916574671,131,73.2824427480916,2.651754313200796,Undirected,mild
ESCITALOPRAM,LORAZEPAM,2.6511551564510385,1.9821322238367267,3.5459913213922385,232,73.27586206896551,2.6511551564510385,Undirected,mild
FLONASE ALLERGY RELIEF,SODIUM CHLORIDE,2.650819797986089,1.7569982414252796,3.999346974698633,116,73.27586206896551,2.650819797986089,Undirected,mild
PANTOPRAZOLE SODIUM,TAMSULOSIN,2.650819797986089,1.7569982414252796,3.999346974698633,116,73.27586206896551,2.650819797986089,Undirected,mild
"CAVIAR, UNSPECIFIED",FENTANYL,2.649621309165935,1.7052639842011816,4.116953824762152,101,73.26732673267327,2.649621309165935,Undirected,mild
CHOLECALCIFEROL,ENOXAPARIN,2.649621309165935,1.7052639842011816,4.116953824762152,101,73.26732673267327,2.649621309165935,Undirected,mild
LINEZOLID,TACROLIMUS,2.649621309165935,1.7052639842011816,4.116953824762152,101,73.26732673267327,2.649621309165935,Undirected,mild
LORAZEPAM,OXYGEN,2.649621309165935,1.7052639842011816,4.116953824762152,101,73.26732673267327,2.649621309165935,Undirected,mild
LEVOTHYROXINE SODIUM,MYCOPHENOLATE MOFETIL,2.649621309165935,1.7052639842011816,4.116953824762152,101,73.26732673267327,2.649621309165935,Undirected,mild
BUDESONIDE\FORMOTEROL FUMARATE,PANTOPRAZOLE,2.649621309165935,1.7052639842011816,4.116953824762152,101,73.26732673267327,2.649621309165935,Undirected,mild
FOLIC ACID,TOPIRAMATE,2.6491533994503524,1.9162506003852335,3.662367402472563,187,73.2620320855615,2.6491533994503524,Undirected,mild
DICLOFENAC,PANTOPRAZOLE,2.64876568134234,2.0861200045507773,3.363162051728543,344,73.25581395348837,2.64876568134234,Undirected,mild
GEMCITABINE HYDROCHLORIDE,SODIUM CHLORIDE,2.6482692325075643,1.8893577001596673,3.7120180722017415,172,73.25581395348837,2.6482692325075643,Undirected,mild
ACETAMINOPHEN,CARBIDOPA / LEVODOPA,2.6482692325075643,1.8893577001596673,3.7120180722017415,172,73.25581395348837,2.6482692325075643,Undirected,mild
POTASSIUM CHLORIDE,XARELTO,2.6482692325075643,1.8893577001596673,3.7120180722017415,172,73.25581395348837,2.6482692325075643,Undirected,mild
CARVEDILOL,TORSEMIDE,2.6482692325075643,1.8893577001596673,3.7120180722017415,172,73.25581395348837,2.6482692325075643,Undirected,mild
METOPROLOL,PREGABALIN,2.64782721801285,1.9930337841647676,3.5177471812841374,243,73.25102880658436,2.64782721801285,Undirected,mild
OZEMPIC,TRAZODONE,2.647224960832562,1.8591387122217964,3.76937984626234,157,73.24840764331209,2.647224960832562,Undirected,mild
FOLIC ACID,SODIUM BICARBONATE,2.647224960832562,1.8591387122217964,3.76937984626234,157,73.24840764331209,2.647224960832562,Undirected,mild
CERTOLIZUMAB PEGOL,GOLIMUMAB,2.647224960832562,1.8591387122217964,3.76937984626234,157,73.24840764331209,2.647224960832562,Undirected,mild
ACETAMINOPHEN,CHOLECALCIFEROL,2.647187716554807,2.349445760533877,2.9826620917974624,1378,73.22206095791002,2.647187716554807,Undirected,mild
GABAPENTIN,LOPERAMIDE,2.6461745752207904,1.9537151380810351,3.584063892458049,213,73.23943661971832,2.6461745752207904,Undirected,mild
ACETAMINOPHEN,KARDEGIC,2.6456289453487045,2.0197133667295977,3.465517747105142,269,73.23420074349443,2.6456289453487045,Undirected,mild
ACTEMRA,ASCORBIC ACID,2.645171040137841,1.9311201904983004,3.623249275736919,198,73.23232323232324,2.645171040137841,Undirected,mild
FUROSEMIDE,LENALIDOMIDE,2.644430069838657,1.7853720143431009,3.916836568562352,127,73.22834645669292,2.644430069838657,Undirected,mild
METFORMIN,SODIUM CHLORIDE,2.644430069838657,1.7853720143431009,3.916836568562352,127,73.22834645669292,2.644430069838657,Undirected,mild
CALCIUM CARBONATE,ELIQUIS,2.644430069838657,1.7853720143431009,3.916836568562352,127,73.22834645669292,2.644430069838657,Undirected,mild
MOXIFLOXACIN,VANCOMYCIN,2.642491089313947,1.7393069695235357,4.0146789954026705,112,73.21428571428571,2.642491089313947,Undirected,mild
ATORVASTATIN CALCIUM,TYLENOL EXTRA STRENGTH,2.642491089313947,1.7393069695235357,4.0146789954026705,112,73.21428571428571,2.642491089313947,Undirected,mild
AMPHOTERICIN B,PREDNISOLONE,2.642491089313947,1.7393069695235357,4.0146789954026705,112,73.21428571428571,2.642491089313947,Undirected,mild
DOXORUBICIN,PANTOPRAZOLE,2.642491089313947,1.7393069695235357,4.0146789954026705,112,73.21428571428571,2.642491089313947,Undirected,mild
IBUPROFEN,OLANZAPINE,2.6402471788866655,1.9215797385506257,3.627694977090509,194,73.19587628865979,2.6402471788866655,Undirected,mild
HUMALOG,PREDNISONE,2.6390814068370783,1.8107832784850288,3.846264075146614,138,73.18840579710145,2.6390814068370783,Undirected,mild
LASIX,PROTONIX,2.6390814068370783,1.8107832784850288,3.846264075146614,138,73.18840579710145,2.6390814068370783,Undirected,mild
LORAZEPAM,MIRTAZAPINE,2.6390516143746567,2.1568461974895814,3.2290635426113288,481,73.18087318087319,2.6390516143746567,Undirected,mild
FAMOTIDINE,OZEMPIC,2.638654462277197,1.8956217292258064,3.672936042012415,179,73.18435754189943,2.638654462277197,Undirected,mild
FLUOXETINE,PREGABALIN,2.638654462277197,1.8956217292258064,3.672936042012415,179,73.18435754189943,2.638654462277197,Undirected,mild
AMLODIPINE,MYCOPHENOLIC ACID,2.636662758742487,1.769366360243178,3.929084817902877,123,73.17073170731707,2.636662758742487,Undirected,mild
ACTEMRA,PREDNISOLONE,2.636662758742487,1.769366360243178,3.929084817902877,123,73.17073170731707,2.636662758742487,Undirected,mild
AMLODIPINE,HYDRALAZINE,2.6361598143672347,2.052930188103047,3.38508275008905,313,73.1629392971246,2.6361598143672347,Undirected,mild
ACTEMRA,CELEBREX,2.6355538272500767,1.9700151546371305,3.5259342853187245,231,73.16017316017316,2.6355538272500767,Undirected,mild
DOXYCYCLINE HYCLATE,PREDNISONE,2.6355538272500767,1.9700151546371305,3.5259342853187245,231,73.16017316017316,2.6355538272500767,Undirected,mild
AMLODIPINE,MORPHINE,2.635130759564943,1.911762093083464,3.6322061961201126,190,73.15789473684211,2.635130759564943,Undirected,mild
CEFAZOLIN,DEXAMETHASONE,2.6335889265743035,1.720768293896258,4.030636000661306,108,73.14814814814815,2.6335889265743035,Undirected,mild
FAMOTIDINE,MOUNJARO,2.6335889265743035,1.720768293896258,4.030636000661306,108,73.14814814814815,2.6335889265743035,Undirected,mild
ETOPOSIDE,HYDROCORTISONE,2.6335889265743035,1.720768293896258,4.030636000661306,108,73.14814814814815,2.6335889265743035,Undirected,mild
OXYCODONE HYDROCHLORIDE,TYLENOL,2.6335889265743035,1.720768293896258,4.030636000661306,108,73.14814814814815,2.6335889265743035,Undirected,mild
ACETAMINOPHEN,ENOXAPARIN SODIUM,2.633033370894319,2.096038926718476,3.3076030429917074,376,73.13829787234043,2.633033370894319,Undirected,mild
CHOLECALCIFEROL,MELATONINA,2.632945491448395,1.9814071175408845,3.498726687497825,242,73.14049586776859,2.632945491448395,Undirected,mild
LANTUS,LOSARTAN,2.6318108454198055,1.7961842803743404,3.856190259401327,134,73.13432835820896,2.6318108454198055,Undirected,mild
DEXAMETHASONE,PREGABALIN,2.6310917246417973,2.0548513630536647,3.3689267204178575,320,73.125,2.6310917246417973,Undirected,mild
FUROSEMIDE,INSULIN GLARGINE,2.629810228676715,1.901653706377894,3.63678298296775,186,73.11827956989248,2.629810228676715,Undirected,mild
ARIPIPRAZOLE,DIAZEPAM,2.629205634200598,1.9406786896855808,3.56201276576708,212,73.11320754716981,2.629205634200598,Undirected,mild
AMLODIPINE,ONDANSETRON,2.6288696417613613,2.196680285551243,3.1460907801793505,606,73.10231023102311,2.6288696417613613,Undirected,mild
ATORVASTATIN CALCIUM,DAPAGLIFLOZIN,2.6284108422939068,1.7526564131205542,3.941755785201335,119,73.10924369747899,2.6284108422939068,Undirected,mild
FLUOXETINE,METOPROLOL,2.6284108422939068,1.7526564131205542,3.941755785201335,119,73.10924369747899,2.6284108422939068,Undirected,mild
LEFLUNOMIDE,SIMPONI,2.6275927003674795,2.0867870165284432,3.308552020086022,368,73.09782608695652,2.6275927003674795,Undirected,mild
DIGOXIN,POTASSIUM CHLORIDE,2.626922203375776,1.9172371584179315,3.5993044638687186,197,73.09644670050761,2.626922203375776,Undirected,mild
ACYCLOVIR,LEVETIRACETAM,2.6264040926386225,2.011888154575804,3.4286192510951548,275,73.0909090909091,2.6264040926386225,Undirected,mild
ACYCLOVIR,FUROSEMIDE,2.625084750394078,2.1400061516477327,3.220116886788223,468,73.07692307692307,2.625084750394078,Undirected,mild
ATORVASTATIN CALCIUM,TORSEMIDE,2.624568145142841,2.020999021113846,3.4083925209929635,286,73.07692307692307,2.624568145142841,Undirected,mild
FUROSEMIDE,TRAZODONE HYDROCHLORIDE,2.624199342439229,1.8422044217723912,3.738142253633845,156,73.07692307692307,2.624199342439229,Undirected,mild
CARVEDILOL,TACROLIMUS,2.6241256019913677,1.7809909322279691,3.866406644986295,130,73.07692307692307,2.6241256019913677,Undirected,mild
CLOPIDOGREL,EMPAGLIFLOZIN,2.6241256019913677,1.7809909322279691,3.866406644986295,130,73.07692307692307,2.6241256019913677,Undirected,mild
FLUTICASONE PROPIONATE,POTASSIUM CHLORIDE,2.6241256019913677,1.7809909322279691,3.866406644986295,130,73.07692307692307,2.6241256019913677,Undirected,mild
LOSARTAN,TRULICITY,2.6241256019913677,1.7809909322279691,3.866406644986295,130,73.07692307692307,2.6241256019913677,Undirected,mild
METHOTREXATE,SODIUM CHLORIDE,2.6241256019913677,1.7809909322279691,3.866406644986295,130,73.07692307692307,2.6241256019913677,Undirected,mild
PANTOPRAZOLE SODIUM,TOCILIZUMAB,2.624051868238998,1.7013122164640784,4.047257252710123,104,73.07692307692307,2.624051868238998,Undirected,mild
ACETAMINOPHEN,ETORICOXIB,2.624051868238998,1.7013122164640784,4.047257252710123,104,73.07692307692307,2.624051868238998,Undirected,mild
ELEXACAFTOR / IVACAFTOR / TEZACAFTOR,KALYDECO,2.624000958873851,2.205194481865806,3.1223463911197515,646,73.06501547987617,2.624000958873851,Undirected,mild
HYDROCHLOROTHIAZIDE,POTASSIUM CHLORIDE,2.6213009566915098,2.0379069225004183,3.3717038936798716,308,73.05194805194806,2.6213009566915098,Undirected,mild
AZITHROMYCIN,OMEPRAZOLE,2.62092069442119,2.014636953300194,3.4096591324768024,282,73.04964539007092,2.62092069442119,Undirected,mild
ALENDRONATE SODIUM,PANTOPRAZOLE,2.6205217428925156,1.8064034441936752,3.801550659707534,141,73.04964539007092,2.6205217428925156,Undirected,mild
DEXAMETHASONE,SULFAMETHOXAZOLE / TRIMETHOPRIM,2.620465916156833,2.191879946821,3.132854802426116,612,73.0392156862745,2.620465916156833,Undirected,mild
ACTEMRA,HYDROXYCHLOROQUINE,2.619841480637684,2.045773559740539,3.354999555542376,319,73.04075235109718,2.619841480637684,Undirected,mild
CALCIUM,TACROLIMUS,2.6196274231818433,1.7351890133787948,3.954870497320432,115,73.04347826086956,2.6196274231818433,Undirected,mild
PANTOPRAZOLE SODIUM,ZYRTEC,2.6196274231818433,1.7351890133787948,3.954870497320432,115,73.04347826086956,2.6196274231818433,Undirected,mild
ARIPIPRAZOLE,FLUOXETINE,2.6193118650357237,1.9225274883675307,3.568632796060879,204,73.0392156862745,2.6193118650357237,Undirected,mild
ATORVASTATIN,LANTUS,2.618830128444161,2.1105071672753453,3.2495844354325776,419,73.0310262529833,2.618830128444161,Undirected,mild
LOPERAMIDE,METFORMIN,2.6185058042602547,1.8805057341560705,3.6461322730407537,178,73.03370786516854,2.6185058042602547,Undirected,mild
ALLOPURINOL,CALCIUM CARBONATE,2.61744969376686,1.8293767086823876,3.745014827664832,152,73.02631578947368,2.61744969376686,Undirected,mild
FOLIC ACID,PREGABALIN,2.616340071505764,2.189524580969925,3.126356940342938,615,73.00813008130082,2.616340071505764,Undirected,mild
BISOPROLOL,RITUXIMAB,2.6161667322449724,1.897412002466513,3.607191459739979,189,73.01587301587301,2.6161667322449724,Undirected,mild
DEXAMETHASONE,MORPHINE,2.6157193651839616,2.0173334732700936,3.3915997964915237,289,73.01038062283737,2.6157193651839616,Undirected,mild
CARBIDOPA / LEVODOPA,ELIQUIS,2.614800675537697,1.8502872768900505,3.6952005551723217,163,73.00613496932516,2.614800675537697,Undirected,mild
FLUOXETINE,QUETIAPINE,2.614372549561187,2.026069843519821,3.373498623337166,300,73.0,2.614372549561187,Undirected,mild
LASIX,VITAMIN D2,2.613809370331255,1.6808603636292172,4.064584764007529,100,73.0,2.613809370331255,Undirected,mild
AMOXICILLIN / CLAVULANATE,PIPERACILLIN / TAZOBACTAM,2.613809370331255,1.6808603636292172,4.064584764007529,100,73.0,2.613809370331255,Undirected,mild
BETAMETHASONE,FUROSEMIDE,2.613809370331255,1.6808603636292172,4.064584764007529,100,73.0,2.613809370331255,Undirected,mild
CALCIUM CARBONATE / CHOLECALCIFEROL,POTASSIUM CHLORIDE,2.613809370331255,1.6808603636292172,4.064584764007529,100,73.0,2.613809370331255,Undirected,mild
REVLIMID,VALACYCLOVIR HYDROCHLORIDE,2.613809370331255,1.6808603636292172,4.064584764007529,100,73.0,2.613809370331255,Undirected,mild
CICLOBENZAPRINA,METHOCARBAMOL,2.613809370331255,1.6808603636292172,4.064584764007529,100,73.0,2.613809370331255,Undirected,mild
ASCORBIC ACID,DOXYCYCLINE HYCLATE,2.613809370331255,1.6808603636292172,4.064584764007529,100,73.0,2.613809370331255,Undirected,mild
ACETAMINOPHEN,HYDROXYCHLOROQUINE,2.613604946585085,2.121507439100274,3.2198476851492943,448,72.99107142857143,2.613604946585085,Undirected,mild
ARIPIPRAZOLE,PANTOPRAZOLE,2.6129456441509147,1.7919460860236796,3.810095065101762,137,72.99270072992701,2.6129456441509147,Undirected,mild
POTASSIUM,SPIRONOLACTONE,2.6129456441509147,1.7919460860236796,3.810095065101762,137,72.99270072992701,2.6129456441509147,Undirected,mild
BUPRENORPHINE,MIRTAZAPINE,2.6129456441509147,1.7919460860236796,3.810095065101762,137,72.99270072992701,2.6129456441509147,Undirected,mild
HUMIRA,RITUXIMAB,2.6108829097584763,2.0499092819822637,3.3253713363730535,333,72.97297297297297,2.6108829097584763,Undirected,mild
MIRTAZAPINE,RAMIPRIL,2.6105710700842444,1.9412414120575587,3.5106820149367004,222,72.97297297297297,2.6105710700842444,Undirected,mild
FOLIC ACID,URSADIOL 300 MG ORAL CAPSULE [URSODIOL],2.610259351120414,1.716905214548887,3.968450804607629,111,72.97297297297297,2.610259351120414,Undirected,mild
CLOZAPINE,FLUOXETINE,2.610259351120414,1.716905214548887,3.968450804607629,111,72.97297297297297,2.610259351120414,Undirected,mild
DEXAMETHASONE,DIAZEPAM,2.610259351120414,1.716905214548887,3.968450804607629,111,72.97297297297297,2.610259351120414,Undirected,mild
FUROSEMIDE,INSULIN,2.6098736859356353,2.0571639815744134,3.311082984899554,344,72.96511627906976,2.6098736859356353,Undirected,mild
CLOZAPINE,QUETIAPINE,2.609484617656171,2.1086710410645644,3.229242417227125,429,72.96037296037296,2.609484617656171,Undirected,mild
CLONAZEPAM,QUETIAPINE FUMARATE,2.609066879471763,1.9539758493529449,3.483784092731097,233,72.96137339055794,2.609066879471763,Undirected,mild
AMIODARONE,PANTOPRAZOLE,2.609066879471763,1.9539758493529449,3.483784092731097,233,72.96137339055794,2.609066879471763,Undirected,mild
ELIQUIS,MAGNESIUM OXIDE,2.609066879471763,1.9539758493529449,3.483784092731097,233,72.96137339055794,2.609066879471763,Undirected,mild
PANTOPRAZOLE SODIUM,SIMVASTATIN,2.6086734538360714,1.9033548852784017,3.575359089040105,196,72.95918367346938,2.6086734538360714,Undirected,mild
ALBUTEROL SULFATE,TRAZODONE HYDROCHLORIDE,2.6086734538360714,1.9033548852784017,3.575359089040105,196,72.95918367346938,2.6086734538360714,Undirected,mild
METHYLPREDNISOLONE,MIDAZOLAM,2.608145389530758,1.837993451320903,3.7010046842342543,159,72.95597484276729,2.608145389530758,Undirected,mild
ASPIRIN,JANUVIA,2.607702178026908,1.965936139733748,3.458968229866936,244,72.95081967213115,2.607702178026908,Undirected,mild
DEXAMETHASONE,MORPHINE SULFATE,2.607075173127688,1.918487993008324,3.5428113092753013,207,72.94685990338165,2.607075173127688,Undirected,mild
ACETAMINOPHEN,CETIRIZINE,2.606825544396781,2.206875333517728,3.079258404727186,702,72.93447293447294,2.606825544396781,Undirected,mild
BACTRIM,FOLIC ACID,2.606458771661012,1.9771994913596749,3.435984764337972,255,72.94117647058823,2.606458771661012,Undirected,mild
DIAZEPAM,IBUPROFEN,2.606458771661012,1.9771994913596749,3.435984764337972,255,72.94117647058823,2.606458771661012,Undirected,mild
BACTRIM,GABAPENTIN,2.6062207567257776,1.8580070420171024,3.6557378304736066,170,72.94117647058823,2.6062207567257776,Undirected,mild
BISOPROLOL,JARDIANCE,2.605642499213764,1.9325925136891633,3.513090724308243,218,72.93577981651376,2.605642499213764,Undirected,mild
ENBREL,PANTOPRAZOLE,2.604949408057009,1.776912129886152,3.818850299013565,133,72.93233082706767,2.604949408057009,Undirected,mild
LORAZEPAM,PAROXETINE,2.604535488784179,1.8763892493204153,3.615244073047801,181,72.92817679558011,2.604535488784179,Undirected,mild
EPIDIOLEX,ONFI,2.604351392565889,1.9457825969563125,3.48581911800919,229,72.92576419213974,2.604351392565889,Undirected,mild
CARVEDILOL,CLOPIDOGREL,2.604351392565889,1.9457825969563125,3.48581911800919,229,72.92576419213974,2.604351392565889,Undirected,mild
HYDROCORTISONE,METHOTREXATE,2.6040243049544576,2.2257372340805013,3.0466051773604335,790,72.9113924050633,2.6040243049544576,Undirected,mild
HUMIRA,HYDROXYCHLOROQUINE SULFATE,2.603316368509006,2.0074329318118633,3.376080967462221,288,72.91666666666666,2.603316368509006,Undirected,mild
ASCORBIC ACID,CARVEDILOL,2.6029140854509687,1.802295889485833,3.759183925216575,144,72.91666666666666,2.6029140854509687,Undirected,mild
BISOPROLOL FUMARATE,PANTOPRAZOLE,2.602689655796768,2.053924454373594,3.2980733200615355,347,72.91066282420749,2.602689655796768,Undirected,mild
PANTOPRAZOLE,XARELTO,2.6002582886336723,1.991142737251029,3.395709931344662,273,72.89377289377289,2.6002582886336723,Undirected,mild
BREO ELLIPTA,FUROSEMIDE,2.600246144749822,1.697739448070273,3.9825192381383903,107,72.89719626168224,2.600246144749822,Undirected,mild
DIPYRONE,MIRTAZAPINE,2.600246144749822,1.697739448070273,3.9825192381383903,107,72.89719626168224,2.600246144749822,Undirected,mild
PANTOPRAZOLE,POTASSIUM CHLORIDE,2.599991282241295,2.1834490673119515,3.0959983307753216,638,72.88401253918495,2.599991282241295,Undirected,mild
METHOTREXATE,PANTOPRAZOLE SODIUM,2.599862380231008,2.1644809865886723,3.1228199452994057,579,72.88428324697755,2.599862380231008,Undirected,mild
ONDANSETRON,SPIRONOLACTONE,2.599481746509327,1.937384972417692,3.4878485415330944,225,72.88888888888889,2.599481746509327,Undirected,mild
DIPHENHYDRAMINE HYDROCHLORIDE,HYDROCORTISONE,2.598193015070454,1.731410462409028,3.8989061751240217,118,72.88135593220339,2.598193015070454,Undirected,mild
HYDROXYCHLOROQUINE,KORTISON,2.598193015070454,1.731410462409028,3.8989061751240217,118,72.88135593220339,2.598193015070454,Undirected,mild
CALCIUM,CLOPIDOGREL,2.598193015070454,1.731410462409028,3.8989061751240217,118,72.88135593220339,2.598193015070454,Undirected,mild
GLIPIZIDE,TRULICITY,2.598193015070454,1.731410462409028,3.8989061751240217,118,72.88135593220339,2.598193015070454,Undirected,mild
TACROLIMUS,VORICONAZOLE,2.5979880839340574,2.019168725711113,3.342733075407699,306,72.87581699346404,2.5979880839340574,Undirected,mild
OPSUMIT,POTASSIUM CHLORIDE,2.597341153978797,2.0276187190059973,3.327144796463064,317,72.87066246056783,2.597341153978797,Undirected,mild
MORPHINE SULFATE,PANTOPRAZOLE,2.597202795564396,1.883062749912168,3.582176091371433,188,72.87234042553192,2.597202795564396,Undirected,mild
AMOXICILLIN / CLAVULANATE,IBUPROFEN,2.597202795564396,1.883062749912168,3.582176091371433,188,72.87234042553192,2.597202795564396,Undirected,mild
MUCINEX,PREDNISONE,2.5964970228209996,1.7612624233979504,3.827820715388664,129,72.86821705426357,2.5964970228209996,Undirected,mild
DEXAMETHASONE,METHOTREXATE SODIUM,2.5964970228209996,1.7612624233979504,3.827820715388664,129,72.86821705426357,2.5964970228209996,Undirected,mild
QUETIAPINE,VITAMIN D NOS,2.5964970228209996,1.7612624233979504,3.827820715388664,129,72.86821705426357,2.5964970228209996,Undirected,mild
GANCICLOVIR,PREDNISONE,2.5961799741439453,1.899415083343736,3.54854003069233,199,72.8643216080402,2.5961799741439453,Undirected,mild
LAMOTRIGINE,LORAZEPAM,2.596179776798984,2.0433852916774056,3.298521067422907,339,72.86135693215338,2.596179776798984,Undirected,mild
CETIRIZINE HYDROCHLORIDE,ORENCIA,2.5961292090183847,1.9842487252911445,3.3966945695930817,269,72.86245353159852,2.5961292090183847,Undirected,mild
ASPIRIN,LANTUS SOLOSTAR,2.5950735830939045,1.7879829704386692,3.7664826863645104,140,72.85714285714285,2.5950735830939045,Undirected,mild
MERCAPTOPURINE,PEGASPARGASE,2.5950735830939045,1.7879829704386692,3.7664826863645104,140,72.85714285714285,2.5950735830939045,Undirected,mild
LIDOCAINE,LORAZEPAM,2.5950735830939045,1.7879829704386692,3.7664826863645104,140,72.85714285714285,2.5950735830939045,Undirected,mild
CEFTRIAXONE,LEVOFLOXACIN,2.594450233334767,1.9287744839089616,3.489869898946952,221,72.85067873303167,2.594450233334767,Undirected,mild
HUMALOG,PANTOPRAZOLE,2.5938628675399418,1.812096040513829,3.712896240143395,151,72.84768211920529,2.5938628675399418,Undirected,mild
REMODULIN,TYLENOL,2.5938628675399418,1.812096040513829,3.712896240143395,151,72.84768211920529,2.5938628675399418,Undirected,mild
FOLIC ACID,PERPRAZOLE,2.5937573738738036,2.0217892547920737,3.3275363881665365,313,72.84345047923323,2.5937573738738036,Undirected,mild
LOPERAMIDE,PREDNISONE,2.5937132283680473,1.942028288731502,3.4640835821220612,232,72.84482758620689,2.5937132283680473,Undirected,mild
BUPROPION,CLONAZEPAM,2.5937132283680473,1.942028288731502,3.4640835821220612,232,72.84482758620689,2.5937132283680473,Undirected,mild
MYCOPHENOLATE MOFETIL,OXYGEN,2.593045968395506,1.9544652073845343,3.4402696803234956,243,72.8395061728395,2.593045968395506,Undirected,mild
POSACONAZOLE,VENCLEXTA,2.5928213646324187,1.8340091423895368,3.6655883951239527,162,72.8395061728395,2.5928213646324187,Undirected,mild
ALLOPURINOL,MIRTAZAPINE,2.5928213646324187,1.8340091423895368,3.6655883951239527,162,72.8395061728395,2.5928213646324187,Undirected,mild
BISOPROLOL FUMARATE,ENTRESTO,2.592439356394575,1.9661675818633015,3.4181937890636926,254,72.83464566929135,2.592439356394575,Undirected,mild
ALPRAZOLAM,FOLIC ACID,2.591916672170624,1.8540448704211392,3.623446305239671,173,72.83236994219652,2.591916672170624,Undirected,mild
TADALAFIL,WINREVAIR,2.5918858115131247,1.977206465774457,3.3976583509156733,265,72.83018867924528,2.5918858115131247,Undirected,mild
CASPOFUNGIN,VORICONAZOLE,2.5904247915181027,1.8894733836654145,3.551413138984898,195,72.82051282051282,2.5904247915181027,Undirected,mild
CARVEDILOL,HYDRALAZINE,2.589803585383565,1.9052515619605244,3.5203134036346935,206,72.81553398058253,2.589803585383565,Undirected,mild
ALBUTEROL SULFATE,ELIQUIS,2.589696306474292,2.1532684840572394,3.114580002178825,570,72.80701754385966,2.589696306474292,Undirected,mild
NOVOLOG,PANTOPRAZOLE,2.589518682516016,1.677618536015536,3.997098782078183,103,72.81553398058253,2.589518682516016,Undirected,mild
FUROSEMIDE,METHOCARBAMOL,2.589518682516016,1.677618536015536,3.997098782078183,103,72.81553398058253,2.589518682516016,Undirected,mild
AZITHROMYCIN,CLOTRIMAZOLE,2.589518682516016,1.677618536015536,3.997098782078183,103,72.81553398058253,2.589518682516016,Undirected,mild
LOPERAMIDE,OLANZAPINE,2.589518682516016,1.677618536015536,3.997098782078183,103,72.81553398058253,2.589518682516016,Undirected,mild
OLANZAPINE,VALPROATE SODIUM,2.588750287081594,1.9336671230604388,3.4657609724771485,228,72.80701754385966,2.588750287081594,Undirected,mild
MAGNESIUM,POTASSIUM CHLORIDE,2.588495938487094,2.054776768513591,3.2608463003069343,364,72.8021978021978,2.588495938487094,Undirected,mild
POTASSIUM CHLORIDE,SERTRALINE,2.588435197443675,1.7133824874546075,3.910391766241732,114,72.80701754385966,2.588435197443675,Undirected,mild
FLUCONAZOLE,IBUPROFEN,2.588435197443675,1.7133824874546075,3.910391766241732,114,72.80701754385966,2.588435197443675,Undirected,mild
BUSPIRONE,QUETIAPINE,2.588435197443675,1.7133824874546075,3.910391766241732,114,72.80701754385966,2.588435197443675,Undirected,mild
ASCORBIC ACID,FLUTICASONA,2.588435197443675,1.7133824874546075,3.910391766241732,114,72.80701754385966,2.588435197443675,Undirected,mild
AMLODIPINE,AZILSARTAN KAMEDOXOMIL,2.588435197443675,1.7133824874546075,3.910391766241732,114,72.80701754385966,2.588435197443675,Undirected,mild
GABAPENTIN,PEPCID,2.587548239971933,1.7449540014479583,3.837009966237515,125,72.8,2.587548239971933,Undirected,mild
EMPAGLIFLOZIN,INSULIN,2.587548239971933,1.7449540014479583,3.837009966237515,125,72.8,2.587548239971933,Undirected,mild
METOPROLOL SUCCINATE,PROTONIX,2.586810006370424,1.773110680570931,3.7739245961247634,136,72.79411764705883,2.586810006370424,Undirected,mild
DIAZEPAM,TOPIRAMATE,2.586810006370424,1.773110680570931,3.7739245961247634,136,72.79411764705883,2.586810006370424,Undirected,mild
ALLOPURINOL,OXYCODONE,2.5861870340279105,1.7984399197216052,3.718980713022331,147,72.78911564625851,2.5861870340279105,Undirected,mild
ALLOPURINOL,BISOPROLOL,2.5853330543883146,2.1582283465878707,3.09696006573171,595,72.77310924369748,2.5853330543883146,Undirected,mild
OXYCODONE,TOPIRAMATE,2.5851966695592328,1.8423333172869327,3.6275964602008406,169,72.7810650887574,2.5851966695592328,Undirected,mild
SULFASALAZINE,VITAMIN D3,2.584140965143259,1.895638323459166,3.522710237017099,202,72.77227722772277,2.584140965143259,Undirected,mild
ACETAMINOPHEN,SPIRIVA,2.584140965143259,1.895638323459166,3.522710237017099,202,72.77227722772277,2.584140965143259,Undirected,mild
ACETAMINOPHEN,BISACODYL,2.5832123939869303,1.9508970525528215,3.4204707335611766,246,72.76422764227642,2.5832123939869303,Undirected,mild
BACTRIM,ONDANSETRON,2.5830364654465994,1.962655833344,3.3995147129076035,257,72.76264591439688,2.5830364654465994,Undirected,mild
LEVOTHYROXINE SODIUM,LISINOPRIL,2.5830364654465994,1.962655833344,3.3995147129076035,257,72.76264591439688,2.5830364654465994,Undirected,mild
DEXAMETHASONE,METFORMIN,2.5786011083091314,2.0153746785942492,3.299229540985885,319,72.72727272727273,2.5786011083091314,Undirected,mild
METFORMIN,PERPRAZOLE,2.578570922062101,2.0065816529977063,3.313609486148229,308,72.72727272727273,2.578570922062101,Undirected,mild
ACYCLOVIR,LANSOPRAZOLE,2.5783294736397666,1.9163081422066783,3.4690573651607104,220,72.72727272727273,2.5783294736397666,Undirected,mild
OXYGEN,ZYRTEC,2.578299297780221,1.901573223496496,3.4958565816943574,209,72.72727272727273,2.578299297780221,Undirected,mild
CARBOPLATIN,FAMOTIDINE,2.578208777124322,1.8502766521456788,3.592522496964166,176,72.72727272727273,2.578208777124322,Undirected,mild
QUETIAPINE,TRAMADOL,2.578178605879715,1.830236217296326,3.631774336558046,165,72.72727272727273,2.578178605879715,Undirected,mild
AMLODIPINE,NIFEDIPINE,2.578178605879715,1.830236217296326,3.631774336558046,165,72.72727272727273,2.578178605879715,Undirected,mild
ELIQUIS,LIDOCAINE,2.578178605879715,1.830236217296326,3.631774336558046,165,72.72727272727273,2.578178605879715,Undirected,mild
HYDROXYCHLOROQUINE SULFATE,PANTOPRAZOLE,2.5781484357886773,1.8083398023033443,3.67566391476496,154,72.72727272727273,2.5781484357886773,Undirected,mild
LISINOPRIL,PREDNISOLONE,2.5781484357886773,1.8083398023033443,3.67566391476496,154,72.72727272727273,2.5781484357886773,Undirected,mild
ALBUTEROL SULFATE,ESCITALOPRAM OXALATE,2.578088099067045,1.7576419005921338,3.781508761433128,132,72.72727272727273,2.578088099067045,Undirected,mild
ALLOPURINOL,LORATADINE,2.578088099067045,1.7576419005921338,3.781508761433128,132,72.72727272727273,2.578088099067045,Undirected,mild
ALBUTEROL SULFATE,DOXYCYCLINE HYCLATE,2.578057932436318,1.7279395963363569,3.8464207412630262,121,72.72727272727273,2.578057932436318,Undirected,mild
GABAPENTIN,IRBESARTAN,2.578057932436318,1.7279395963363569,3.8464207412630262,121,72.72727272727273,2.578057932436318,Undirected,mild
CETIRIZINE,CODEINE,2.578027766958896,1.6945064069393876,3.922220146228581,110,72.72727272727273,2.578027766958896,Undirected,mild
CEFAZOLIN,FENTANYL,2.578027766958896,1.6945064069393876,3.922220146228581,110,72.72727272727273,2.578027766958896,Undirected,mild
BISOPROLOL,METOCLOPRAMIDE,2.578027766958896,1.6945064069393876,3.922220146228581,110,72.72727272727273,2.578027766958896,Undirected,mild
ALLOPURINOL,MIRALAX,2.578027766958896,1.6945064069393876,3.922220146228581,110,72.72727272727273,2.578027766958896,Undirected,mild
ALBUTEROL,ELIQUIS,2.574312563544892,1.9809426187392396,3.345420060194801,282,72.69503546099291,2.574312563544892,Undirected,mild
FAMOTIDINE,LORAZEPAM,2.574312563544892,1.9809426187392396,3.345420060194801,282,72.69503546099291,2.574312563544892,Undirected,mild
CHOLECALCIFEROL,PERINDOPRIL,2.5713397601775174,1.8386567741305675,3.595988253651224,172,72.67441860465115,2.5713397601775174,Undirected,mild
AMLODIPINE,HUMALOG,2.570842158773193,1.817732217677148,3.63597527790504,161,72.67080745341616,2.570842158773193,Undirected,mild
ASPIRIN,LEVOFLOXACIN,2.5706852668105045,1.9941636105097496,3.3138819233128745,300,72.66666666666667,2.5706852668105045,Undirected,mild
DICLOFENAC DIETHYLAMMONIUM,HUMIRA,2.570276154039744,1.7948167997056217,3.6807765054956465,150,72.66666666666667,2.570276154039744,Undirected,mild
ELIQUIS,FLUTICASONE PROPIONATE,2.570276154039744,1.7948167997056217,3.6807765054956465,150,72.66666666666667,2.570276154039744,Undirected,mild
LANTUS,LT4,2.570276154039744,1.7948167997056217,3.6807765054956465,150,72.66666666666667,2.570276154039744,Undirected,mild
DIAZEPAM,ONDANSETRON,2.570276154039744,1.7948167997056217,3.6807765054956465,150,72.66666666666667,2.570276154039744,Undirected,mild
BISOPROLOL FUMARATE,JARDIANCE,2.5688685756887453,1.7415359849259595,3.789233077168761,128,72.65625,2.5688685756887453,Undirected,mild
TAMSULOSIN,TORSEMIDE,2.5688685756887453,1.7415359849259595,3.789233077168761,128,72.65625,2.5688685756887453,Undirected,mild
DAPAGLIFLOZIN,KARDEGIC,2.5688685756887453,1.7415359849259595,3.789233077168761,128,72.65625,2.5688685756887453,Undirected,mild
BACTRIM,CYCLOPHOSPHAMIDE,2.5674803112742457,2.0063911885004955,3.2854785181286044,318,72.64150943396226,2.5674803112742457,Undirected,mild
CLONAZEPAM,ONDANSETRON,2.56719186369968,1.89803959079172,3.4722532116923777,212,72.64150943396226,2.56719186369968,Undirected,mild
MAGNESIUM OXIDE,VITAMIN D2,2.566903522265772,1.674713827956831,3.934399765874669,106,72.64150943396226,2.566903522265772,Undirected,mild
IMODIUM,OXYGEN,2.566903522265772,1.674713827956831,3.934399765874669,106,72.64150943396226,2.566903522265772,Undirected,mild
FOLIC ACID,GLUCOSAMINA,2.566903522265772,1.674713827956831,3.934399765874669,106,72.64150943396226,2.566903522265772,Undirected,mild
ASPIRIN,DIAZEPAM,2.5665556412753747,1.8821948210673136,3.499748158921785,201,72.636815920398,2.5665556412753747,Undirected,mild
CETIRIZINE HYDROCHLORIDE,IBUPROFEN,2.5650146299465364,1.955955323256395,3.363727163709518,263,72.6235741444867,2.5650146299465364,Undirected,mild
MELATONINA,QUETIAPINE,2.5644007269030182,1.9441050481139548,3.382610983146454,252,72.61904761904762,2.5644007269030182,Undirected,mild
CANNABIS SATIVA SUBSP. INDICA TOP,FENTANYL,2.56220879099869,1.9038423954932155,3.4482444052151915,219,72.6027397260274,2.56220879099869,Undirected,mild
KEYTRUDA,PEMETREXED,2.562147923398824,2.1246196228012417,3.08977753520025,551,72.59528130671507,2.562147923398824,Undirected,mild
CHOLECALCIFEROL,PERPRAZOLE,2.562076183627536,2.028333040333102,3.2362704941361264,354,72.59887005649718,2.562076183627536,Undirected,mild
MOUNJARO,PANTOPRAZOLE,2.5620109395647592,1.7807979498197437,3.6859319470318983,146,72.6027397260274,2.5620109395647592,Undirected,mild
ALBUTEROL SULFATE,MIRALAX,2.56133068118489,1.8885393943348676,3.473803553189629,208,72.59615384615384,2.56133068118489,Undirected,mild
CHOLECALCIFEROL,QUETIAPINE,2.56133068118489,1.8885393943348676,3.473803553189629,208,72.59615384615384,2.56133068118489,Undirected,mild
ATORVASTATIN,POTASSIUM CHLORIDE,2.560676649997124,2.129797876775264,3.078726379316601,569,72.58347978910369,2.560676649997124,Undirected,mild
LANSOPRAZOLE,SODIUM BICARBONATE,2.560674493494711,1.754277106684443,3.737752625653952,135,72.5925925925926,2.560674493494711,Undirected,mild
FERROUS SULFATE,LASIX,2.560674493494711,1.754277106684443,3.737752625653952,135,72.5925925925926,2.560674493494711,Undirected,mild
CETIRIZINE HYDROCHLORIDE,VITAMIN D2,2.560674493494711,1.754277106684443,3.737752625653952,135,72.5925925925926,2.560674493494711,Undirected,mild
ACTEMRA,KEVZARA,2.560674493494711,1.754277106684443,3.737752625653952,135,72.5925925925926,2.560674493494711,Undirected,mild
LORAZEPAM,METOPROLOL,2.5603583576119924,1.872098099413518,3.501651393934556,197,72.58883248730965,2.5603583576119924,Undirected,mild
FUROSEMIDE,LEVETIRACETAM,2.5603583576119924,1.872098099413518,3.501651393934556,197,72.58883248730965,2.5603583576119924,Undirected,mild
DAPAGLIFLOZIN,SEMAGLUTIDE,2.559107528917559,1.7247483203734686,3.797093910573828,124,72.58064516129032,2.559107528917559,Undirected,mild
DAPAGLIFLOZIN,FEBUXOSTAT,2.559107528917559,1.7247483203734686,3.797093910573828,124,72.58064516129032,2.559107528917559,Undirected,mild
LT4,POTASSIUM CHLORIDE,2.558159016920292,2.0805248730722123,3.1454454789512414,452,72.56637168141593,2.558159016920292,Undirected,mild
MONTELUKAST SODIUM,OXYGEN,2.5575482998259287,1.9094378227746844,3.4256435207915907,226,72.56637168141593,2.5575482998259287,Undirected,mild
G CSF,PREDNISONE,2.5572431207705155,1.691578745087713,3.8659107048481114,113,72.56637168141593,2.5572431207705155,Undirected,mild
LASIX,TYVASO,2.554985661821053,1.6539283987404805,3.946937326357301,102,72.54901960784314,2.554985661821053,Undirected,mild
CYCLOPHOSPHAMIDE,GABAPENTIN,2.554985661821053,1.6539283987404805,3.946937326357301,102,72.54901960784314,2.554985661821053,Undirected,mild
OMEPRAZOLE,PEMETREXED,2.554985661821053,1.6539283987404805,3.946937326357301,102,72.54901960784314,2.554985661821053,Undirected,mild
CLOPIDOGREL,TRAZODONE,2.554985661821053,1.6539283987404805,3.946937326357301,102,72.54901960784314,2.554985661821053,Undirected,mild
FERROUS SULFATE,METOPROLOL,2.553322566754382,1.7662525491720396,3.6911234086842746,142,72.53521126760563,2.553322566754382,Undirected,mild
ATORVASTATIN,FLUOROURACIL,2.553322566754382,1.7662525491720396,3.6911234086842746,142,72.53521126760563,2.553322566754382,Undirected,mild
ACETAMINOPHEN,KETOROLAC,2.553322566754382,1.7662525491720396,3.6911234086842746,142,72.53521126760563,2.553322566754382,Undirected,mild
LORAZEPAM,PANTOPRAZOLE SODIUM,2.5515791354994315,1.9453303448397257,3.346761182226059,262,72.51908396946564,2.5515791354994315,Undirected,mild
FERROUS FUMARATE,FUROSEMIDE,2.551226918448992,1.7383736420064515,3.744165599465863,131,72.51908396946564,2.551226918448992,Undirected,mild
FERROUS SULFATE,FUROSEMIDE,2.5510696474225556,2.1125504028080613,3.0806158931640564,542,72.50922509225092,2.5510696474225556,Undirected,mild
ACETAMINOPHEN,HYDROMORPHONE,2.5510696474225556,2.1125504028080613,3.0806158931640564,542,72.50922509225092,2.5510696474225556,Undirected,mild
ACETAMINOPHEN,METFORMIN,2.5509290697381495,2.239540245624002,2.9056138337098876,1138,72.49560632688929,2.5509290697381495,Undirected,mild
METOCLOPRAMIDE,POLYETHYLENE GLYCOL,2.5507629465296024,1.8232697349336164,3.568529375948464,171,72.51461988304094,2.5507629465296024,Undirected,mild
CHOLECALCIFEROL,TAMSULOSIN,2.550515691264622,1.8852014090817848,3.450628808173591,211,72.51184834123224,2.550515691264622,Undirected,mild
ENBREL,FOLIC ACID,2.5504617844440776,2.10796856616781,3.0858407560294867,531,72.50470809792844,2.5504617844440776,Undirected,mild
JARDIANCE,TORSEMIDE,2.550381512676938,1.9330744345014592,3.3648191420429208,251,72.50996015936255,2.550381512676938,Undirected,mild
PANTOPRAZOLE,RITUXIMAB,2.549613990349541,2.1401444669173615,3.0374264916561433,629,72.49602543720191,2.549613990349541,Undirected,mild
FLUOROURACIL,ONIVYDE,2.5489704014589183,1.8687520542488385,3.47678553328749,200,72.5,2.5489704014589183,Undirected,mild
ADALIMUMAB,STELARA,2.548863057959268,1.8014565278683876,3.6063611792602264,160,72.5,2.548863057959268,Undirected,mild
PREDNISOLONE,VORICONAZOLE,2.548863057959268,1.8014565278683876,3.6063611792602264,160,72.5,2.548863057959268,Undirected,mild
METHOTREXATE SODIUM,RINVOQ,2.5487557293363743,1.7072298155146974,3.8050857059724703,120,72.5,2.5487557293363743,Undirected,mild
METHYLPREDNISOLONE,POSACONAZOLE,2.5487557293363743,1.7072298155146974,3.8050857059724703,120,72.5,2.5487557293363743,Undirected,mild
LT4,ZOLPIDEM,2.5487557293363743,1.7072298155146974,3.8050857059724703,120,72.5,2.5487557293363743,Undirected,mild
ALBUTEROL,ONDANSETRON,2.5477570255176976,2.032834700769234,3.1931105163732862,378,72.4867724867725,2.5477570255176976,Undirected,mild
CICLOBENZAPRINA,OXYCODONE,2.5472502918278996,1.8510250001378643,3.505346523539151,189,72.4867724867725,2.5472502918278996,Undirected,mild
METOPROLOL SUCCINATE,PLAVIX,2.5457963368282885,1.6721106390415226,3.875986933689614,109,72.47706422018348,2.5457963368282885,Undirected,mild
LEVOFLOXACIN,LORAZEPAM,2.5457963368282885,1.6721106390415226,3.875986933689614,109,72.47706422018348,2.5457963368282885,Undirected,mild
HYDROMORPHONE,METOPROLOL,2.5457963368282885,1.6721106390415226,3.875986933689614,109,72.47706422018348,2.5457963368282885,Undirected,mild
BUPRENORPHINE,DIAZEPAM,2.545323252395749,1.8318423722450352,3.536696474187604,178,72.47191011235955,2.545323252395749,Undirected,mild
DEXAMETHASONE,POTASSIUM CHLORIDE,2.545238876696541,1.9884249880217235,3.257976025483691,316,72.46835443037975,2.545238876696541,Undirected,mild
ELIQUIS,PROCHLORPERAZINE,2.5441776283561848,1.7511471829374137,3.696342527742536,138,72.46376811594203,2.5441776283561848,Undirected,mild
DIPHENHYDRAMINE,HYDROCHLOROTHIAZIDE,2.5441776283561848,1.7511471829374137,3.696342527742536,138,72.46376811594203,2.5441776283561848,Undirected,mild
CARVEDILOL,RAMIPRIL,2.5441776283561848,1.7511471829374137,3.696342527742536,138,72.46376811594203,2.5441776283561848,Undirected,mild
DILAUDID,FENTANYL,2.5441776283561848,1.7511471829374137,3.696342527742536,138,72.46376811594203,2.5441776283561848,Undirected,mild
HUMALOG,OZEMPIC,2.5436566258681093,1.911657246625215,3.3845968160584334,236,72.45762711864407,2.5436566258681093,Undirected,mild
FUROSEMIDE,ZOPICLONE,2.543122666903711,1.94226144551946,3.3298673120650397,265,72.45283018867924,2.543122666903711,Undirected,mild
ADCIRCA,OPSUMIT,2.5424476777557827,1.8584407591850896,3.4782062124811555,196,72.44897959183673,2.5424476777557827,Undirected,mild
CYANOCOBALAMIN,POTASSIUM CHLORIDE,2.5413521005239623,2.0988655363196447,3.077124468946431,526,72.43346007604563,2.5413521005239623,Undirected,mild
METFORMIN,VICTOZA,2.541240260593658,1.721811672015163,3.750643677832642,127,72.44094488188976,2.541240260593658,Undirected,mild
ALBUTEROL SULFATE,LEVOFLOXACIN,2.541240260593658,1.721811672015163,3.750643677832642,127,72.44094488188976,2.541240260593658,Undirected,mild
ALPRAZOLAM,TRAMADOL HYDROCHLORIDE,2.541240260593658,1.721811672015163,3.750643677832642,127,72.44094488188976,2.541240260593658,Undirected,mild
PANTOPRAZOLE,TOPIRAMATE,2.540675139607462,1.788202657370401,3.609786697505352,156,72.43589743589743,2.540675139607462,Undirected,mild
AMLODIPINE,CARBIDOPA / LEVODOPA,2.5403115293525365,1.840020168402972,3.507126050559762,185,72.43243243243244,2.5403115293525365,Undirected,mild
DEXAMETHASONE,PEMBROLIZUMAB,2.5397849534326027,1.946647213563468,3.313650036194571,272,72.42647058823529,2.5397849534326027,Undirected,mild
AMPHOTERICIN B,VORICONAZOLE,2.538761566602109,2.0836581297051504,3.0932666929233927,493,72.41379310344827,2.538761566602109,Undirected,mild
ASPIRIN,MYCOPHENOLIC ACID,2.5379121351810565,1.8200515697595936,3.5389096182313375,174,72.41379310344827,2.5379121351810565,Undirected,mild
LASIX,XARELTO,2.5378349606434685,1.763157539159821,3.652881914643492,145,72.41379310344827,2.5378349606434685,Undirected,mild
ALPRAZOLAM,HYDROCHLOROTHIAZIDE,2.5378349606434685,1.763157539159821,3.652881914643492,145,72.41379310344827,2.5378349606434685,Undirected,mild
ASPIRIN,CEFTRIAXONE,2.5378349606434685,1.763157539159821,3.652881914643492,145,72.41379310344827,2.5378349606434685,Undirected,mild
MAGNESIUM OXIDE,SODIUM CHLORIDE,2.53775779385094,1.6889263076586891,3.8132004878170664,116,72.41379310344827,2.53775779385094,Undirected,mild
APIXABAN,IRBESARTAN,2.53775779385094,1.6889263076586891,3.8132004878170664,116,72.41379310344827,2.53775779385094,Undirected,mild
ACYCLOVIR,VENETOCLAX,2.53775779385094,1.6889263076586891,3.8132004878170664,116,72.41379310344827,2.53775779385094,Undirected,mild
ATORVASTATIN CALCIUM,BISOPROLOL,2.53775779385094,1.6889263076586891,3.8132004878170664,116,72.41379310344827,2.53775779385094,Undirected,mild
OPSUMIT,ORENITRAM,2.5366215079660828,1.950903856197597,3.29818850592523,279,72.40143369175627,2.5366215079660828,Undirected,mild
SERTRALINE,TRAZODONE,2.535547589665237,2.0527691876916343,3.131867731650185,431,72.38979118329466,2.535547589665237,Undirected,mild
ACETAMINOPHEN,ETOPOSIDE,2.5351968458568948,1.7983008707767898,3.5740532364122477,163,72.39263803680981,2.5351968458568948,Undirected,mild
CITALOPRAM,RAMIPRIL,2.5351968458568948,1.7983008707767898,3.5740532364122477,163,72.39263803680981,2.5351968458568948,Undirected,mild
ALBUTEROL SULFATE,LOPERAMIDE,2.5345391055228803,1.7354454105056618,3.701579109626373,134,72.38805970149254,2.5345391055228803,Undirected,mild
FAMOTIDINE,PROCHLORPERAZINE,2.5345391055228803,1.7354454105056618,3.701579109626373,134,72.38805970149254,2.5345391055228803,Undirected,mild
ENOXAPARIN,OMEPRAZOLE,2.5345391055228803,1.7354454105056618,3.701579109626373,134,72.38805970149254,2.5345391055228803,Undirected,mild
ATORVASTATIN,DIPYRONE,2.5345391055228803,1.7354454105056618,3.701579109626373,134,72.38805970149254,2.5345391055228803,Undirected,mild
INSULIN ASPART,METFORMIN,2.5345391055228803,1.7354454105056618,3.701579109626373,134,72.38805970149254,2.5345391055228803,Undirected,mild
PANTOPRAZOLE,REMICADE,2.5345391055228803,1.7354454105056618,3.701579109626373,134,72.38805970149254,2.5345391055228803,Undirected,mild
FENTANYL,OMEPRAZOLE,2.533839598536913,1.8723638873121693,3.429003920990105,210,72.38095238095238,2.533839598536913,Undirected,mild
MIRTAZAPINE,PANTOPRAZOLE SODIUM,2.533839598536913,1.8723638873121693,3.429003920990105,210,72.38095238095238,2.533839598536913,Undirected,mild
ALPRAZOLAM,METOPROLOL,2.53356105912101,1.6516915387696958,3.886277485610708,105,72.38095238095238,2.53356105912101,Undirected,mild
DIPYRONE,FENTANYL,2.53356105912101,1.6516915387696958,3.886277485610708,105,72.38095238095238,2.53356105912101,Undirected,mild
MOXIFLOXACIN,PRETOMANID,2.53356105912101,1.6516915387696958,3.886277485610708,105,72.38095238095238,2.53356105912101,Undirected,mild
METOCLOPRAMIDE,PERPRAZOLE,2.53356105912101,1.6516915387696958,3.886277485610708,105,72.38095238095238,2.53356105912101,Undirected,mild
FOSCARBIDOPA/FOSLEVODOPA,QUETIAPINE,2.53356105912101,1.6516915387696958,3.886277485610708,105,72.38095238095238,2.53356105912101,Undirected,mild
OFEV,VITAMIN D3,2.53356105912101,1.6516915387696958,3.886277485610708,105,72.38095238095238,2.53356105912101,Undirected,mild
AMIODARONE,CARVEDILOL,2.53356105912101,1.6516915387696958,3.886277485610708,105,72.38095238095238,2.53356105912101,Undirected,mild
ALBUTEROL SULFATE,ANORO ELLIPTA,2.53356105912101,1.6516915387696958,3.886277485610708,105,72.38095238095238,2.53356105912101,Undirected,mild
PANTOPRAZOLE,ZOFRAN,2.53309576156155,1.8286825524216108,3.5088507454418587,181,72.37569060773481,2.53309576156155,Undirected,mild
CLOZAPINE,HALOPERIDOL,2.533024875287273,1.9269834788002609,3.3296678925440704,257,72.37354085603113,2.533024875287273,Undirected,mild
ASPIRIN,METOCLOPRAMIDE,2.533024875287273,1.9269834788002609,3.3296678925440704,257,72.37354085603113,2.533024875287273,Undirected,mild
HUMIRA,ORENCIA,2.5327022937538533,2.022629531255692,3.171406730526533,380,72.36842105263158,2.5327022937538533,Undirected,mild
IBUPROFEN,PANTOPRAZOLE,2.532436500548131,2.048347574326536,3.130930858458939,427,72.36533957845434,2.532436500548131,Undirected,mild
DIAZEPAM,HALOPERIDOL,2.5320979693143517,1.7744806578498575,3.61318118506556,152,72.36842105263158,2.5320979693143517,Undirected,mild
NYSTATIN,PANTOPRAZOLE,2.530666953781211,1.704544937795749,3.757175941188172,123,72.35772357723577,2.530666953781211,Undirected,mild
ENBREL,REMICADE,2.530636134311076,1.9952454171732024,3.209689990594766,340,72.35294117647058,2.530636134311076,Undirected,mild
METHYLPREDNISOLONE,SIROLIMUS,2.5301862312261743,1.8078837733974,3.5410696522023004,170,72.35294117647058,2.5301862312261743,Undirected,mild
ACYCLOVIR,LEVOFLOXACIN,2.5292724636897574,2.0438642136820966,3.129962916692215,423,72.3404255319149,2.5292724636897574,Undirected,mild
PANTOPRAZOLE,VALSARTAN,2.5288996335525473,1.9480365352788616,3.2829637641609817,282,72.3404255319149,2.5288996335525473,Undirected,mild
MIRTAZAPINE,PERPRAZOLE,2.528651181105112,1.8369165550800608,3.480874935783677,188,72.3404255319149,2.528651181105112,Undirected,mild
DIAZEPAM,LT4,2.5285269851598393,1.748233363438367,3.6570911231822536,141,72.3404255319149,2.5285269851598393,Undirected,mild
NAPROXEN,VITAMIN D2,2.5285269851598393,1.748233363438367,3.6570911231822536,141,72.3404255319149,2.5285269851598393,Undirected,mild
ATORVASTATIN CALCIUM,SODIUM CHLORIDE,2.5261281066404067,1.9522212995419412,3.268749917161505,289,72.31833910034602,2.5261281066404067,Undirected,mild
BACTRIM,RITUXIMAB,2.5260541097469167,2.039317706168664,3.128962861484391,419,72.31503579952268,2.5260541097469167,Undirected,mild
MORPHINE,VITAMIN D NOS,2.5260511931612957,1.66977787117443,3.821427233302359,112,72.32142857142857,2.5260511931612957,Undirected,mild
ATORVASTATIN,LINEZOLID,2.5260511931612957,1.66977787117443,3.821427233302359,112,72.32142857142857,2.5260511931612957,Undirected,mild
ATORVASTATIN CALCIUM,ORENITRAM,2.5260511931612957,1.66977787117443,3.821427233302359,112,72.32142857142857,2.5260511931612957,Undirected,mild
ASPIRIN,RANITIDINA,2.5260511931612957,1.66977787117443,3.821427233302359,112,72.32142857142857,2.5260511931612957,Undirected,mild
ARIPIPRAZOLE,LITHIUM,2.525462833819012,1.905620357029523,3.3469219099564564,242,72.31404958677686,2.525462833819012,Undirected,mild
AMLODIPINE BESYLATE,FUROSEMIDE,2.5253937472817416,2.0839563384081172,3.060339346495818,520,72.3076923076923,2.5253937472817416,Undirected,mild
PREGABALIN,TRAMADOL,2.5250349361682862,2.1179401778672435,3.0103784306555745,621,72.30273752012883,2.5250349361682862,Undirected,mild
HYDROXYCHLOROQUINE SULFATE,OMEPRAZOLE,2.52436586620193,1.719107405458291,3.706820764201536,130,72.3076923076923,2.52436586620193,Undirected,mild
FERROUS SULFATE,SPIRONOLACTONE,2.523673899233488,1.869346872800826,3.4070348539058704,213,72.30046948356808,2.523673899233488,Undirected,mild
CLOZARIL,OLANZAPINE,2.523673899233488,1.869346872800826,3.4070348539058704,213,72.30046948356808,2.523673899233488,Undirected,mild
DEXAMETHASONE,FOLIC ACID,2.523217008890041,2.1039225859336423,3.02607335294456,581,72.28915662650603,2.523217008890041,Undirected,mild
OPSUMIT,TADALAFIL,2.5230109204592925,2.1095519929256024,3.0175051983093466,599,72.28714524207011,2.5230109204592925,Undirected,mild
ELIQUIS,TRAZODONE,2.522125010948346,1.79531881609254,3.5431671042672974,166,72.28915662650603,2.522125010948346,Undirected,mild
FOLIC ACID,SIMPONI,2.521831649032446,2.007077531942363,3.168604483309186,368,72.28260869565217,2.521831649032446,Undirected,mild
AMLODIPINE,MAGNESIUM OXIDE,2.5213733627023203,1.945250586626489,3.2681258023265096,285,72.28070175438597,2.5213733627023203,Undirected,mild
CELEBREX,SIMPONI,2.52134795522304,1.825674417794217,3.4821080086054876,184,72.28260869565217,2.52134795522304,Undirected,mild
ACYCLOVIR,ETOPOSIDE,2.52134795522304,1.825674417794217,3.4821080086054876,184,72.28260869565217,2.52134795522304,Undirected,mild
ACETAMINOPHEN,KEYTRUDA,2.52134795522304,1.825674417794217,3.4821080086054876,184,72.28260869565217,2.52134795522304,Undirected,mild
ATIVAN,CALCIUM,2.520452806152926,1.6302419251222038,3.896772773505968,101,72.27722772277228,2.520452806152926,Undirected,mild
ATORVASTATIN CALCIUM,CETIRIZINE HYDROCHLORIDE,2.520452806152926,1.6302419251222038,3.896772773505968,101,72.27722772277228,2.520452806152926,Undirected,mild
MELATONINA,RISPERIDONE,2.520452806152926,1.6302419251222038,3.896772773505968,101,72.27722772277228,2.520452806152926,Undirected,mild
CARBOPLATIN,CYANOCOBALAMIN,2.519765971076273,1.89711774856094,3.3467719933621205,238,72.26890756302521,2.519765971076273,Undirected,mild
DICLOFENAC,DIPYRONE,2.5194536662705196,1.6865225270340305,3.7637485860607662,119,72.26890756302521,2.5194536662705196,Undirected,mild
ENTRESTO,LANSOPRAZOLE,2.5194536662705196,1.6865225270340305,3.7637485860607662,119,72.26890756302521,2.5194536662705196,Undirected,mild
ALBUTEROL SULFATE,OFEV,2.5194536662705196,1.6865225270340305,3.7637485860607662,119,72.26890756302521,2.5194536662705196,Undirected,mild
ALBUTEROL SULFATE,OXYCODONE HYDROCHLORIDE,2.5194536662705196,1.6865225270340305,3.7637485860607662,119,72.26890756302521,2.5194536662705196,Undirected,mild
PANTOPRAZOLE SODIUM,SODIUM CHLORIDE,2.51908919815367,1.933598222860238,3.2818660636063175,274,72.26277372262774,2.51908919815367,Undirected,mild
ACTEMRA,REMICADE,2.5188221912500235,1.9494826328086472,3.254435368830657,292,72.26027397260275,2.5188221912500235,Undirected,mild
FLUCONAZOLE,VENCLEXTA,2.5187298334153327,1.7327319538576966,3.6612702614575543,137,72.26277372262774,2.5187298334153327,Undirected,mild
CALCIUM GLUCONATE,PREDNISONE,2.518185271271519,1.7716083713619108,3.5793785821716453,155,72.25806451612902,2.518185271271519,Undirected,mild
CLOZAPINE,LITHIUM,2.518185271271519,1.7716083713619108,3.5793785821716453,155,72.25806451612902,2.518185271271519,Undirected,mild
DOXYCYCLINE,FOLIC ACID,2.516767468441453,1.90275483961993,3.328919920902906,245,72.24489795918367,2.516767468441453,Undirected,mild
HYDROXYCHLOROQUINE,INFLIXIMAB,2.5166197759151276,1.921270139941938,3.296452156758396,263,72.24334600760456,2.5166197759151276,Undirected,mild
CETIRIZINE HYDROCHLORIDE,RITUXIMAB,2.51613070779333,2.0046224000327597,3.1581577351410943,371,72.23719676549865,2.51613070779333,Undirected,mild
CHOLECALCIFEROL,LEVOTHYROXINE SODIUM,2.5141294552686366,1.971471284217707,3.2061572331536774,324,72.22222222222221,2.5141294552686366,Undirected,mild
DILTIAZEM,FUROSEMIDE,2.5139883171762367,1.9261512470501776,3.2812258479585346,270,72.22222222222221,2.5139883171762367,Undirected,mild
PANTOPRAZOLE,TRELEGY ELLIPTA,2.5137061199130164,1.7823350023982767,3.545191251243904,162,72.22222222222221,2.5137061199130164,Undirected,mild
JARDIANCE,ROSUVASTATIN CALCIUM,2.5137061199130164,1.7823350023982767,3.545191251243904,162,72.22222222222221,2.5137061199130164,Undirected,mild
IBUPROFEN,OXYGEN,2.51365909726321,1.7455187241653825,3.619830580892376,144,72.22222222222221,2.51365909726321,Undirected,mild
CARVEDILOL,MAGNESIUM OXIDE,2.513612077534791,1.7020895419576387,3.7120524629167937,126,72.22222222222221,2.513612077534791,Undirected,mild
CHOLECALCIFEROL,TRAZODONE,2.513612077534791,1.7020895419576387,3.7120524629167937,126,72.22222222222221,2.513612077534791,Undirected,mild
FUROSEMIDE,LEVOTHYROXINE SODIUM,2.5136119668466472,2.0968897652609684,3.0131508220167844,583,72.21269296740995,2.5136119668466472,Undirected,mild
BUPROPION,HYDROXYZINE,2.5135650607274873,1.6497180072746522,3.8297510766384737,108,72.22222222222221,2.5135650607274873,Undirected,mild
ASCORBIC ACID,CANDESARTAN,2.5135650607274873,1.6497180072746522,3.8297510766384737,108,72.22222222222221,2.5135650607274873,Undirected,mild
HYDROXYZINE,TRAMADOL,2.5135650607274873,1.6497180072746522,3.8297510766384737,108,72.22222222222221,2.5135650607274873,Undirected,mild
ATOVAQUONE,RITUXIMAB,2.5135650607274873,1.6497180072746522,3.8297510766384737,108,72.22222222222221,2.5135650607274873,Undirected,mild
AMLODIPINE BESYLATE,SULFAMETHOXAZOLE / TRIMETHOPRIM,2.5135650607274873,1.6497180072746522,3.8297510766384737,108,72.22222222222221,2.5135650607274873,Undirected,mild
JARDIANCE,TADALAFIL,2.5135650607274873,1.6497180072746522,3.8297510766384737,108,72.22222222222221,2.5135650607274873,Undirected,mild
ALLOPURINOL,TRELEGY ELLIPTA,2.5135650607274873,1.6497180072746522,3.8297510766384737,108,72.22222222222221,2.5135650607274873,Undirected,mild
CELEBREX,CELECOXIB,2.5135650607274873,1.6497180072746522,3.8297510766384737,108,72.22222222222221,2.5135650607274873,Undirected,mild
ACETYLCYSTEINE,OMEPRAZOLE,2.5135650607274873,1.6497180072746522,3.8297510766384737,108,72.22222222222221,2.5135650607274873,Undirected,mild
PACLITAXEL,PREDNISONE,2.5096096142665276,1.7924989106703408,3.5136090619233196,169,72.18934911242604,2.5096096142665276,Undirected,mild
SULFAMETHOXAZOLE / TRIMETHOPRIM,VITAMIN D3,2.5090729011413013,1.7575532146034718,3.5819381006122,151,72.18543046357617,2.5090729011413013,Undirected,mild
BISOPROLOL FUMARATE,LASIX,2.508403842454037,1.7166156398312478,3.665404002410652,133,72.18045112781954,2.508403842454037,Undirected,mild
PANTOPRAZOLE,SODIUM BICARBONATE,2.508403842454037,1.7166156398312478,3.665404002410652,133,72.18045112781954,2.508403842454037,Undirected,mild
DIPHENHYDRAMINE,METOPROLOL,2.508403842454037,1.7166156398312478,3.665404002410652,133,72.18045112781954,2.508403842454037,Undirected,mild
HYDROMORPHONE,IBUPROFEN,2.507540399852809,1.667688256904669,3.770344265998761,115,72.17391304347827,2.507540399852809,Undirected,mild
FOLIC ACID,TRELEGY ELLIPTA,2.507540399852809,1.667688256904669,3.770344265998761,115,72.17391304347827,2.507540399852809,Undirected,mild
EPINEPHRINE,METHYLPREDNISOLONE,2.507280414309917,1.8566996568314915,3.3858222857164293,212,72.16981132075472,2.507280414309917,Undirected,mild
FOLIC ACID,MORPHINE SULFATE,2.506626574859828,1.831128446685904,3.4313140605538712,194,72.16494845360825,2.506626574859828,Undirected,mild
FEBUXOSTAT,LANSOPRAZOLE,2.5058488998046284,1.8021493366333747,3.4843276198089628,176,72.1590909090909,2.5058488998046284,Undirected,mild
ROSUVASTATIN,TRULICITY,2.5058488998046284,1.8021493366333747,3.4843276198089628,176,72.1590909090909,2.5058488998046284,Undirected,mild
CEFTRIAXONE,DOXYCYCLINE,2.5058488998046284,1.8021493366333747,3.4843276198089628,176,72.1590909090909,2.5058488998046284,Undirected,mild
ALLOPURINOL,BACTRIM,2.505776070802821,1.905472385281011,3.29520058412289,255,72.15686274509804,2.505776070802821,Undirected,mild
ASCORBIC ACID,LASIX,2.5049051714643045,1.7689089572194927,3.54712993702708,158,72.15189873417721,2.5049051714643045,Undirected,mild
FAMOTIDINE,OXYCODONE,2.5049051714643045,1.7689089572194927,3.54712993702708,158,72.15189873417721,2.5049051714643045,Undirected,mild
ACYCLOVIR,THIOTEPA,2.5037315220666634,1.7302158871880196,3.6230574352072433,140,72.14285714285714,2.5037315220666634,Undirected,mild
ASPIRIN,DONEPEZILO,2.5033684254364346,1.910775086869582,3.279744181581865,262,72.13740458015268,2.5033684254364346,Undirected,mild
FLUCONAZOLE,PREDNISONE,2.5026936244846003,2.0455866453830955,3.0619457709956093,470,72.12765957446808,2.5026936244846003,Undirected,mild
FUROSEMIDE,METOCLOPRAMIDE,2.5025424621189383,1.891583374437323,3.3108341188350994,244,72.1311475409836,2.5025424621189383,Undirected,mild
ASPIRIN,INSULIN GLARGINE,2.5025424621189383,1.891583374437323,3.3108341188350994,244,72.1311475409836,2.5025424621189383,Undirected,mild
ASCORBIC ACID,FOLIC ACID,2.5025162532412213,2.0985932635727327,2.984183598814565,617,72.12317666126418,2.5025162532412213,Undirected,mild
SPIRONOLACTONE,UPTRAVI,2.5022265145619156,1.6843439178913937,3.717255997228227,122,72.1311475409836,2.5022265145619156,Undirected,mild
ALBUTEROL SULFATE,MIRTAZAPINE,2.5022265145619156,1.6843439178913937,3.717255997228227,122,72.1311475409836,2.5022265145619156,Undirected,mild
CLOPIDOGREL,DEXAMETHASONE,2.5022265145619156,1.6843439178913937,3.717255997228227,122,72.1311475409836,2.5022265145619156,Undirected,mild
ACETAMINOPHEN,MIRTAZAPINE,2.5014497785364256,2.1229054399312,2.9474939753994507,710,72.11267605633803,2.5014497785364256,Undirected,mild
CREON,PULMOZYME,2.501101325705233,1.7796496146332452,3.5150221650420916,165,72.12121212121212,2.501101325705233,Undirected,mild
ALBUTEROL SULFATE,FUROSEMIDE,2.501040042908715,2.1381895276992053,2.9254662485246214,778,72.10796915167094,2.501040042908715,Undirected,mild
ALBUTEROL SULFATE,FERROUS SULFATE,2.5004876522012585,1.8466908646159856,3.3857526555269666,208,72.11538461538461,2.5004876522012585,Undirected,mild
BISOPROLOL FUMARATE,METFORMIN HYDROCHLORIDE,2.5004876522012585,1.8466908646159856,3.3857526555269666,208,72.11538461538461,2.5004876522012585,Undirected,mild
EPINEPHRINE,ICATIBANT,2.500218755314395,1.6286726905445452,3.8381522946368154,104,72.11538461538461,2.500218755314395,Undirected,mild
POTASSIUM CHLORIDE,VALSARTAN,2.500218755314395,1.6286726905445452,3.8381522946368154,104,72.11538461538461,2.500218755314395,Undirected,mild
CYANOCOBALAMIN,SULFAMETHOXAZOLE / TRIMETHOPRIM,2.500218755314395,1.6286726905445452,3.8381522946368154,104,72.11538461538461,2.500218755314395,Undirected,mild
ALLOPURINOL,LANTUS,2.500218755314395,1.6286726905445452,3.8381522946368154,104,72.11538461538461,2.500218755314395,Undirected,mild
HYDROMORPHONE,VITAMIN D3,2.500218755314395,1.6286726905445452,3.8381522946368154,104,72.11538461538461,2.500218755314395,Undirected,mild
ALBUTEROL,OXYGEN,2.4995166898913905,1.7429879669850197,3.584410105740742,147,72.10884353741497,2.4995166898913905,Undirected,mild
METHYLPREDNISOLONE,URSADIOL 300 MG ORAL CAPSULE [URSODIOL],2.4995166898913905,1.7429879669850197,3.584410105740742,147,72.10884353741497,2.4995166898913905,Undirected,mild
ACETAMINOPHEN,FUROSEMIDE,2.4978746213860408,2.258221571690716,2.762960775143546,1879,72.05960617349653,2.4978746213860408,Undirected,mild
ACETAMINOPHEN,MIRALAX,2.4978377999415233,1.902834494530535,3.2788945611142255,258,72.09302325581395,2.4978377999415233,Undirected,mild
FAMOTIDINE,METHYLPREDNISOLONE,2.497726830962578,1.8539855360299875,3.364988130095884,215,72.09302325581395,2.497726830962578,Undirected,mild
FLUCONAZOLE,FLUDARABINE,2.4976158784249343,1.7898306406661324,3.485293487789822,172,72.09302325581395,2.4976158784249343,Undirected,mild
EZETIMIBE,POTASSIUM CHLORIDE,2.4975049423249396,1.6998432441763076,3.669474204934713,129,72.09302325581395,2.4975049423249396,Undirected,mild
JARDIANCE,METOPROLOL TARTRATE,2.4975049423249396,1.6998432441763076,3.669474204934713,129,72.09302325581395,2.4975049423249396,Undirected,mild
AMLODIPINE,DIPHENHYDRAMINE,2.496588467795483,1.8829848902557027,3.3101455087528526,240,72.08333333333333,2.496588467795483,Undirected,mild
ACETAMINOPHEN,POLARAMINE,2.4962151863120927,1.8284282886715049,3.4078942526657614,197,72.08121827411168,2.4962151863120927,Undirected,mild
FUROSEMIDE,METFORMIN,2.496006315963998,2.191822135344691,2.842405608041009,1131,72.06012378426172,2.496006315963998,Undirected,mild
ACETAMINOPHEN,INFLIXIMAB,2.4958391218486455,1.9922778064362805,3.1266788708010687,376,72.07446808510637,2.4958391218486455,Undirected,mild
LASIX,VITAMIN D3,2.4953277072463034,2.0061544223681125,3.103779199210894,401,72.06982543640898,2.4953277072463034,Undirected,mild
FUROSEMIDE,LIDOCAINE,2.495145220151324,1.860986033096932,3.345403758502966,222,72.07207207207207,2.495145220151324,Undirected,mild
LACOSAMIDE,PROPOFOL,2.495145220151324,1.860986033096932,3.345403758502966,222,72.07207207207207,2.495145220151324,Undirected,mild
CYANOCOBALAMIN,LEVOFLOXACIN,2.494859414614948,1.64797995425941,3.77694126837241,111,72.07207207207207,2.494859414614948,Undirected,mild
FENTANYL,HYDROCORTISONE,2.494859414614948,1.64797995425941,3.77694126837241,111,72.07207207207207,2.494859414614948,Undirected,mild
LIDOCAINE HYDROCHLORIDE,PROPOFOL,2.494859414614948,1.64797995425941,3.77694126837241,111,72.07207207207207,2.494859414614948,Undirected,mild
FARXIGA,FUROSEMIDE,2.4944106218545232,1.79950060885817,3.457672823111043,179,72.06703910614524,2.4944106218545232,Undirected,mild
FUROSEMIDE,LORATADINE,2.4934570258453705,1.8364109887742752,3.385586329935564,204,72.05882352941177,2.4934570258453705,Undirected,mild
POTASSIUM CHLORIDE,TYLENOL EXTRA STRENGTH,2.49328216009199,1.7143185601473816,3.626196480832912,136,72.05882352941177,2.49328216009199,Undirected,mild
ALLOPURINOL,SIMVASTATIN,2.4922503040943487,1.9712902367851208,3.150886390219277,347,72.04610951008645,2.4922503040943487,Undirected,mild
ESCITALOPRAM OXALATE,GABAPENTIN,2.492215496679844,1.7663703705223113,3.5163282772086717,161,72.04968944099379,2.492215496679844,Undirected,mild
VENCLEXTA,VIDAZA,2.4921517662489694,1.894717483552042,3.277966493650749,254,72.04724409448819,2.4921517662489694,Undirected,mild
ACETAMINOPHEN,SPIRONOLACTONE,2.4919709494984725,2.0947714339644405,2.9644853431058076,633,72.03791469194313,2.4919709494984725,Undirected,mild
LEVETIRACETAM,MIDAZOLAM,2.491962589726863,2.0456848208125105,3.0355983900451284,490,72.0408163265306,2.491962589726863,Undirected,mild
LORAZEPAM,LT4,2.491318619577248,1.9392505952566428,3.2005499853570427,304,72.03947368421053,2.491318619577248,Undirected,mild
TIZANIDINE,TRAZODONE,2.49015174323775,1.6658178030574595,3.722409313292779,118,72.03389830508475,2.49015174323775,Undirected,mild
ALPRAZOLAM,PANTOPRAZOLE SODIUM,2.49015174323775,1.6658178030574595,3.722409313292779,118,72.03389830508475,2.49015174323775,Undirected,mild
MORPHINE SULFATE,VITAMIN D3,2.49015174323775,1.6658178030574595,3.722409313292779,118,72.03389830508475,2.49015174323775,Undirected,mild
ARIPIPRAZOLE,LAMOTRIGINE,2.489850040991345,1.9231871669623004,3.223478886049642,286,72.02797202797203,2.489850040991345,Undirected,mild
LIDOCAINE / PRILOCAINE,SODIUM CHLORIDE,2.489033095649958,1.7771151685029885,3.4861475840418463,168,72.02380952380952,2.489033095649958,Undirected,mild
ELIQUIS,TRAMADOL,2.488716151818855,1.817473501168239,3.407867064000023,193,72.02072538860104,2.488716151818855,Undirected,mild
LASIX,VITAMINS,2.488486626237109,1.8513789532639024,3.3448396278048413,218,72.01834862385321,2.488486626237109,Undirected,mild
DAPAGLIFLOZIN,METFORMIN HYDROCHLORIDE,2.4868793581342445,2.035394867309478,3.03851063066174,475,72.0,2.4868793581342445,Undirected,mild
PROPOFOL,ROCURONIUM BROMIDE,2.486303663999066,1.8864176149807184,3.2769551453103687,250,72.0,2.486303663999066,Undirected,mild
AZITHROMYCIN,PANTOPRAZOLE,2.486175792504253,1.8258478712806507,3.385314936944196,200,72.0,2.486175792504253,Undirected,mild
MIRALAX,ZOFRAN,2.486047943009941,1.7406272330643782,3.550693828949975,150,72.0,2.486047943009941,Undirected,mild
DIAZEPAM,LOXAPINE,2.4859840265111988,1.6823696542347395,3.673459375894405,125,72.0,2.4859840265111988,Undirected,mild
LOPERAMIDE,VITAMINS,2.4859840265111988,1.6823696542347395,3.673459375894405,125,72.0,2.4859840265111988,Undirected,mild
AMLODIPINE,DENOSUMAB,2.485920115510453,1.606559241390537,3.846605006206094,100,72.0,2.485920115510453,Undirected,mild
CISPLATIN,OPDIVO,2.485920115510453,1.606559241390537,3.846605006206094,100,72.0,2.485920115510453,Undirected,mild
MAGNESIUM,NAPROXEN,2.485920115510453,1.606559241390537,3.846605006206094,100,72.0,2.485920115510453,Undirected,mild
ONDANSETRON,SYMBICORT,2.485920115510453,1.606559241390537,3.846605006206094,100,72.0,2.485920115510453,Undirected,mild
FUROSEMIDE,ROSUVASTATIN CALCIUM,2.4850275651561784,1.9556079207981785,3.1577710101857117,332,71.98795180722891,2.4850275651561784,Undirected,mild
GABAPENTIN,OPSUMIT,2.48381179859217,1.8338553847935977,3.364126256618666,207,71.98067632850241,2.48381179859217,Undirected,mild
BISOPROLOL,TICAGRELOR,2.48381179859217,1.8338553847935977,3.364126256618666,207,71.98067632850241,2.48381179859217,Undirected,mild
CHOLECALCIFEROL,DIPYRONE,2.48381179859217,1.8338553847935977,3.364126256618666,207,71.98067632850241,2.48381179859217,Undirected,mild
CYCLOPHOSPHAMIDE,MERCAPTOPURINE,2.483622139828096,1.959424639915045,3.148056224153502,339,71.976401179941,2.483622139828096,Undirected,mild
PULMOZYME,SODIUM CHLORIDE,2.4829263857817603,1.7526371304933384,3.517512741200428,157,71.97452229299363,2.4829263857817603,Undirected,mild
PROCHLORPERAZINE,TYLENOL,2.4829263857817603,1.7526371304933384,3.517512741200428,157,71.97452229299363,2.4829263857817603,Undirected,mild
DOXORUBICIN,SULFAMETHOXAZOLE / TRIMETHOPRIM,2.4829263857817603,1.7526371304933384,3.517512741200428,157,71.97452229299363,2.4829263857817603,Undirected,mild
POTASSIUM CHLORIDE,TORSEMIDE,2.4824697203816166,2.022206362748477,3.0474911097775506,453,71.96467991169978,2.4824697203816166,Undirected,mild
CHOLECALCIFEROL,HYDROCHLOROTHIAZIDE,2.4821513882970936,1.8716678993851632,3.2917567889309223,239,71.96652719665272,2.4821513882970936,Undirected,mild
ACETAMINOPHEN,KETOPROFEN,2.481416121596549,1.9825149872609775,3.105866037878633,378,71.95767195767195,2.481416121596549,Undirected,mild
ALBUTEROL,FENTANYL,2.4813339386553888,1.6273286123594468,3.783512480737415,107,71.96261682242991,2.4813339386553888,Undirected,mild
GABAPENTIN,ZOLPIDEM,2.480934649231715,1.806201320991788,3.4077246330319104,189,71.95767195767195,2.480934649231715,Undirected,mild
ESCITALOPRAM,PREGABALIN,2.4802864467242967,1.8779281211960712,3.275855336724007,246,71.95121951219512,2.4802864467242967,Undirected,mild
ASPIRIN,TORSEMIDE,2.4800234187330017,2.095259087658079,2.935444210070796,670,71.94029850746269,2.4800234187330017,Undirected,mild
CARBOPLATIN,ONDANSETRON,2.4799980011432528,2.0792474005852664,2.9579885894979685,613,71.94127243066885,2.4799980011432528,Undirected,mild
ASPIRIN,TACROLIMUS,2.4791709443506336,2.0420411121054736,3.0098750386936137,506,71.93675889328063,2.4791709443506336,Undirected,mild
LEVOTHYROXINE SODIUM,POTASSIUM CHLORIDE,2.479170809543683,1.9533385422644736,3.146555381929949,335,71.94029850746269,2.479170809543683,Undirected,mild
FAMOTIDINE,MIRTAZAPINE,2.4786302826953235,1.814988587067927,3.384929316949127,196,71.93877551020408,2.4786302826953235,Undirected,mild
ELIQUIS,TORSEMIDE,2.478192041294987,2.020242024906931,3.039950519701094,456,71.9298245614035,2.478192041294987,Undirected,mild
MIDAZOLAM,PHENYTOIN,2.4774678944903266,1.7747217839776546,3.45848415432963,171,71.9298245614035,2.4774678944903266,Undirected,mild
CYCLOPHOSPHAMIDE,GANCICLOVIR,2.4774678944903266,1.7747217839776546,3.45848415432963,171,71.9298245614035,2.4774678944903266,Undirected,mild
CELLCEPT,CYCLOPHOSPHAMIDE,2.477323150261048,1.6464529981062108,3.727485690680752,114,71.9298245614035,2.477323150261048,Undirected,mild
LASIX,ONDANSETRON,2.477323150261048,1.6464529981062108,3.727485690680752,114,71.9298245614035,2.477323150261048,Undirected,mild
AMIODARONE,RAMIPRIL,2.477323150261048,1.6464529981062108,3.727485690680752,114,71.9298245614035,2.477323150261048,Undirected,mild
AZITHROMYCIN,METFORMIN,2.477323150261048,1.6464529981062108,3.727485690680752,114,71.9298245614035,2.477323150261048,Undirected,mild
ACETAMINOPHEN,DICLOFENAC,2.4767470845451345,2.116200909637033,2.898721049059073,769,71.91157347204161,2.4767470845451345,Undirected,mild
BACTRIM,CHOLECALCIFEROL,2.4750681906710095,1.7849111028449889,3.432082717569087,178,71.91011235955057,2.4750681906710095,Undirected,mild
AMLODIPINE,TACROLIMUS,2.4742239843255134,1.9867210826459,3.0813506627003084,395,71.89873417721519,2.4742239843255134,Undirected,mild
ALLOPURINOL,DIPHENHYDRAMINE,2.4737862112586972,1.664145327372033,3.6773340154597984,121,71.900826446281,2.4737862112586972,Undirected,mild
MAGNESIUM OXIDE,TACROLIMUS,2.4737862112586972,1.664145327372033,3.6773340154597984,121,71.900826446281,2.4737862112586972,Undirected,mild
LYRICA,TRAMADOL HYDROCHLORIDE,2.4737862112586972,1.664145327372033,3.6773340154597984,121,71.900826446281,2.4737862112586972,Undirected,mild
ORENITRAM,TADALAFIL,2.470805814381734,1.8038193811969887,3.384419435792663,192,71.875,2.470805814381734,Undirected,mild
CLOTRIMAZOLE,FUROSEMIDE,2.470724976156642,1.750407001017925,3.4874642893077223,160,71.875,2.470724976156642,Undirected,mild
GIMERACIL\OTERACIL\TEGAFUR,OPDIVO,2.4706441468171,1.6805812133778602,3.632125869081199,128,71.875,2.4706441468171,Undirected,mild
HYDROXYCHLOROQUINE,PREGABALIN,2.4706441468171,1.6805812133778602,3.632125869081199,128,71.875,2.4706441468171,Undirected,mild
CALCIUM,LASIX,2.4706441468171,1.6805812133778602,3.632125869081199,128,71.875,2.4706441468171,Undirected,mild
ACETAMINOPHEN,MAGNESIUM OXIDE,2.4697712679220016,1.9161292998217023,3.1833812657739955,295,71.86440677966101,2.4697712679220016,Undirected,mild
ACTEMRA,RITUXIMAB,2.469340532256846,2.1120142050400155,2.8871219945847826,778,71.8508997429306,2.469340532256846,Undirected,mild
FOLIC ACID,FUROSEMIDE,2.4693236228460167,2.138700138471946,2.851058474565747,920,71.84782608695653,2.4693236228460167,Undirected,mild
HUMIRA,XELJANZ,2.4688778922149988,1.9449578651928203,3.133928068957776,334,71.8562874251497,2.4688778922149988,Undirected,mild
ALLOPURINOL,POSACONAZOLE,2.46845667537576,1.761732569269733,3.4586851968871266,167,71.8562874251497,2.46845667537576,Undirected,mild
DIPHENHYDRAMINE HYDROCHLORIDE,FUROSEMIDE,2.467834608385285,1.6959070479557703,3.5911211417425446,135,71.85185185185186,2.467834608385285,Undirected,mild
ACETAMINOPHEN,PHLOROGLUCINOL,2.4668766108447833,1.605657398420136,3.79002408553703,103,71.84466019417476,2.4668766108447833,Undirected,mild
CARBIDOPA / LEVODOPA,MIRALAX,2.4668766108447833,1.605657398420136,3.79002408553703,103,71.84466019417476,2.4668766108447833,Undirected,mild
PREDNISONE,TOBRAMYCIN,2.4668766108447833,1.605657398420136,3.79002408553703,103,71.84466019417476,2.4668766108447833,Undirected,mild
ACETAMINOPHEN,LAMOTRIGINE,2.465664952925908,1.9038327434809488,3.193297142779157,284,71.83098591549296,2.465664952925908,Undirected,mild
METHYLPREDNISOLONE,SULFAMETHOXAZOLE / TRIMETHOPRIM,2.4655373354358923,2.030506305511393,2.9937727038465543,504,71.82539682539682,2.4655373354358923,Undirected,mild
FUROSEMIDE,HYDROCHLOROTHIAZIDE,2.464675234319728,1.9826815312702313,3.0638425359100503,401,71.82044887780549,2.464675234319728,Undirected,mild
CHOLECALCIFEROL,OLANZAPINE,2.4644577766488247,1.782642721969753,3.4070495775922067,181,71.8232044198895,2.4644577766488247,Undirected,mild
METOPROLOL TARTRATE,SPIRONOLACTONE,2.4644577766488247,1.782642721969753,3.4070495775922067,181,71.8232044198895,2.4644577766488247,Undirected,mild
FLONASE ALLERGY RELIEF,POTASSIUM CHLORIDE,2.4636677851304034,1.626185086734977,3.732452723248059,110,71.81818181818181,2.4636677851304034,Undirected,mild
QUETIAPINE FUMARATE,VALPROATE SODIUM,2.4636677851304034,1.626185086734977,3.732452723248059,110,71.81818181818181,2.4636677851304034,Undirected,mild
SODIUM BICARBONATE,VITAMIN D3,2.4636677851304034,1.626185086734977,3.732452723248059,110,71.81818181818181,2.4636677851304034,Undirected,mild
DUPIXENT,POTASSIUM CHLORIDE,2.4636677851304034,1.626185086734977,3.732452723248059,110,71.81818181818181,2.4636677851304034,Undirected,mild
ALLOPURINOL,ESCITALOPRAM,2.4636677851304034,1.626185086734977,3.732452723248059,110,71.81818181818181,2.4636677851304034,Undirected,mild
ASPIRIN,ENOXAPARIN,2.463614754057301,1.8792923844158993,3.229618608971928,259,71.81467181467181,2.463614754057301,Undirected,mild
AMLODIPINE BESYLATE,TORSEMIDE,2.463023094919482,1.7237027462999892,3.5194483382524853,149,71.81208053691275,2.463023094919482,Undirected,mild
CANDESARTAN,INFLIXIMAB,2.463023094919482,1.7237027462999892,3.5194483382524853,149,71.81208053691275,2.463023094919482,Undirected,mild
AMLODIPINE BESYLATE,METOPROLOL,2.463023094919482,1.7237027462999892,3.5194483382524853,149,71.81208053691275,2.463023094919482,Undirected,mild
GABAPENTIN,SPIRIVA,2.463023094919482,1.7237027462999892,3.5194483382524853,149,71.81208053691275,2.463023094919482,Undirected,mild
PANTOPRAZOLE SODIUM,VALSARTAN,2.463023094919482,1.7237027462999892,3.5194483382524853,149,71.81208053691275,2.463023094919482,Undirected,mild
BISOPROLOL FUMARATE,LANSOPRAZOLE,2.4623957845358624,1.885163890398016,3.216374465150516,266,71.80451127819549,2.4623957845358624,Undirected,mild
"CAVIAR, UNSPECIFIED",EXTRANEAL,2.461045463126969,1.8015496840140923,3.3619637722577846,195,71.7948717948718,2.461045463126969,Undirected,mild
BUMETANIDE,OMEPRAZOLE,2.461045463126969,1.8015496840140923,3.3619637722577846,195,71.7948717948718,2.461045463126969,Undirected,mild
AMLODIPINE,DUTASTERIDE,2.4608499602370615,1.6451157186980638,3.681067816670832,117,71.7948717948718,2.4608499602370615,Undirected,mild
AMIODARONE,ATORVASTATIN,2.4600266183739423,1.98072074023573,3.055317612511143,404,71.78217821782178,2.4600266183739423,Undirected,mild
ELIQUIS,PREDNISONE,2.4599008524875843,2.1230408871789668,2.850209923234065,875,71.77142857142857,2.4599008524875843,Undirected,mild
ATORVASTATIN,COLCHICINE,2.4595206847925515,1.810351088319222,3.34147450069406,202,71.78217821782178,2.4595206847925515,Undirected,mild
METOPROLOL SUCCINATE,TORSEMIDE,2.4591050729028634,1.901625819815878,3.18001454153694,287,71.77700348432056,2.4591050729028634,Undirected,mild
ELIQUIS,IBUPROFEN,2.459054256655456,1.748314801322375,3.458729419096367,163,71.77914110429448,2.459054256655456,Undirected,mild
APIXABAN,FAMOTIDINE,2.459054256655456,1.748314801322375,3.458729419096367,163,71.77914110429448,2.459054256655456,Undirected,mild
NUCALA,PREDNISONE,2.458623312442236,1.9869004654547409,3.042340921240338,418,71.77033492822966,2.458623312442236,Undirected,mild
AMIODARONE,LANSOPRAZOLE,2.458356107521934,1.6626520706233372,3.634864358076219,124,71.7741935483871,2.458356107521934,Undirected,mild
ENTRESTO,FOLIC ACID,2.458356107521934,1.6626520706233372,3.634864358076219,124,71.7741935483871,2.458356107521934,Undirected,mild
ACETAMINOPHEN,METOPROLOL,2.4581702417302496,2.027013131105701,2.981036898380632,510,71.76470588235294,2.4581702417302496,Undirected,mild
CHOLECALCIFEROL,SIMVASTATIN,2.457532472602238,1.870967012885927,3.227991628018455,255,71.76470588235294,2.457532472602238,Undirected,mild
METFORMIN HYDROCHLORIDE,RAMIPRIL,2.456460834650075,1.877069719650584,3.214691371875632,262,71.7557251908397,2.456460834650075,Undirected,mild
CHLORTHALIDONE,ROSUVASTATIN,2.45613369102173,1.6789620749145568,3.5930488236186204,131,71.7557251908397,2.45613369102173,Undirected,mild
AMLODIPINE,BACTRIM,2.455725851933279,1.7703225984302944,3.4064918253885583,177,71.75141242937853,2.455725851933279,Undirected,mild
HYDROCHLOROTHIAZIDE,SPIRONOLACTONE,2.454485032975385,1.8886524490987744,3.189838755126674,276,71.73913043478261,2.454485032975385,Undirected,mild
DIGOXIN,METFORMIN,2.4541409513810155,1.694186231048219,3.5549856909880044,138,71.73913043478261,2.4541409513810155,Undirected,mild
DOCUSATE SODIUM,FUROSEMIDE,2.4523442774112745,1.7084431642839746,3.520159511699266,145,71.72413793103448,2.4523442774112745,Undirected,mild
ASPIRIN,ZOLEDRONIC ACID,2.4523442774112745,1.7084431642839746,3.520159511699266,145,71.72413793103448,2.4523442774112745,Undirected,mild
DICLOFENAC,IBUPROFEN,2.4522821866745903,2.0361622375149655,2.9534424184297396,548,71.71532846715328,2.4522821866745903,Undirected,mild
CIPROFLOXACIN,CYCLOPHOSPHAMIDE,2.450716311168368,1.7218338580945236,3.488147482750325,152,71.71052631578947,2.450716311168368,Undirected,mild
SULFAMETHOXAZOLE / TRIMETHOPRIM,URSADIOL 300 MG ORAL CAPSULE [URSODIOL],2.450716311168368,1.7218338580945236,3.488147482750325,152,71.71052631578947,2.450716311168368,Undirected,mild
ALBUTEROL SULFATE,GLYCERYL TRINITRATE,2.450716311168368,1.7218338580945236,3.488147482750325,152,71.71052631578947,2.450716311168368,Undirected,mild
ALLOPURINOL,LANSOPRAZOLE,2.4503698722634164,1.9505827466601544,3.0782147136167346,364,71.7032967032967,2.4503698722634164,Undirected,mild
TOPIRAMATE,TRAZODONE,2.4492345583426727,1.7344449205343055,3.4585992617926884,159,71.69811320754717,2.4492345583426727,Undirected,mild
CETIRIZINE HYDROCHLORIDE,ZOPICLONE,2.449102970610888,1.6049425595619695,3.7372710474399247,106,71.69811320754717,2.449102970610888,Undirected,mild
INFLIXIMAB,VITAMIN D3,2.449102970610888,1.6049425595619695,3.7372710474399247,106,71.69811320754717,2.449102970610888,Undirected,mild
ASCORBIC ACID,LYRICA,2.449102970610888,1.6049425595619695,3.7372710474399247,106,71.69811320754717,2.449102970610888,Undirected,mild
ELIQUIS,MIRTAZAPINE,2.4486778136106997,1.880825828781728,3.187973571563027,272,71.69117647058823,2.4486778136106997,Undirected,mild
ALLOPURINOL,FILGRASTIM,2.4483436933606653,1.8246534124624512,3.28521942845532,219,71.68949771689498,2.4483436933606653,Undirected,mild
GABAPENTIN,MAGNESIUM OXIDE,2.447900198268982,1.886534563542568,3.176308293781288,279,71.68458781362007,2.447900198268982,Undirected,mild
CHOLECALCIFEROL,CITALOPRAM,2.447880353443228,1.7463511359914785,3.431221878165619,166,71.6867469879518,2.447880353443228,Undirected,mild
ALPRAZOLAM,PAROXETINE,2.447880353443228,1.7463511359914785,3.431221878165619,166,71.6867469879518,2.447880353443228,Undirected,mild
ALBUTEROL,LORAZEPAM,2.447161820513606,1.892055445095094,3.1651297488686865,286,71.67832167832168,2.447161820513606,Undirected,mild
FERRUM,PREGABALIN,2.4471060450746225,1.6252206161896257,3.684624681835848,113,71.68141592920354,2.4471060450746225,Undirected,mild
DEXAMETHASONE,GANCICLOVIR,2.4471060450746225,1.6252206161896257,3.684624681835848,113,71.68141592920354,2.4471060450746225,Undirected,mild
ASPIRIN,PACLITAXEL,2.4471060450746225,1.6252206161896257,3.684624681835848,113,71.68141592920354,2.4471060450746225,Undirected,mild
AMLODIPINE,OXYCODONE,2.446459843921826,1.8973988082142224,3.1544057801717877,293,71.67235494880546,2.446459843921826,Undirected,mild
SULFAMETHOXAZOLE / TRIMETHOPRIM,VALGANCICLOVIR,2.4454105044084344,1.9486483075149008,3.0688105760332984,367,71.66212534059946,2.4454105044084344,Undirected,mild
FUROSEMIDE,NOVORAPID,2.4453460438705816,1.643949235611548,3.637409930148515,120,71.66666666666667,2.4453460438705816,Undirected,mild
CARBIDOPA / LEVODOPA,FINASTERIDE,2.4453460438705816,1.643949235611548,3.637409930148515,120,71.66666666666667,2.4453460438705816,Undirected,mild
HUMALOG,VITAMIN D3,2.4453460438705816,1.643949235611548,3.637409930148515,120,71.66666666666667,2.4453460438705816,Undirected,mild
ALBUTEROL,METOCLOPRAMIDE,2.4453460438705816,1.643949235611548,3.637409930148515,120,71.66666666666667,2.4453460438705816,Undirected,mild
ACYCLOVIR,CYCLOPHOSPHAMIDE,2.444680086496624,2.09267703973294,2.8558925299222646,783,71.64750957854406,2.444680086496624,Undirected,mild
LASIX,METFORMIN,2.4444386328817886,1.7784507625063335,3.359823255103307,187,71.65775401069519,2.4444386328817886,Undirected,mild
LANTUS,NOVORAPID,2.4444386328817886,1.7784507625063335,3.359823255103307,187,71.65775401069519,2.4444386328817886,Undirected,mild
FLUOXETINE HYDROCHLORIDE,GABAPENTIN,2.4437834796774904,1.6613213703633594,3.5947757020897337,127,71.65354330708661,2.4437834796774904,Undirected,mild
GOLIMUMAB,USTEKINUMAB,2.4437834796774904,1.6613213703633594,3.5947757020897337,127,71.65354330708661,2.4437834796774904,Undirected,mild
FLUTICASONE PROPIONATE,FUROSEMIDE,2.443460727606428,1.788111593047759,3.3389976053890886,194,71.64948453608247,2.443460727606428,Undirected,mild
RAMIPRIL,VITAMIN D3,2.443460727606428,1.788111593047759,3.3389976053890886,194,71.64948453608247,2.443460727606428,Undirected,mild
ASPARAGINASE,CYTARABINE,2.443460727606428,1.788111593047759,3.3389976053890886,194,71.64948453608247,2.443460727606428,Undirected,mild
JANUVIA,JARDIANCE,2.443460727606428,1.788111593047759,3.3389976053890886,194,71.64948453608247,2.443460727606428,Undirected,mild
ARIPIPRAZOLE,VALPROATE SODIUM,2.4423871782943456,1.6774974650828676,3.556044198494175,134,71.64179104477611,2.4423871782943456,Undirected,mild
PERPRAZOLE,PREDNISOLONE,2.4417072581718564,1.806117497625249,3.300967042536324,208,71.63461538461539,2.4417072581718564,Undirected,mild
HUMALOG,LISINOPRIL,2.4411322003603466,1.6926122359820055,3.520668404112553,141,71.63120567375887,2.4411322003603466,Undirected,mild
CLOBAZAM,LORAZEPAM,2.4411322003603466,1.6926122359820055,3.520668404112553,141,71.63120567375887,2.4411322003603466,Undirected,mild
DEXAMETHASONE,PROPOFOL,2.4403855504537804,1.9885403312956964,2.994901104662593,451,71.61862527716187,2.4403855504537804,Undirected,mild
ASPIRIN,SODIUM CHLORIDE,2.4401150932923557,2.049114684653215,2.9057239758744022,620,71.61290322580646,2.4401150932923557,Undirected,mild
AMOXICILLIN / CLAVULANATE,PANTOPRAZOLE,2.439998356869135,1.7067797884493856,3.488201595668609,148,71.62162162162163,2.439998356869135,Undirected,mild
CLONIDINE,LORAZEPAM,2.439998356869135,1.7067797884493856,3.488201595668609,148,71.62162162162163,2.439998356869135,Undirected,mild
CARVEDILOL,JARDIANCE,2.439350914762338,1.9055969057391913,3.1226083897547317,310,71.61290322580646,2.439350914762338,Undirected,mild
GABAPENTIN,NOVOLOG,2.4389691295427824,1.7200975358023674,3.4582750635055532,155,71.61290322580646,2.4389691295427824,Undirected,mild
GLIPIZIDE,OMEPRAZOLE,2.4389691295427824,1.7200975358023674,3.4582750635055532,155,71.61290322580646,2.4389691295427824,Undirected,mild
ACETAMINOPHEN,METOCLOPRAMIDE HYDROCHLORIDE,2.4389691295427824,1.7200975358023674,3.4582750635055532,155,71.61290322580646,2.4389691295427824,Undirected,mild
ELIQUIS,FOLIC ACID,2.4385525915416797,2.036083368321679,2.9205772387484843,581,71.60068846815835,2.4385525915416797,Undirected,mild
BISOPROLOL,PANTOPRAZOLE,2.438221234077333,2.135650659853222,2.783658815582775,1077,71.58774373259052,2.438221234077333,Undirected,mild
ADEMPAS,ALBUTEROL SULFATE,2.438030872847352,1.7326492389769153,3.4305815644871074,162,71.60493827160494,2.438030872847352,Undirected,mild
PROPRANOLOL,QUETIAPINE,2.438030872847352,1.7326492389769153,3.4305815644871074,162,71.60493827160494,2.438030872847352,Undirected,mild
ALLOPURINOL,FERROUS SULFATE,2.436599888144781,1.8646725723817856,3.1839471995470383,264,71.5909090909091,2.436599888144781,Undirected,mild
LT4,LYRICA,2.436383605640669,1.7557351145532616,3.380900128175089,176,71.5909090909091,2.436383605640669,Undirected,mild
ENBREL,HYDROXYCHLOROQUINE,2.4361146689244912,1.8708161607442304,3.172227610963236,271,71.58671586715867,2.4361146689244912,Undirected,mild
ACYCLOVIR,CEFTRIAXONE,2.4361146689244912,1.8708161607442304,3.172227610963236,271,71.58671586715867,2.4361146689244912,Undirected,mild
ACETAMINOPHEN,ELIQUIS,2.435161612640931,2.092781549207708,2.833555218376702,823,71.5674362089915,2.435161612640931,Undirected,mild
BISOPROLOL,XARELTO,2.4349853963165917,1.7765136751613189,3.3375222286069164,190,71.57894736842105,2.4349853963165917,Undirected,mild
MEROPENEM,POSACONAZOLE,2.433534625711034,1.5826457829395024,3.741892745915159,102,71.56862745098039,2.433534625711034,Undirected,mild
ACETAMINOPHEN,CANDESARTAN CILEXETIL,2.433534625711034,1.5826457829395024,3.741892745915159,102,71.56862745098039,2.433534625711034,Undirected,mild
METHOTREXATE,TREMFYA,2.433534625711034,1.5826457829395024,3.741892745915159,102,71.56862745098039,2.433534625711034,Undirected,mild
LT4,TADALAFIL,2.433534625711034,1.5826457829395024,3.741892745915159,102,71.56862745098039,2.433534625711034,Undirected,mild
NOVOLOG,VITAMIN D3,2.433534625711034,1.5826457829395024,3.741892745915159,102,71.56862745098039,2.433534625711034,Undirected,mild
CICLOBENZAPRINA,TAMSULOSIN,2.433534625711034,1.5826457829395024,3.741892745915159,102,71.56862745098039,2.433534625711034,Undirected,mild
IRBESARTAN,LEVOTHYROXINE SODIUM,2.433534625711034,1.5826457829395024,3.741892745915159,102,71.56862745098039,2.433534625711034,Undirected,mild
FUROSEMIDE,POMALYST,2.433534625711034,1.5826457829395024,3.741892745915159,102,71.56862745098039,2.433534625711034,Undirected,mild
FUROSEMIDE,MORPHINE SULFATE,2.433246103745057,1.8041389306419016,3.2817243178073636,211,71.56398104265402,2.433246103745057,Undirected,mild
OMEPRAZOLE,SERTRALINE HYDROCHLORIDE,2.433246103745057,1.8041389306419016,3.2817243178073636,211,71.56398104265402,2.433246103745057,Undirected,mild
GABAPENTIN,POTASSIUM CHLORIDE,2.4329692887631507,2.063463973392678,2.8686420680911096,696,71.55172413793103,2.4329692887631507,Undirected,mild
LYRICA,PREGABALIN,2.4327433335638413,1.8125437708096337,3.265157080513278,218,71.55963302752293,2.4327433335638413,Undirected,mild
CALCIUM CARBONATE / CHOLECALCIFEROL,CLOPIDOGREL,2.432476304706593,1.6043933650537678,3.687961507345643,109,71.55963302752293,2.432476304706593,Undirected,mild
AMPHOTERICIN B,PIPERACILLIN SODIUM\TAZOBACTAM SODIUM,2.4315483172674504,1.6244163521721633,3.6397240222927416,116,71.55172413793103,2.4315483172674504,Undirected,mild
ACYCLOVIR,DIPHENHYDRAMINE,2.4315483172674504,1.6244163521721633,3.6397240222927416,116,71.55172413793103,2.4315483172674504,Undirected,mild
ACTEMRA,LANSOPRAZOLE,2.4315483172674504,1.6244163521721633,3.6397240222927416,116,71.55172413793103,2.4315483172674504,Undirected,mild
METFORMIN,TRELEGY ELLIPTA,2.4315483172674504,1.6244163521721633,3.6397240222927416,116,71.55172413793103,2.4315483172674504,Undirected,mild
METHYLPREDNISOLONE,RUXOLITINIB,2.430662575478257,1.8497242015776367,3.1940548492534915,253,71.54150197628458,2.430662575478257,Undirected,mild
TOPIRAMATE,TRAMADOL HYDROCHLORIDE,2.4299988026564754,1.6601383852410625,3.5568686522807407,130,71.53846153846153,2.4299988026564754,Undirected,mild
CARBOPLATIN,METHYLPREDNISOLONE,2.4299898333535443,1.8627084707571313,3.1700347547147056,267,71.53558052434457,2.4299898333535443,Undirected,mild
CETIRIZINE,IBUPROFEN,2.4296806404069704,1.8688606331198576,3.158795209096697,274,71.53284671532847,2.4296806404069704,Undirected,mild
METFORMIN,PROCHLORPERAZINE,2.4293458437868445,1.6761741387890376,3.5209475508243733,137,71.53284671532847,2.4293458437868445,Undirected,mild
ACETAMINOPHEN,KEPPRA,2.4293458437868445,1.6761741387890376,3.5209475508243733,137,71.53284671532847,2.4293458437868445,Undirected,mild
BACLOFEN,OXYCODONE,2.4293458437868445,1.6761741387890376,3.5209475508243733,137,71.53284671532847,2.4293458437868445,Undirected,mild
ONDANSETRON,PANTOPRAZOLE,2.429263888899188,2.116978040037305,2.787616560163096,997,71.51454363089267,2.429263888899188,Undirected,mild
ENBREL,SULFASALAZINE,2.4291245020993584,1.9775063513554203,2.9838821213671656,446,71.52466367713004,2.4291245020993584,Undirected,mild
DEXAMETHASONE,LOPERAMIDE,2.428846244025652,1.8861088170960176,3.1277591322649534,295,71.52542372881356,2.428846244025652,Undirected,mild
HYDROCORTISONE,MAGNESIUM,2.428758240254428,1.6911731979987483,3.488032211357309,144,71.52777777777779,2.428758240254428,Undirected,mild
CLOTRIMAZOLE,PANTOPRAZOLE,2.428758240254428,1.6911731979987483,3.488032211357309,144,71.52777777777779,2.428758240254428,Undirected,mild
ACYCLOVIR,SIMVASTATIN,2.428758240254428,1.6911731979987483,3.488032211357309,144,71.52777777777779,2.428758240254428,Undirected,mild
SPIRONOLACTONE,TORSEMIDE,2.4286061829242827,2.048938183496972,2.878626617066395,653,71.51607963246555,2.4286061829242827,Undirected,mild
ACETAMINOPHEN,ENALAPRIL,2.428226872766309,1.7052452387868136,3.4577347653639094,151,71.52317880794702,2.428226872766309,Undirected,mild
ALBUTEROL SULFATE,SIMVASTATIN,2.427744243237201,1.7184841565306286,3.4297331681371963,158,71.51898734177216,2.427744243237201,Undirected,mild
CETIRIZINE,PREGABALIN,2.427744243237201,1.7184841565306286,3.4297331681371963,158,71.51898734177216,2.427744243237201,Undirected,mild
CLOZAPINE,DIAZEPAM,2.427304129851658,1.7309708923593168,3.4037576049383325,165,71.51515151515152,2.427304129851658,Undirected,mild
AZITHROMYCIN,BUDESONIDE,2.427304129851658,1.7309708923593168,3.4037576049383325,165,71.51515151515152,2.427304129851658,Undirected,mild
BACLOFEN,TRAZODONE,2.427304129851658,1.7309708923593168,3.4037576049383325,165,71.51515151515152,2.427304129851658,Undirected,mild
BISOPROLOL FUMARATE,PERPRAZOLE,2.427304129851658,1.7309708923593168,3.4037576049383325,165,71.51515151515152,2.427304129851658,Undirected,mild
CALCIUM,POTASSIUM CHLORIDE,2.4261907555312994,1.7645768252787617,3.335871523358369,186,71.50537634408603,2.4261907555312994,Undirected,mild
FOLIC ACID,METFORMIN HYDROCHLORIDE,2.425062510592775,1.8022461484641532,3.2631104165733245,214,71.49532710280374,2.425062510592775,Undirected,mild
DICLOFENAC,SIMPONI,2.4248279097775667,1.8106414094455323,3.247352215277565,221,71.49321266968326,2.4248279097775667,Undirected,mild
FAMOTIDINE,FERROUS SULFATE,2.424403760381162,1.826405042830238,3.218198294197683,235,71.48936170212767,2.424403760381162,Undirected,mild
ONDANSETRON HYDROCHLORIDE,POTASSIUM CHLORIDE,2.424031220344781,1.840949643099661,3.1917914643839667,249,71.4859437751004,2.424031220344781,Undirected,mild
FILGRASTIM,PREDNISONE,2.421979858596192,1.939580267604864,3.024358689052545,382,71.46596858638743,2.421979858596192,Undirected,mild
LISINOPRIL,PANTOPRAZOLE,2.418007207474347,2.0173819575158394,2.898191308599518,574,71.42857142857143,2.418007207474347,Undirected,mild
IBUPROFEN,LORAZEPAM,2.4173462851242435,1.8824190561320429,3.1042838432645374,301,71.42857142857143,2.4173462851242435,Undirected,mild
FUROSEMIDE,HYDROCORTISONE,2.4172954704615583,1.8651280244547297,3.1329309918134225,280,71.42857142857143,2.4172954704615583,Undirected,mild
CYCLOPHOSPHAMIDE,OMEPRAZOLE,2.41719385206624,1.8245648443672595,3.2023121219860284,238,71.42857142857143,2.41719385206624,Undirected,mild
APIXABAN,MIRTAZAPINE,2.4170583835376154,1.7522846697844945,3.334030897016277,182,71.42857142857143,2.4170583835376154,Undirected,mild
EPINEPHRINE,ONDANSETRON,2.4170414517925165,1.7411486706734502,3.355307607031422,175,71.42857142857143,2.4170414517925165,Undirected,mild
CARVEDILOL,PANTOPRAZOLE SODIUM,2.417024520452031,1.7294019009697117,3.3780508331756973,168,71.42857142857143,2.417024520452031,Undirected,mild
AZTREONAM LYSINE,PULMOZYME,2.417024520452031,1.7294019009697117,3.3780508331756973,168,71.42857142857143,2.417024520452031,Undirected,mild
CARBIDOPA / LEVODOPA,VYALEV,2.4170075895161443,1.7169849404070292,3.4024326890099292,161,71.42857142857143,2.4170075895161443,Undirected,mild
CYANOCOBALAMIN,MYRBETRIQ,2.4169906589848424,1.70382982711336,3.428654524447006,154,71.42857142857143,2.4169906589848424,Undirected,mild
FUROSEMIDE,LINAGLIPTIN,2.4169906589848424,1.70382982711336,3.428654524447006,154,71.42857142857143,2.4169906589848424,Undirected,mild
GABAPENTIN,SULFAMETHOXAZOLE / TRIMETHOPRIM,2.416973728858111,1.6898583947673684,3.4569535672806935,147,71.42857142857143,2.416973728858111,Undirected,mild
METHOTREXATE,VANCOMYCIN,2.416973728858111,1.6898583947673684,3.4569535672806935,147,71.42857142857143,2.416973728858111,Undirected,mild
DALFAMPRIDINE,OCREVUS,2.416956799135935,1.67498019302088,3.4876114913059184,140,71.42857142857143,2.416956799135935,Undirected,mild
PREDNISOLONE,SODIUM CHLORIDE,2.4169398698183,1.6590898610543334,3.5209656037588153,133,71.42857142857143,2.4169398698183,Undirected,mild
FUROSEMIDE,VENLAFAXINE,2.4169398698183,1.6590898610543334,3.5209656037588153,133,71.42857142857143,2.4169398698183,Undirected,mild
FUROSEMIDE,PROCHLORPERAZINE,2.4169398698183,1.6590898610543334,3.5209656037588153,133,71.42857142857143,2.4169398698183,Undirected,mild
AMLODIPINE,FENTANYL,2.4169398698183,1.6590898610543334,3.5209656037588153,133,71.42857142857143,2.4169398698183,Undirected,mild
MIRALAX,PANTOPRAZOLE,2.4169229409051916,1.6420637746160731,3.557423647348649,126,71.42857142857143,2.4169229409051916,Undirected,mild
LORAZEPAM,TRAMADOL HYDROCHLORIDE,2.4169229409051916,1.6420637746160731,3.557423647348649,126,71.42857142857143,2.4169229409051916,Undirected,mild
AMITRIPTYLINE HYDROCHLORIDE,SODIUM CHLORIDE,2.4169229409051916,1.6420637746160731,3.557423647348649,126,71.42857142857143,2.4169229409051916,Undirected,mild
ATORVASTATIN,MYCOPHENOLIC ACID,2.4169060123965953,1.6237557147810784,3.597483672934372,119,71.42857142857143,2.4169060123965953,Undirected,mild
INSULIN LISPRO,METFORMIN,2.4169060123965953,1.6237557147810784,3.597483672934372,119,71.42857142857143,2.4169060123965953,Undirected,mild
AMLODIPINE BESYLATE,TACROLIMUS,2.416889084292497,1.6039911997181648,3.64176115604537,112,71.42857142857143,2.416889084292497,Undirected,mild
LT4,SPIRIVA,2.416889084292497,1.6039911997181648,3.64176115604537,112,71.42857142857143,2.416889084292497,Undirected,mild
FAMOTIDINE,LACTULOSE,2.416889084292497,1.6039911997181648,3.64176115604537,112,71.42857142857143,2.416889084292497,Undirected,mild
AMOXICILLIN / CLAVULANATE,FLUCONAZOLE,2.416889084292497,1.6039911997181648,3.64176115604537,112,71.42857142857143,2.416889084292497,Undirected,mild
AMOXICILLIN,CLOTRIMAZOLE,2.4168721565928815,1.582559958954679,3.691026673752212,105,71.42857142857143,2.4168721565928815,Undirected,mild
FUROSEMIDE,IVABRADINE,2.4168721565928815,1.582559958954679,3.691026673752212,105,71.42857142857143,2.4168721565928815,Undirected,mild
POTASSIUM CHLORIDE,WARFARIN SODIUM,2.4168721565928815,1.582559958954679,3.691026673752212,105,71.42857142857143,2.4168721565928815,Undirected,mild
METHOTREXATE,VORICONAZOLE,2.4168721565928815,1.582559958954679,3.691026673752212,105,71.42857142857143,2.4168721565928815,Undirected,mild
CALCIUM CARBONATE,POLYETHYLENE GLYCOL,2.4168721565928815,1.582559958954679,3.691026673752212,105,71.42857142857143,2.4168721565928815,Undirected,mild
FENTANYL,PREGABALIN,2.4131023688636377,1.932245975742012,3.013624101548021,381,71.39107611548556,2.4131023688636377,Undirected,mild
CALCIUM CARBONATE,FUROSEMIDE,2.4126833781302044,1.915300069007582,3.0392319079912964,353,71.38810198300283,2.4126833781302044,Undirected,mild
CARBOPLATIN,OMEPRAZOLE,2.411164406294049,1.857181319817833,3.130396441177638,276,71.37681159420289,2.411164406294049,Undirected,mild
APIXABAN,GABAPENTIN,2.411164406294049,1.857181319817833,3.130396441177638,276,71.37681159420289,2.411164406294049,Undirected,mild
ADEMPAS,FUROSEMIDE,2.4108042383683874,1.844182878197064,3.1515188349525114,262,71.37404580152672,2.4108042383683874,Undirected,mild
FLUDARABINE,SULFAMETHOXAZOLE / TRIMETHOPRIM,2.4094751393056963,1.7987006552406135,3.227646818283718,220,71.36363636363636,2.4094751393056963,Undirected,mild
FERROUS SULFATE,ROSUVASTATIN,2.408616781471417,1.7712668808547902,3.2753024756980893,199,71.35678391959799,2.408616781471417,Undirected,mild
CLONIDINE,KETOPROFEN,2.408616781471417,1.7712668808547902,3.2753024756980893,199,71.35678391959799,2.408616781471417,Undirected,mild
AZITHROMYCIN,SULFAMETHOXAZOLE / TRIMETHOPRIM,2.408616781471417,1.7712668808547902,3.2753024756980893,199,71.35678391959799,2.408616781471417,Undirected,mild
ACYCLOVIR,ALLOPURINOL,2.4085090395515967,2.072685931848088,2.798743265666608,834,71.34292565947243,2.4085090395515967,Undirected,mild
ENALAPRIL,FUROSEMIDE,2.408291508706373,1.7612379032253358,3.2930633506614777,192,71.35416666666666,2.408291508706373,Undirected,mild
CHOLECALCIFEROL,DEXAMETHASONE,2.408194922129562,1.9180407925011165,3.0236076342298293,363,71.34986225895317,2.408194922129562,Undirected,mild
AMIODARONE,ROSUVASTATIN,2.407164669124792,1.727934942347612,3.353391150485219,171,71.34502923976608,2.407164669124792,Undirected,mild
CLOPIDOGREL,HYDROCHLOROTHIAZIDE,2.406728004600345,1.715591862759256,3.3762923535971456,164,71.34146341463415,2.406728004600345,Undirected,mild
LEVOTHYROXINE SODIUM,LORAZEPAM,2.4062540308394897,1.7025247373072638,3.4008659810070823,157,71.3375796178344,2.4062540308394897,Undirected,mild
ASPIRIN,ISOSORBIDI DINITRAS,2.4057375418457942,1.6886581162895162,3.4273208202518006,150,71.33333333333334,2.4057375418457942,Undirected,mild
SULFAMETHOXAZOLE / TRIMETHOPRIM,VORICONAZOLE,2.4057375418457942,1.6886581162895162,3.4273208202518006,150,71.33333333333334,2.4057375418457942,Undirected,mild
QUETIAPINE,SERTRALINE,2.4055424294565326,2.0598731191872774,2.8092188426628684,781,71.31882202304737,2.4055424294565326,Undirected,mild
TADALAFIL,UPTRAVI,2.4055148908664212,1.8616182570394848,3.108318189456475,286,71.32867132867133,2.4055148908664212,Undirected,mild
LISINOPRIL,METHOTREXATE,2.4055148908664212,1.8616182570394848,3.108318189456475,286,71.32867132867133,2.4055148908664212,Undirected,mild
ACETAMINOPHEN,BISOPROLOL,2.405486065495255,2.0968627110189,2.7595336503838883,997,71.31394182547643,2.405486065495255,Undirected,mild
FLUOXETINE,FUROSEMIDE,2.4051723158186453,1.673904906540433,3.4559035260469817,143,71.32867132867133,2.4051723158186453,Undirected,mild
MIRALAX,SENNOSIDES,2.4051723158186453,1.673904906540433,3.4559035260469817,143,71.32867132867133,2.4051723158186453,Undirected,mild
ELIQUIS,GLYCERYL TRINITRATE,2.4051723158186453,1.673904906540433,3.4559035260469817,143,71.32867132867133,2.4051723158186453,Undirected,mild
ALPRAZOLAM,SPIRONOLACTONE,2.4051723158186453,1.673904906540433,3.4559035260469817,143,71.32867132867133,2.4051723158186453,Undirected,mild
DIPHENHYDRAMINE,MELATONINA,2.4051723158186453,1.673904906540433,3.4559035260469817,143,71.32867132867133,2.4051723158186453,Undirected,mild
CLONAZEPAM,ZOPICLONE,2.4045334195770787,1.8424577547100691,3.1380806160046064,265,71.32075471698113,2.4045334195770787,Undirected,mild
CARBIDOPA / LEVODOPA,MIDODRINE,2.4038640391906263,1.641316830382235,3.5206866900695477,129,71.31782945736434,2.4038640391906263,Undirected,mild
ACETAMINOPHEN,GLICLAZIDE,2.403792935231746,1.828483182736872,3.160116827993582,251,71.31474103585657,2.403792935231746,Undirected,mild
OPSUMIT,VITAMIN D3,2.403792935231746,1.828483182736872,3.160116827993582,251,71.31474103585657,2.403792935231746,Undirected,mild
CLOTRIMAZOLE,LEVOFLOXACIN,2.4031006656426013,1.6232240750020257,3.557668283847198,122,71.31147540983606,2.4031006656426013,Undirected,mild
METHOCARBAMOL,TRAZODONE,2.4031006656426013,1.6232240750020257,3.557668283847198,122,71.31147540983606,2.4031006656426013,Undirected,mild
FOLIC ACID,NIFEDIPINE,2.4031006656426013,1.6232240750020257,3.557668283847198,122,71.31147540983606,2.4031006656426013,Undirected,mild
PREDNISONE,PROTONIX,2.401542837667078,1.7883263909517488,3.225030973278106,216,71.29629629629629,2.401542837667078,Undirected,mild
AMIODARONE,XARELTO,2.4012849733424493,1.582604889955718,3.6434675260997,108,71.29629629629629,2.4012849733424493,Undirected,mild
MAGNESIUM,TRAMADOL HYDROCHLORIDE,2.4012849733424493,1.582604889955718,3.6434675260997,108,71.29629629629629,2.4012849733424493,Undirected,mild
DONEPEZILO,MELATONINA,2.4012849733424493,1.582604889955718,3.6434675260997,108,71.29629629629629,2.4012849733424493,Undirected,mild
ELIQUIS,IRBESARTAN,2.4012849733424493,1.582604889955718,3.6434675260997,108,71.29629629629629,2.4012849733424493,Undirected,mild
PREGABALIN,ZOPICLONE,2.401066197239157,1.8772580709531892,3.071031613994997,310,71.29032258064515,2.401066197239157,Undirected,mild
CHOLECALCIFEROL,MORPHINE SULFATE,2.4001927999120043,1.559637970372874,3.6937581581013457,101,71.28712871287128,2.4001927999120043,Undirected,mild
POTASSIUM CHLORIDE,PREDNISOLONE,2.4001927999120043,1.559637970372874,3.6937581581013457,101,71.28712871287128,2.4001927999120043,Undirected,mild
ENOXAPARIN SODIUM,RITUXIMAB,2.4001927999120043,1.559637970372874,3.6937581581013457,101,71.28712871287128,2.4001927999120043,Undirected,mild
LANSOPRAZOLE,SITAGLIPTIN,2.4001927999120043,1.559637970372874,3.6937581581013457,101,71.28712871287128,2.4001927999120043,Undirected,mild
ALBUTEROL SULFATE,SODIUM CHLORIDE,2.400139087764253,2.0462697296505876,2.8152044459932895,738,71.27371273712737,2.400139087764253,Undirected,mild
NAPROXEN,TOPIRAMATE,2.3998215685444446,1.7596989413961968,3.272800491816881,195,71.28205128205128,2.3998215685444446,Undirected,mild
FAMOTIDINE,SERTRALINE,2.399165320659491,1.7492114467808142,3.290622323818132,188,71.27659574468085,2.399165320659491,Undirected,mild
ACETAMINOPHEN,NIFEDIPINE,2.3984598950652893,1.7381826393130408,3.3095543230774234,181,71.27071823204419,2.3984598950652893,Undirected,mild
APIXABAN,PERPRAZOLE,2.3976993903881585,1.7265632867889225,3.329714242539998,174,71.26436781609196,2.3976993903881585,Undirected,mild
LASIX,POTASSIUM CHLORIDE,2.3972953194933506,1.9375963398049525,2.9660588899766647,414,71.25603864734299,2.3972953194933506,Undirected,mild
DIAZEPAM,MIDAZOLAM,2.3968769216921406,1.71429757690756,3.3512378802424103,167,71.25748502994011,2.3968769216921406,Undirected,mild
ACETAMINOPHEN,HYDROCHLOROTHIAZIDE,2.3963664942425256,1.9908882400285888,2.8844272919336507,546,71.24542124542124,2.3963664942425256,Undirected,mild
ENTRESTO,FUROSEMIDE,2.395673652147901,2.026786466757514,2.8317004981671356,671,71.23695976154993,2.395673652147901,Undirected,mild
JANUVIA,OZEMPIC,2.3950122934669316,1.6875635519329253,3.399032812297738,153,71.24183006535948,2.3950122934669316,Undirected,mild
DIAZEPAM,SERTRALINE,2.3937174298508825,1.8521531761963503,3.0936335113162787,285,71.2280701754386,2.3937174298508825,Undirected,mild
FLUCONAZOLE,MYCOPHENOLATE MOFETIL,2.3933509074933057,1.7776836696725635,3.2222428906342544,212,71.22641509433963,2.3933509074933057,Undirected,mild
ALBUTEROL SULFATE,PREGABALIN,2.3933509074933057,1.7776836696725635,3.2222428906342544,212,71.22641509433963,2.3933509074933057,Undirected,mild
CISPLATIN,ONDANSETRON,2.3927815134484143,1.6573499471752735,3.454553083890733,139,71.22302158273382,2.3927815134484143,Undirected,mild
ENVARSUS XR,PREDNISONE,2.3927815134484143,1.6573499471752735,3.454553083890733,139,71.22302158273382,2.3927815134484143,Undirected,mild
DEXAMETHASONE,ELIQUIS,2.3919442724598294,1.9983420264951848,2.8630721501603618,580,71.20689655172414,2.3919442724598294,Undirected,mild
FUROSEMIDE,VANCOMYCIN,2.3918053039524976,1.832333002977664,3.122103134484138,264,71.21212121212122,2.3918053039524976,Undirected,mild
ATENOLOL,ELIQUIS,2.3914926829562764,1.640684287200585,3.4858853084964014,132,71.21212121212122,2.3914926829562764,Undirected,mild
FERROUS SULFATE,LANSOPRAZOLE,2.3914926829562764,1.640684287200585,3.4858853084964014,132,71.21212121212122,2.3914926829562764,Undirected,mild
EPINEPHRINE,HEPARIN,2.391334723724454,1.973027496420425,2.898328467933212,507,71.20315581854044,2.391334723724454,Undirected,mild
ASPIRIN,PERPRAZOLE,2.391334723724454,1.973027496420425,2.898328467933212,507,71.20315581854044,2.391334723724454,Undirected,mild
METOPROLOL,WARFARIN,2.3907070253256544,1.747802333173789,3.270095234718474,191,71.20418848167539,2.3907070253256544,Undirected,mild
METOPROLOL SUCCINATE,POTASSIUM CHLORIDE,2.3906540181891587,1.911735498682223,2.9895488359260622,375,71.2,2.3906540181891587,Undirected,mild
ALLOPURINOL,ENTRESTO,2.390062530499283,1.622808487907761,3.520069646087114,125,71.2,2.390062530499283,Undirected,mild
HYDROXYCHLOROQUINE,LISINOPRIL,2.390062530499283,1.622808487907761,3.520069646087114,125,71.2,2.390062530499283,Undirected,mild
AMOXICILLIN,CHOLECALCIFEROL,2.389695262476143,1.7368317156275572,3.287965895669711,184,71.19565217391305,2.389695262476143,Undirected,mild
ACYCLOVIR,METHYLPREDNISOLONE,2.38965005486354,1.9346431255838643,2.9516696434573406,420,71.19047619047619,2.38965005486354,Undirected,mild
ELIQUIS,PREGABALIN,2.38957409920045,1.810201662424485,3.1543802517128916,243,71.19341563786008,2.38957409920045,Undirected,mild
PROCHLORPERAZINE,VALACICLOVIR,2.388466116835764,1.6035648399923828,3.557555172698605,118,71.1864406779661,2.388466116835764,Undirected,mild
FAMOTIDINE,POTASSIUM,2.388466116835764,1.6035648399923828,3.557555172698605,118,71.1864406779661,2.388466116835764,Undirected,mild
NIFEDIPINE,PREDNISOLONE,2.388466116835764,1.6035648399923828,3.557555172698605,118,71.1864406779661,2.388466116835764,Undirected,mild
ACETAMINOPHEN,TRANEXAMIC ACID,2.388466116835764,1.6035648399923828,3.557555172698605,118,71.1864406779661,2.388466116835764,Undirected,mild
ATORVASTATIN CALCIUM,TRAMADOL HYDROCHLORIDE,2.388466116835764,1.6035648399923828,3.557555172698605,118,71.1864406779661,2.388466116835764,Undirected,mild
ALCOHOL,COCAINE,2.3874579817869277,1.944163228753376,2.9318297612556936,444,71.17117117117117,2.3874579817869277,Undirected,mild
AMLODIPINE BESYLATE,VALSARTAN,2.3874281059773517,1.713095346114035,3.327201240806586,170,71.17647058823529,2.3874281059773517,Undirected,mild
GENTAMICIN,VANCOMYCIN,2.3874281059773517,1.713095346114035,3.327201240806586,170,71.17647058823529,2.3874281059773517,Undirected,mild
ALBUTEROL,SIMVASTATIN,2.3874281059773517,1.713095346114035,3.327201240806586,170,71.17647058823529,2.3874281059773517,Undirected,mild
SERTRALINE,ZOPICLONE,2.386934073642123,1.7852633304245336,3.1913803273822543,222,71.17117117117117,2.386934073642123,Undirected,mild
BUPROPION,DULOXETINA,2.386934073642123,1.7852633304245336,3.1913803273822543,222,71.17117117117117,2.386934073642123,Undirected,mild
LEVOFLOXACIN,VENCLEXTA,2.386934073642123,1.7852633304245336,3.1913803273822543,222,71.17117117117117,2.386934073642123,Undirected,mild
DIPHENHYDRAMINE HYDROCHLORIDE,POTASSIUM CHLORIDE,2.386672267913636,1.5827648410901094,3.5988950263166264,111,71.17117117117117,2.386672267913636,Undirected,mild
PANTOPRAZOLE SODIUM,TRELEGY ELLIPTA,2.386672267913636,1.5827648410901094,3.5988950263166264,111,71.17117117117117,2.386672267913636,Undirected,mild
PANTOPRAZOLE,PERPRAZOLE,2.386672267913636,1.5827648410901094,3.5988950263166264,111,71.17117117117117,2.386672267913636,Undirected,mild
PERPRAZOLE,PREDNISONE,2.3865363250237697,1.8779211800968107,3.032904517517792,326,71.16564417177914,2.3865363250237697,Undirected,mild
FOLIC ACID,IRBESARTAN,2.3859427015660697,1.7762186720109396,3.20496719512097,215,71.16279069767441,2.3859427015660697,Undirected,mild
AMLODIPINE,ESCITALOPRAM,2.38587304569306,1.9058024401709008,2.986873177502187,371,71.15902964959568,2.38587304569306,Undirected,mild
FLUOXETINE,GABAPENTIN,2.385862690716693,1.8307813586365376,3.109241172956464,267,71.16104868913857,2.385862690716693,Undirected,mild
LASIX,VITAMIN D NOS,2.384763921148803,1.6865666920384568,3.3719976722292224,156,71.15384615384616,2.384763921148803,Undirected,mild
ACYCLOVIR,TORSEMIDE,2.3846414966002647,1.5601809256957364,3.6447792519781927,104,71.15384615384616,2.3846414966002647,Undirected,mild
BUMETANIDE,CYANOCOBALAMIN,2.3846414966002647,1.5601809256957364,3.6447792519781927,104,71.15384615384616,2.3846414966002647,Undirected,mild
AMITRIPTYLINE,COCODAMOL,2.3846414966002647,1.5601809256957364,3.6447792519781927,104,71.15384615384616,2.3846414966002647,Undirected,mild
ROSUVASTATIN,TACROLIMUS,2.3846414966002647,1.5601809256957364,3.6447792519781927,104,71.15384615384616,2.3846414966002647,Undirected,mild
ELIQUIS,KARDEGIC,2.3846414966002647,1.5601809256957364,3.6447792519781927,104,71.15384615384616,2.3846414966002647,Undirected,mild
ALBUTEROL SULFATE,AMBRISENTAN,2.3846414966002647,1.5601809256957364,3.6447792519781927,104,71.15384615384616,2.3846414966002647,Undirected,mild
ESCITALOPRAM,QUETIAPINE,2.3846112374962862,1.8965527683303771,2.998266564973852,357,71.1484593837535,2.3846112374962862,Undirected,mild
ATORVASTATIN CALCIUM,SPIRONOLACTONE,2.384481173583637,1.946264113202576,2.921366339031398,454,71.1453744493392,2.384481173583637,Undirected,mild
AMLODIPINE,FLUOXETINE,2.383250204745963,1.886775753631465,3.010363858815571,343,71.13702623906705,2.383250204745963,Undirected,mild
ETOPOSIDE,SODIUM CHLORIDE,2.3832483184060536,1.6720725247326502,3.396905614541716,149,71.14093959731544,2.3832483184060536,Undirected,mild
ATORVASTATIN CALCIUM,SERTRALINE HYDROCHLORIDE,2.3832483184060536,1.6720725247326502,3.396905614541716,149,71.14093959731544,2.3832483184060536,Undirected,mild
ADALIMUMAB,MYCOPHENOLATE MOFETIL,2.3822537074238976,1.9318009952082384,2.9377419002329246,426,71.12676056338029,2.3822537074238976,Undirected,mild
BACTRIM,LANSOPRAZOLE,2.3809946021946424,1.8710041232036556,3.0299961530672412,322,71.11801242236024,2.3809946021946424,Undirected,mild
ALLOPURINOL,ATORVASTATIN CALCIUM,2.380178126503686,1.8654212004128852,3.036980555722575,315,71.11111111111111,2.380178126503686,Undirected,mild
CYANOCOBALAMIN,LASIX,2.380072566685695,1.829281520013257,3.096705105646495,270,71.11111111111111,2.380072566685695,Undirected,mild
METOPROLOL,VENLAFAXINE,2.3798614954833366,1.724081593372974,3.2850769705183755,180,71.11111111111111,2.3798614954833366,Undirected,mild
LEVOFLOXACIN,VITAMIN D3,2.3797559840915614,1.6401556566844169,3.4528665134551084,135,71.11111111111111,2.3797559840915614,Undirected,mild
LT4,SULFAMETHOXAZOLE / TRIMETHOPRIM,2.3797559840915614,1.6401556566844169,3.4528665134551084,135,71.11111111111111,2.3797559840915614,Undirected,mild
OPSUMIT,SPIRONOLACTONE,2.3790393589935643,1.9116892491108337,2.9606424131291273,391,71.0997442455243,2.3790393589935643,Undirected,mild
AZITHROMYCIN,MONTELUKAST,2.378769818509131,1.774821022293008,3.188234632323272,218,71.10091743119266,2.378769818509131,Undirected,mild
AMLODIPINE,TRAZODONE,2.378328822949371,1.907356914917306,2.9655949265882304,384,71.09375,2.378328822949371,Undirected,mild
SPIRONOLACTONE,VALSARTAN,2.378029046601363,1.8148686463224504,3.1159401854998214,256,71.09375,2.378029046601363,Undirected,mild
MIRTAZAPINE,TYLENOL,2.3777294006232874,1.622497467629016,3.4845028823681794,128,71.09375,2.3777294006232874,Undirected,mild
PANTOPRAZOLE,SIMPONI,2.3777294006232874,1.622497467629016,3.4845028823681794,128,71.09375,2.3777294006232874,Undirected,mild
ONDANSETRON,SERTRALINE,2.377495219622344,1.7654034466547297,3.201808362863465,211,71.09004739336493,2.377495219622344,Undirected,mild
FUROSEMIDE,LYRICA,2.376729419224204,1.699194443567493,3.324423966656789,166,71.08433734939759,2.376729419224204,Undirected,mild
CYCLOPHOSPHAMIDE,MESNA,2.376447041088218,1.9364759059471108,2.9163804836160927,446,71.0762331838565,2.376447041088218,Undirected,mild
CARBOPLATIN,HYDROCORTISONE,2.37547314275064,1.6035137990703523,3.519067098269497,121,71.07438016528926,2.37547314275064,Undirected,mild
METOCLOPRAMIDE,SULFAMETHOXAZOLE / TRIMETHOPRIM,2.37547314275064,1.6035137990703523,3.519067098269497,121,71.07438016528926,2.37547314275064,Undirected,mild
ACETAMINOPHEN / HYDROCODONE,AMLODIPINE,2.37547314275064,1.6035137990703523,3.519067098269497,121,71.07438016528926,2.37547314275064,Undirected,mild
LITHIUM CARBONATE,QUETIAPINE,2.37547314275064,1.6035137990703523,3.519067098269497,121,71.07438016528926,2.37547314275064,Undirected,mild
ACYCLOVIR,FOLIC ACID,2.375332703615756,1.8639636062703144,3.026993356461648,318,71.0691823899371,2.375332703615756,Undirected,mild
ROSUVASTATIN,TICAGRELOR,2.3749613242815357,1.6856602419708755,3.346131771630501,159,71.0691823899371,2.3749613242815357,Undirected,mild
AMLODIPINE,COLCHICINE,2.3749613242815357,1.6856602419708755,3.346131771630501,159,71.0691823899371,2.3749613242815357,Undirected,mild
OMEPRAZOLE,SODIUM BICARBONATE,2.3749613242815357,1.6856602419708755,3.346131771630501,159,71.0691823899371,2.3749613242815357,Undirected,mild
FUROSEMIDE,TORSEMIDE,2.3746812514226057,1.745214651522056,3.2311847949133297,197,71.06598984771574,2.3746812514226057,Undirected,mild
EPINEPHRINE,HYDROCORTISONE,2.374520464942346,1.79106247520628,3.148046210828372,235,71.06382978723404,2.374520464942346,Undirected,mild
CISPLATIN,SODIUM CHLORIDE,2.37438181454091,1.8582084088760096,3.0339379449007557,311,71.06109324758843,2.37438181454091,Undirected,mild
ALPRAZOLAM,PREGABALIN,2.3743641135798743,1.8838781538693936,2.992552852888376,349,71.06017191977078,2.3743641135798743,Undirected,mild
ACETAMINOPHEN,METFORMIN HYDROCHLORIDE,2.373743097263944,1.9387367466173624,2.906354512359332,456,71.05263157894737,2.373743097263944,Undirected,mild
OXYCODONE,VITAMIN D3,2.3733884736057447,1.8522675731886535,3.0411226370213456,304,71.05263157894737,2.3733884736057447,Undirected,mild
VENLAFAXINE,ZOPICLONE,2.373211230425785,1.7824615255808631,3.159749292419474,228,71.05263157894737,2.373211230425785,Undirected,mild
ELIQUIS,ROSUVASTATIN CALCIUM,2.373211230425785,1.7824615255808631,3.159749292419474,228,71.05263157894737,2.373211230425785,Undirected,mild
VITAMIN D3,XELJANZ,2.3730340329882957,1.6712987422853238,3.369409896174818,152,71.05263157894737,2.3730340329882957,Undirected,mild
NOREPINEPHRINE BITARTRATE,PROPOFOL,2.372945451417445,1.583026101990714,3.557029229222255,114,71.05263157894737,2.372945451417445,Undirected,mild
SULFAMETHOXAZOLE / TRIMETHOPRIM,VITAMIN D NOS,2.372945451417445,1.583026101990714,3.557029229222255,114,71.05263157894737,2.372945451417445,Undirected,mild
DILTIAZEM,POTASSIUM CHLORIDE,2.372945451417445,1.583026101990714,3.557029229222255,114,71.05263157894737,2.372945451417445,Undirected,mild
HYDROMORPHONE,KETAMINE,2.372945451417445,1.583026101990714,3.557029229222255,114,71.05263157894737,2.372945451417445,Undirected,mild
ELIQUIS,NEBIVOLOL,2.372945451417445,1.583026101990714,3.557029229222255,114,71.05263157894737,2.372945451417445,Undirected,mild
ADEMPAS,VITAMINS,2.372945451417445,1.583026101990714,3.557029229222255,114,71.05263157894737,2.372945451417445,Undirected,mild
OZEMPIC,POTASSIUM CHLORIDE,2.372945451417445,1.583026101990714,3.557029229222255,114,71.05263157894737,2.372945451417445,Undirected,mild
ACETAMINOPHEN,SERTRALINE,2.3722362686721317,2.03486513642472,2.7655419583683396,794,71.03274559193954,2.3722362686721317,Undirected,mild
ACTEMRA,PANTOPRAZOLE SODIUM,2.3718212275649453,1.773487294599208,3.172019304936156,221,71.04072398190046,2.3718212275649453,Undirected,mild
PREDNISONE,TYVASO DPI,2.3714476467702257,1.7229605767911365,3.264011967032822,183,71.03825136612022,2.3714476467702257,Undirected,mild
FUROSEMIDE,XARELTO,2.371311176627414,1.908925990211193,2.9456965462427274,397,71.03274559193954,2.371311176627414,Undirected,mild
LAMOTRIGINE,OLANZAPINE,2.371311176627414,1.908925990211193,2.9456965462427274,397,71.03274559193954,2.371311176627414,Undirected,mild
BISOPROLOL,HYDROMORPHONE,2.370924802950878,1.656020446786798,3.394453511823917,145,71.03448275862068,2.370924802950878,Undirected,mild
ENALAPRIL,SIMVASTATIN,2.370924802950878,1.656020446786798,3.394453511823917,145,71.03448275862068,2.370924802950878,Undirected,mild
CYANOCOBALAMIN,IMODIUM,2.370924802950878,1.656020446786798,3.394453511823917,145,71.03448275862068,2.370924802950878,Undirected,mild
PANTOPRAZOLE,PROPOFOL,2.3700937910369024,1.5608197667105506,3.598970680740614,107,71.02803738317756,2.3700937910369024,Undirected,mild
METFORMIN,OXAZEPAM,2.3700937910369024,1.5608197667105506,3.598970680740614,107,71.02803738317756,2.3700937910369024,Undirected,mild
ESCITALOPRAM OXALATE,PANTOPRAZOLE SODIUM,2.3700937910369024,1.5608197667105506,3.598970680740614,107,71.02803738317756,2.3700937910369024,Undirected,mild
CIPROFLOXACIN,OMEPRAZOLE,2.3687666093107733,1.7543032251354975,3.198452336512278,207,71.01449275362319,2.3687666093107733,Undirected,mild
FOLIC ACID,LISINOPRIL,2.3686906430227523,1.9431138637044576,2.887476368290124,476,71.00840336134453,2.3686906430227523,Undirected,mild
LT4,TRULICITY,2.3686063432969564,1.6397215430022916,3.42149313915475,138,71.01449275362319,2.3686063432969564,Undirected,mild
ELIQUIS,TRAZODONE HYDROCHLORIDE,2.3686063432969564,1.6397215430022916,3.42149313915475,138,71.01449275362319,2.3686063432969564,Undirected,mild
ALLOPURINOL,KARDEGIC,2.3686063432969564,1.6397215430022916,3.42149313915475,138,71.01449275362319,2.3686063432969564,Undirected,mild
OXYGEN,TYLENOL,2.368083950229189,1.8721367624192993,2.9954123587030472,338,71.00591715976331,2.368083950229189,Undirected,mild
ONDANSETRON,ROSUVASTATIN,2.367786929515854,1.8908882410270833,2.964963672596985,369,71.00271002710026,2.367786929515854,Undirected,mild
CELLCEPT,PROGRAF,2.367691637157842,1.6982568948457115,3.3010104099571396,169,71.00591715976331,2.367691637157842,Undirected,mild
FOLIC ACID,LASIX,2.367083055038338,1.744027331375564,3.212726136023523,200,71.0,2.367083055038338,Undirected,mild
FOLINIC ACID,ONDANSETRON,2.366851133446552,1.5366340930641835,3.645620198837564,100,71.0,2.366851133446552,Undirected,mild
CHOLECALCIFEROL,TAMSULOSIN HYDROCHLORIDE,2.366851133446552,1.5366340930641835,3.645620198837564,100,71.0,2.366851133446552,Undirected,mild
MAGNESIUM,PROTONIX,2.366851133446552,1.5366340930641835,3.645620198837564,100,71.0,2.366851133446552,Undirected,mild
DIAZEPAM,LIDOCAINE,2.366851133446552,1.5366340930641835,3.645620198837564,100,71.0,2.366851133446552,Undirected,mild
ATORVASTATIN CALCIUM,OXYCODONE HYDROCHLORIDE,2.366851133446552,1.5366340930641835,3.645620198837564,100,71.0,2.366851133446552,Undirected,mild
PREDNISONE,SODIUM CHLORIDE,2.3668011974273964,1.9799488296520933,2.8292387279160485,586,70.98976109215018,2.3668011974273964,Undirected,mild
ALBUTEROL SULFATE,MELATONINA,2.366349255228458,1.8120847365274404,3.0901473230501337,262,70.99236641221374,2.366349255228458,Undirected,mild
SODIUM CHLORIDE,VITAMINS,2.3661216828029414,1.8384023062519337,3.0453246271455696,293,70.98976109215018,2.3661216828029414,Undirected,mild
CLONIDINE,OLANZAPINE,2.3660456177074036,1.6222807967403143,3.450803261877317,131,70.99236641221374,2.3660456177074036,Undirected,mild
CELECOXIB,LANSOPRAZOLE,2.3660456177074036,1.6222807967403143,3.450803261877317,131,70.99236641221374,2.3660456177074036,Undirected,mild
AZATHIOPRINE,LEFLUNOMIDE,2.3655760491156683,1.6848375468302437,3.3213588186455087,162,70.98765432098766,2.3655760491156683,Undirected,mild
CHOLECALCIFEROL,TEDUGLUTIDE,2.3655760491156683,1.6848375468302437,3.3213588186455087,162,70.98765432098766,2.3655760491156683,Undirected,mild
AMIODARONE,BISOPROLOL,2.3647691251848855,1.8942387068053048,2.952179677955691,379,70.97625329815304,2.3647691251848855,Undirected,mild
BACTRIM,VALACYCLOVIR HYDROCHLORIDE,2.3642102238616873,2.0229916008801303,2.7629822981866785,768,70.96354166666666,2.3642102238616873,Undirected,mild
BISOPROLOL,PREGABALIN,2.36384751118878,1.9062748895978152,2.931253559832755,403,70.96774193548387,2.36384751118878,Undirected,mild
DEXAMETHASONE,HYDROCORTISONE,2.36384751118878,1.9062748895978152,2.931253559832755,403,70.96774193548387,2.36384751118878,Undirected,mild
ATORVASTATIN,TRULICITY,2.363775785165477,1.8895512332408535,2.9570174463866787,372,70.96774193548387,2.363775785165477,Undirected,mild
ARAVA,ENBREL,2.363775785165477,1.8895512332408535,2.9570174463866787,372,70.96774193548387,2.363775785165477,Undirected,mild
CALCIUM GLUCONATE,RITUXIMAB,2.363273914164405,1.6706100508065462,3.3431282127589017,155,70.96774193548387,2.363273914164405,Undirected,mild
ATORVASTATIN CALCIUM,MELATONINA,2.363273914164405,1.6706100508065462,3.3431282127589017,155,70.96774193548387,2.363273914164405,Undirected,mild
ACETAMINOPHEN,INDAPAMIDE,2.363202248458844,1.6035555744105436,3.482713637270628,124,70.96774193548387,2.363202248458844,Undirected,mild
BISOPROLOL FUMARATE,FEBUXOSTAT,2.363202248458844,1.6035555744105436,3.482713637270628,124,70.96774193548387,2.363202248458844,Undirected,mild
FERROUS SULFATE,MAGNESIUM OXIDE,2.363202248458844,1.6035555744105436,3.482713637270628,124,70.96774193548387,2.363202248458844,Undirected,mild
ATORVASTATIN,CALCIUM CARBONATE,2.3627456003648666,1.8847356304275615,2.961989300736624,365,70.95890410958904,2.3627456003648666,Undirected,mild
ASPIRIN,QUETIAPINE,2.3614090526240306,1.8598204486997545,2.998274762336986,327,70.9480122324159,2.3614090526240306,Undirected,mild
EZETIMIBE,KARDEGIC,2.3612631847911207,1.7099815503878637,3.260598821423095,179,70.94972067039106,2.3612631847911207,Undirected,mild
SPIRONOLACTONE,TYLENOL,2.361100711937175,1.8370595177757385,3.0346303524558893,296,70.94594594594594,2.361100711937175,Undirected,mild
DEXAMETHASONE,TRAMADOL HYDROCHLORIDE,2.360759202446317,1.6554884993587682,3.366489114296879,148,70.94594594594594,2.360759202446317,Undirected,mild
ATORVASTATIN,NEBIVOLOL,2.3607370619289862,1.8107663440991213,3.0777463330520307,265,70.94339622641509,2.3607370619289862,Undirected,mild
SPIRONOLACTONE,TYLENOL EXTRA STRENGTH,2.3600263571871123,1.5833766894501629,3.51762435542233,117,70.94017094017094,2.3600263571871123,Undirected,mild
OXYGEN,TREPROSTINIL SODIUM,2.3600263571871123,1.5833766894501629,3.51762435542233,117,70.94017094017094,2.3600263571871123,Undirected,mild
ALPRAZOLAM,METFORMIN,2.3597425759586477,1.7429056944099772,3.194886012852812,203,70.93596059113301,2.3597425759586477,Undirected,mild
ACETAMINOPHEN,SERTRALINE HYDROCHLORIDE,2.3583253851740835,1.8237600181578892,3.0495781062105696,282,70.92198581560284,2.3583253851740835,Undirected,mild
IBUPROFEN,RINVOQ,2.3580008051070385,1.6393735103737088,3.391641844705637,141,70.92198581560284,2.3580008051070385,Undirected,mild
ACETAMINOPHEN\OXYCODONE HYDROCHLORIDE,PREDNISONE,2.3580008051070385,1.6393735103737088,3.391641844705637,141,70.92198581560284,2.3580008051070385,Undirected,mild
ASCORBIC ACID,PYRIDOXINE,2.3580008051070385,1.6393735103737088,3.391641844705637,141,70.92198581560284,2.3580008051070385,Undirected,mild
CYANOCOBALAMIN,SULFASALAZINE,2.3580008051070385,1.6393735103737088,3.391641844705637,141,70.92198581560284,2.3580008051070385,Undirected,mild
CYCLOSPORINE,FUROSEMIDE,2.3580008051070385,1.6393735103737088,3.391641844705637,141,70.92198581560284,2.3580008051070385,Undirected,mild
FUROSEMIDE,SIMVASTATIN,2.356821741958667,1.9288720745779275,2.879718565361332,464,70.90517241379311,2.356821741958667,Undirected,mild
CYCLOPHOSPHAMIDE,PEGASPARGASE,2.356708453723553,1.7617118808468248,3.1526578189291157,220,70.9090909090909,2.356708453723553,Undirected,mild
AMITRIPTYLINE HYDROCHLORIDE,POTASSIUM CHLORIDE,2.356455595937005,1.5615416367500332,3.556026201888406,110,70.9090909090909,2.356455595937005,Undirected,mild
ALPRAZOLAM,SERTRALINE HYDROCHLORIDE,2.356455595937005,1.5615416367500332,3.556026201888406,110,70.9090909090909,2.356455595937005,Undirected,mild
ASPIRIN,COZAAR,2.356455595937005,1.5615416367500332,3.556026201888406,110,70.9090909090909,2.356455595937005,Undirected,mild
PLAQUENIL,REMICADE,2.356455595937005,1.5615416367500332,3.556026201888406,110,70.9090909090909,2.356455595937005,Undirected,mild
AMLODIPINE,LEVOTHYROXINE SODIUM,2.35619526836522,1.8357570687681115,3.0241780010642154,299,70.90301003344482,2.35619526836522,Undirected,mild
MORPHINE,ONDANSETRON,2.3559725298809586,1.88696585654089,2.941551137405758,378,70.8994708994709,2.3559725298809586,Undirected,mild
LEFLUNOMIDE,XELJANZ,2.3559725298809586,1.88696585654089,2.941551137405758,378,70.8994708994709,2.3559725298809586,Undirected,mild
ASPIRIN,SULFAMETHOXAZOLE / TRIMETHOPRIM,2.355576678804873,1.899397043670795,2.921317324473581,402,70.8955223880597,2.355576678804873,Undirected,mild
ACETAMINOPHEN,POTASSIUM,2.3555383106998224,1.720933817562351,3.2241569527838885,189,70.8994708994709,2.3555383106998224,Undirected,mild
LAMOTRIGINE,TRAZODONE,2.3555383106998224,1.720933817562351,3.2241569527838885,189,70.8994708994709,2.3555383106998224,Undirected,mild
DIAZEPAM,MORPHINE,2.3552688855260335,1.809494293667012,3.065658478472036,268,70.8955223880597,2.3552688855260335,Undirected,mild
CARVEDILOL,LANSOPRAZOLE,2.35496123198875,1.6221493641396023,3.4188235231417905,134,70.8955223880597,2.35496123198875,Undirected,mild
ALBUTEROL SULFATE,PULMOZYME,2.35496123198875,1.6221493641396023,3.4188235231417905,134,70.8955223880597,2.35496123198875,Undirected,mild
ACETAMINOPHEN,CEFAZOLIN,2.35496123198875,1.6221493641396023,3.4188235231417905,134,70.8955223880597,2.35496123198875,Undirected,mild
MYCOPHENOLATE MOFETIL,VITAMIN D3,2.354742653056127,1.752005225905677,3.16483814096815,213,70.89201877934272,2.354742653056127,Undirected,mild
MIDAZOLAM,VALPROIC ACID,2.353938342376694,1.6699998978436683,3.3179796758465683,158,70.88607594936708,2.353938342376694,Undirected,mild
IBUPROFEN,METHOTREXATE,2.3535915028693917,1.978536949018687,2.799741983654348,618,70.87378640776699,2.3535915028693917,Undirected,mild
ACYCLOVIR,ZOFRAN,2.35264692832044,1.7418460833149685,3.1776329851153378,206,70.87378640776699,2.35264692832044,Undirected,mild
VENCLEXTA,ZOFRAN,2.352410990631934,1.5378055803281525,3.598528669446662,103,70.87378640776699,2.352410990631934,Undirected,mild
GLIPIZIDE,LT4,2.352410990631934,1.5378055803281525,3.598528669446662,103,70.87378640776699,2.352410990631934,Undirected,mild
ACETAMINOPHEN,LINAGLIPTIN,2.352410990631934,1.5378055803281525,3.598528669446662,103,70.87378640776699,2.352410990631934,Undirected,mild
CYTARABINE,MERCAPTOPURINE,2.3521764724010867,1.8857158153586369,2.9340233094799455,381,70.86614173228347,2.3521764724010867,Undirected,mild
ARAVA,PREDNISONE,2.351971451498702,1.9863091095681595,2.784949070624543,652,70.85889570552148,2.351971451498702,Undirected,mild
CHLORPHENIRAMINE MALEATE,DEXAMETHASONE,2.351594886953563,1.6036803564482278,3.4483171725029917,127,70.86614173228347,2.351594886953563,Undirected,mild
BISOPROLOL,DIGOXIN,2.351080222067768,1.8669104398757363,2.960815951602984,350,70.85714285714285,2.351080222067768,Undirected,mild
AMOXICILLIN,AZITHROMYCIN,2.3506798666061464,1.6966059176416937,3.256911801267489,175,70.85714285714285,2.3506798666061464,Undirected,mild
FAMOTIDINE,FUROSEMIDE,2.3497160624665385,1.965287071931409,2.8093430486912343,583,70.84048027444254,2.3497160624665385,Undirected,mild
ENBREL,LEFLUNOMIDE,2.3496612649605235,1.9012860259922495,2.9037756468938523,415,70.8433734939759,2.3496612649605235,Undirected,mild
FENTANYL,MORPHINE,2.3496525323269037,1.92283386833348,2.871213740090383,463,70.84233261339092,2.3496525323269037,Undirected,mild
ATORVASTATIN,TACROLIMUS,2.348229117476434,1.821260540209105,3.027672244812952,288,70.83333333333334,2.348229117476434,Undirected,mild
LOSARTAN POTASSIUM,OXYGEN,2.348064791238625,1.7509439530965467,3.1488205285520525,216,70.83333333333334,2.348064791238625,Undirected,mild
ETOPOSIDE,MESNA,2.347955262665587,1.6834196115469686,3.2748186356299978,168,70.83333333333334,2.347955262665587,Undirected,mild
CYTARABINE,IDARUBICIN HYDROCHLORIDE,2.347900505053091,1.6391039690046,3.3632014111809454,144,70.83333333333334,2.347900505053091,Undirected,mild
LEVOTHYROXINE SODIUM,METOPROLOL TARTRATE,2.347900505053091,1.6391039690046,3.3632014111809454,144,70.83333333333334,2.347900505053091,Undirected,mild
METFORMIN HYDROCHLORIDE,TRULICITY,2.347845751889221,1.5838060996672998,3.480463723319548,120,70.83333333333334,2.347845751889221,Undirected,mild
ATORVASTATIN,THIAMINE,2.347845751889221,1.5838060996672998,3.480463723319548,120,70.83333333333334,2.347845751889221,Undirected,mild
MAGNESIUM,PANTOPRAZOLE SODIUM,2.346883311342388,1.8502906715773757,2.9767546049194276,329,70.82066869300911,2.346883311342388,Undirected,mild
DOXORUBICIN,FILGRASTIM,2.3460718801480183,1.7687302460770882,3.111866989909194,233,70.81545064377683,2.3460718801480183,Undirected,mild
LORAZEPAM,MIDAZOLAM,2.3460718801480183,1.7687302460770882,3.111866989909194,233,70.81545064377683,2.3460718801480183,Undirected,mild
HUMIRA,NAPROXEN,2.3460718801480183,1.7687302460770882,3.111866989909194,233,70.81545064377683,2.3460718801480183,Undirected,mild
LASIX,SYNTHROID,2.345000218880895,1.6694623129863408,3.2938904842450536,161,70.80745341614907,2.345000218880895,Undirected,mild
HYDROCORTISONE,PREGABALIN,2.345000218880895,1.6694623129863408,3.2938904842450536,161,70.80745341614907,2.345000218880895,Undirected,mild
MIRTAZAPINE,PREGABALIN,2.3444321704058426,1.9477423116255737,2.8219144641606215,541,70.79482439926062,2.3444321704058426,Undirected,mild
BUMETANIDE,FUROSEMIDE,2.3444312886807332,1.6220950266293408,3.3884316128916643,137,70.8029197080292,2.3444312886807332,Undirected,mild
AMLODIPINE,POTASSIUM CHLORIDE,2.344158115515386,1.8547864512632275,2.962646867942208,339,70.79646017699115,2.344158115515386,Undirected,mild
CYCLOPHOSPHAMIDE,SULFAMETHOXAZOLE / TRIMETHOPRIM,2.344021071954818,1.9603999687096387,2.8027111168465915,582,70.79037800687286,2.344021071954818,Undirected,mild
LT4,QUETIAPINE,2.3437849316156143,1.8383411625829948,2.9881982286410365,315,70.7936507936508,2.3437849316156143,Undirected,mild
ALBUTEROL,CREON,2.3436442285350427,1.5623353918039398,3.5156780667968763,113,70.79646017699115,2.3436442285350427,Undirected,mild
ENBREL,SIMPONI,2.342631287853488,1.8490923651975688,2.9679000649833567,332,70.78313253012048,2.342631287853488,Undirected,mild
POTASSIUM CHLORIDE,PREDNISONE,2.3423870465446215,1.9897201292793425,2.757562229521844,698,70.77363896848138,2.3423870465446215,Undirected,mild
COSENTYX,NAPROXEN,2.3413358567063063,1.912954807480982,2.865647203196227,455,70.76923076923077,2.3413358567063063,Undirected,mild
DIAZEPAM,OMEPRAZOLE,2.341040886384746,1.8432232169632048,2.9733091365648097,325,70.76923076923077,2.341040886384746,Undirected,mild
ATORVASTATIN CALCIUM,FUROSEMIDE,2.340949773368931,1.9750013263830135,2.7747048917036015,643,70.76205287713842,2.340949773368931,Undirected,mild
FENTANYL,ROCURONIUM,2.34089344986834,1.7918381530682617,3.058190347299599,260,70.76923076923077,2.34089344986834,Undirected,mild
PANTOPRAZOLE SODIUM,SULFAMETHOXAZOLE / TRIMETHOPRIM,2.34089344986834,1.7918381530682617,3.058190347299599,260,70.76923076923077,2.34089344986834,Undirected,mild
LISINOPRIL,VITAMIN D2,2.3407460457672578,1.7191656733904823,3.187064595100579,195,70.76923076923077,2.3407460457672578,Undirected,mild
ELIQUIS,LENALIDOMIDE,2.3407460457672578,1.7191656733904823,3.187064595100579,195,70.76923076923077,2.3407460457672578,Undirected,mild
JARDIANCE,TAMSULOSIN,2.340598674070809,1.6038794448687257,3.4157194111995275,130,70.76923076923077,2.340598674070809,Undirected,mild
METRONIDAZOLE,SULFAMETHOXAZOLE / TRIMETHOPRIM,2.340598674070809,1.6038794448687257,3.4157194111995275,130,70.76923076923077,2.340598674070809,Undirected,mild
ADEMPAS,ORENITRAM,2.340598674070809,1.6038794448687257,3.4157194111995275,130,70.76923076923077,2.340598674070809,Undirected,mild
BISOPROLOL FUMARATE,HYDROCHLOROTHIAZIDE,2.340598674070809,1.6038794448687257,3.4157194111995275,130,70.76923076923077,2.340598674070809,Undirected,mild
KEYTRUDA,LT4,2.3396737608312264,1.6828137035674025,3.2529288866127173,171,70.76023391812866,2.3396737608312264,Undirected,mild
ACYCLOVIR,CLOTRIMAZOLE,2.339382809547095,1.8371698318284977,2.978881883858055,318,70.75471698113208,2.339382809547095,Undirected,mild
ACETAMINOPHEN,RINVOQ,2.338902757788885,1.53903810537702,3.554470868057127,106,70.75471698113208,2.338902757788885,Undirected,mild
METFORMIN,ZOLPIDEM,2.338902757788885,1.53903810537702,3.554470868057127,106,70.75471698113208,2.338902757788885,Undirected,mild
FERROUS SULFATE,SENNOSIDES,2.338902757788885,1.53903810537702,3.554470868057127,106,70.75471698113208,2.338902757788885,Undirected,mild
ALBUTEROL,DICLOFENAC,2.338902757788885,1.53903810537702,3.554470868057127,106,70.75471698113208,2.338902757788885,Undirected,mild
METHYLPREDNISOLONE,PANTOPRAZOLE,2.3383280924001166,1.893478959308715,2.8876889499230476,417,70.74340527577938,2.3383280924001166,Undirected,mild
ELIQUIS,JARDIANCE,2.3377176580604444,1.9183484510497957,2.8487649602015668,475,70.73684210526315,2.3377176580604444,Undirected,mild
AMIODARONE,ELIQUIS,2.337083321379275,1.9079201549471976,2.8627814622674004,451,70.73170731707317,2.337083321379275,Undirected,mild
DEXAMETHASONE,TOCILIZUMAB,2.3368979376530903,1.8673686941553151,2.9244851261028213,369,70.73170731707317,2.3368979376530903,Undirected,mild
CYANOCOBALAMIN,FUROSEMIDE,2.3366500936238097,1.996044656885896,2.7353765063304776,748,70.72192513368985,2.3366500936238097,Undirected,mild
ACETAMINOPHEN,PLAQUENIL,2.3365273243762976,1.7293896783185572,3.1568130687960743,205,70.73170731707317,2.3365273243762976,Undirected,mild
LANSOPRAZOLE,PERINDOPRIL,2.3364347031614296,1.6689918472765546,3.270793162378153,164,70.73170731707317,2.3364347031614296,Undirected,mild
JANUVIA,METFORMIN,2.3360455818112964,1.852459761956928,2.945871792937203,345,70.72463768115942,2.3360455818112964,Undirected,mild
FUROSEMIDE,TRELEGY ELLIPTA,2.3360455818112964,1.852459761956928,2.945871792937203,345,70.72463768115942,2.3360455818112964,Undirected,mild
ACETAMINOPHEN,VALACICLOVIR,2.33584538011814,1.8244701478341625,2.9905524331523368,304,70.72368421052632,2.33584538011814,Undirected,mild
GANCICLOVIR,METHYLPREDNISOLONE,2.3353258977239095,1.74898185311286,3.118241072011888,222,70.72072072072072,2.3353258977239095,Undirected,mild
AMLODIPINE,ZOFRAN,2.3344152188295983,1.6221104903000612,3.359508767430006,140,70.71428571428572,2.3344152188295983,Undirected,mild
TRAMADOL,ZOPICLONE,2.3344152188295983,1.6221104903000612,3.359508767430006,140,70.71428571428572,2.3344152188295983,Undirected,mild
PREDNISONE,RAMIPRIL,2.3338051420517605,1.9963879067903985,2.7282505682093796,761,70.69645203679369,2.3338051420517605,Undirected,mild
FUROSEMIDE,SODIUM BICARBONATE,2.3334187686919723,1.7827239407893043,3.054226751267639,256,70.703125,2.3334187686919723,Undirected,mild
ALBUTEROL SULFATE,IPRATROPIUM BROMIDE,2.332915460945867,1.6543409290337328,3.289826451370649,157,70.70063694267516,2.332915460945867,Undirected,mild
FUROSEMIDE,LORAZEPAM,2.3327660701950768,1.9028203527116767,2.8598588040633306,447,70.69351230425056,2.3327660701950768,Undirected,mild
OMEPRAZOLE,POTASSIUM CHLORIDE,2.332658402677237,1.985152846938038,2.740995602415976,713,70.68723702664796,2.332658402677237,Undirected,mild
ALBUTEROL SULFATE,METOPROLOL TARTRATE,2.331847689735872,1.757564959144373,3.0937767732770705,232,70.6896551724138,2.331847689735872,Undirected,mild
NYSTATIN,TACROLIMUS,2.331586733449667,1.5631913446140229,3.4776911440363674,116,70.6896551724138,2.331586733449667,Undirected,mild
DECADRON,RITUXIMAB,2.331586733449667,1.5631913446140229,3.4776911440363674,116,70.6896551724138,2.331586733449667,Undirected,mild
LACOSAMIDE,MIDAZOLAM,2.331384287698555,1.8233676989220535,2.980941639001828,307,70.68403908794788,2.331384287698555,Undirected,mild
CHOLECALCIFEROL,PANTOPRAZOLE,2.3310503947324386,2.02822953413145,2.67908333417952,958,70.66805845511482,2.3310503947324386,Undirected,mild
AMLODIPINE,BUPROPION,2.3307396752110843,1.7067945970372365,3.1827774959171347,191,70.68062827225131,2.3307396752110843,Undirected,mild
MIRTAZAPINE,MORPHINE,2.3307396752110843,1.7067945970372365,3.1827774959171347,191,70.68062827225131,2.3307396752110843,Undirected,mild
FOLIC ACID,LORATADINE,2.3301665983813593,1.6041451050794362,3.384778820207341,133,70.67669172932331,2.3301665983813593,Undirected,mild
LIDOCAINE,OLANZAPINE,2.3301665983813593,1.6041451050794362,3.384778820207341,133,70.67669172932331,2.3301665983813593,Undirected,mild
CALCIUM,CETIRIZINE HYDROCHLORIDE,2.3301665983813593,1.6041451050794362,3.384778820207341,133,70.67669172932331,2.3301665983813593,Undirected,mild
ALBUTEROL SULFATE,OXYCODONE,2.3301665983813593,1.6041451050794362,3.384778820207341,133,70.67669172932331,2.3301665983813593,Undirected,mild
COLCHICINE,ELIQUIS,2.3301665983813593,1.6041451050794362,3.384778820207341,133,70.67669172932331,2.3301665983813593,Undirected,mild
CYCLOPHOSPHAMIDE,THYMOGLOBULIN,2.3290778271458397,1.638773652847295,3.310160323530577,150,70.66666666666667,2.3290778271458397,Undirected,mild
LIPITOR,LOSARTAN,2.3290778271458397,1.638773652847295,3.310160323530577,150,70.66666666666667,2.3290778271458397,Undirected,mild
OMEPRAZOLE,QUETIAPINE,2.3277324366374827,1.7963708955801283,3.0162692514701703,276,70.65217391304348,2.3277324366374827,Undirected,mild
PREDNISONE,TADALAFIL,2.327526196549776,1.6946179268738195,3.1968139305709373,184,70.65217391304348,2.327526196549776,Undirected,mild
ASPIRIN,LOPERAMIDE,2.327354013320482,1.80984759917726,2.992835808816876,293,70.64846416382252,2.327354013320482,Undirected,mild
CARVEDILOL,LISINOPRIL,2.326971501079423,1.8934543815530571,2.8597448238464964,436,70.64220183486239,2.326971501079423,Undirected,mild
ATORVASTATIN,HYDROMORPHONE,2.326239068361569,1.5403216874142849,3.5131545880235677,109,70.64220183486239,2.326239068361569,Undirected,mild
BUPRENORPHINE,MORPHINE,2.326239068361569,1.5403216874142849,3.5131545880235677,109,70.64220183486239,2.326239068361569,Undirected,mild
ALBUTEROL,HYDROCHLOROTHIAZIDE,2.326083198431758,1.7566488999894094,3.0801049919873784,235,70.63829787234043,2.326083198431758,Undirected,mild
FUROSEMIDE,VITAMIN D NOS,2.3259395604407693,1.9375098500201628,2.7922412052599888,555,70.63063063063063,2.3259395604407693,Undirected,mild
FUROSEMIDE,MIRTAZAPINE,2.3258371656852086,1.8729302785448396,2.8882647599063285,395,70.63291139240506,2.3258371656852086,Undirected,mild
AMPHOTERICIN B,FLUDARABINE,2.325460498180559,1.5848655585875815,3.4121295016452557,126,70.63492063492063,2.325460498180559,Undirected,mild
INFLIXIMAB,KORTISON,2.325460498180559,1.5848655585875815,3.4121295016452557,126,70.63492063492063,2.325460498180559,Undirected,mild
CALCIUM,FOSAMAX,2.325460498180559,1.5848655585875815,3.4121295016452557,126,70.63492063492063,2.325460498180559,Undirected,mild
ATORVASTATIN CALCIUM,PROTONIX,2.325460498180559,1.5848655585875815,3.4121295016452557,126,70.63492063492063,2.325460498180559,Undirected,mild
ACETAMINOPHEN,AZATHIOPRINE,2.3251961482275667,1.8027354739299264,2.9990740216290153,286,70.62937062937063,2.3251961482275667,Undirected,mild
GLIPIZIDE,METFORMIN,2.3249435360726873,1.9229235304873025,2.811012689909909,514,70.62256809338521,2.3249435360726873,Undirected,mild
ENOXAPARIN SODIUM,PANTOPRAZOLE SODIUM,2.3248763171914724,1.6221892085284664,3.33194787748641,143,70.62937062937063,2.3248763171914724,Undirected,mild
ELIQUIS,TRAMADOL HYDROCHLORIDE,2.3248763171914724,1.6221892085284664,3.33194787748641,143,70.62937062937063,2.3248763171914724,Undirected,mild
BUPROPION,LAMOTRIGINE,2.324424486983558,1.6540883982024124,3.26642107009544,160,70.625,2.324424486983558,Undirected,mild
ACETAMINOPHEN,BUMETANIDE,2.324424486983558,1.6540883982024124,3.26642107009544,160,70.625,2.324424486983558,Undirected,mild
ACETAMINOPHEN,PAROXETINE,2.32406683007335,1.6817845494964896,3.2116400595214656,177,70.62146892655367,2.32406683007335,Undirected,mild
ELIQUIS,PLAVIX,2.32406683007335,1.6817845494964896,3.2116400595214656,177,70.62146892655367,2.32406683007335,Undirected,mild
CYANOCOBALAMIN,RITUXIMAB,2.32406683007335,1.6817845494964896,3.2116400595214656,177,70.62146892655367,2.32406683007335,Undirected,mild
METHYLPREDNISOLONE,OXALIPLATIN,2.32406683007335,1.6817845494964896,3.2116400595214656,177,70.62146892655367,2.32406683007335,Undirected,mild
LEVOTHYROXINE SODIUM,PANTOPRAZOLE SODIUM,2.323857455933368,1.899688614054248,2.842736138725361,456,70.6140350877193,2.323857455933368,Undirected,mild
LYRICA,PANTOPRAZOLE SODIUM,2.3235429027987187,1.7277945045704932,3.124707022082107,211,70.61611374407583,2.3235429027987187,Undirected,mild
AMLODIPINE,FUROSEMIDE,2.3218761111178585,2.061738343189153,2.6148365010473036,1312,70.57926829268293,2.3218761111178585,Undirected,mild
HYDROXYCHLOROQUINE,NAPROXEN,2.32055928010612,1.7877359827779835,3.012187159828168,272,70.58823529411765,2.32055928010612,Undirected,mild
DIPHENHYDRAMINE,LISINOPRIL,2.320332069195421,1.6682327710927622,3.2273319434973065,170,70.58823529411765,2.320332069195421,Undirected,mild
SENNOSIDES,VITAMIN D3,2.320294208311528,1.6387011055400995,3.2853857209973545,153,70.58823529411765,2.320294208311528,Undirected,mild
CARBIDOPA / LEVODOPA,ROTIGOTINE,2.320294208311528,1.6387011055400995,3.2853857209973545,153,70.58823529411765,2.320294208311528,Undirected,mild
ASPARAGINASE,DEXAMETHASONE,2.320256349598916,1.604470445824406,3.355368459334819,136,70.58823529411765,2.320256349598916,Undirected,mild
FOSPHENYTOIN,LEVETIRACETAM,2.320256349598916,1.604470445824406,3.355368459334819,136,70.58823529411765,2.320256349598916,Undirected,mild
POLYETHYLENE GLYCOL,SERTRALINE,2.3202184930573972,1.5641010518772531,3.44185808779062,119,70.58823529411765,2.3202184930573972,Undirected,mild
ENTRESTO,LT4,2.320180638686786,1.5154340491004437,3.552274808219131,102,70.58823529411765,2.320180638686786,Undirected,mild
LEFLUNOMIDE,RISEDRONATE SODIUM,2.320180638686786,1.5154340491004437,3.552274808219131,102,70.58823529411765,2.320180638686786,Undirected,mild
DEPAKOTE,EPIDIOLEX,2.320180638686786,1.5154340491004437,3.552274808219131,102,70.58823529411765,2.320180638686786,Undirected,mild
ALBUTEROL SULFATE,ATORVASTATIN CALCIUM,2.318878300458313,1.9346756166956207,2.779378892219956,564,70.56737588652481,2.318878300458313,Undirected,mild
ACYCLOVIR,PREDNISONE,2.3182600959383213,1.9855289302640056,2.7067497181747724,771,70.55771725032426,2.3182600959383213,Undirected,mild
CYANOCOBALAMIN,TRAMADOL HYDROCHLORIDE,2.316705322931612,1.6813530352512782,3.192145516600294,180,70.55555555555556,2.316705322931612,Undirected,mild
ROSUVASTATIN,SITAGLIPTIN,2.316287489565212,1.6538924352609878,3.2439762223531017,163,70.5521472392638,2.316287489565212,Undirected,mild
POTASSIUM CHLORIDE,TRELEGY ELLIPTA,2.315781292963772,1.6223252939712578,3.3056520888689125,146,70.54794520547945,2.315781292963772,Undirected,mild
FOLIC ACID,VALSARTAN,2.315781292963772,1.6223252939712578,3.3056520888689125,146,70.54794520547945,2.315781292963772,Undirected,mild
ONDANSETRON,TRAZODONE,2.315437887868654,1.7715932942944987,3.026232166177093,258,70.54263565891473,2.315437887868654,Undirected,mild
PREGABALIN,ROSUVASTATIN,2.315339587284329,1.896723265275345,2.8263466276762026,465,70.53763440860214,2.315339587284329,Undirected,mild
AZITHROMYCIN,DEXAMETHASONE,2.315041733250342,1.754945642928881,3.0538941466849403,241,70.53941908713693,2.315041733250342,Undirected,mild
CETIRIZINE,PREDNISONE,2.314636737218295,1.9129527095671792,2.8006668426700125,509,70.53045186640472,2.314636737218295,Undirected,mild
AMOXICILLIN,RAMIPRIL,2.314343145679703,1.541647746769678,3.474324278797027,112,70.53571428571429,2.314343145679703,Undirected,mild
SPIRONOLACTONE,URSADIOL 300 MG ORAL CAPSULE [URSODIOL],2.314343145679703,1.541647746769678,3.474324278797027,112,70.53571428571429,2.314343145679703,Undirected,mild
CELECOXIB,LISINOPRIL,2.314343145679703,1.541647746769678,3.474324278797027,112,70.53571428571429,2.314343145679703,Undirected,mild
CITALOPRAM,TRAMADOL,2.314343145679703,1.541647746769678,3.474324278797027,112,70.53571428571429,2.314343145679703,Undirected,mild
FUROSEMIDE,PERINDOPRIL,2.3138901515009223,1.8558742639113992,2.8849409344837857,380,70.52631578947368,2.3138901515009223,Undirected,mild
OMEPRAZOLE,URSADIOL 300 MG ORAL CAPSULE [URSODIOL],2.312754621641232,1.6679354206613526,3.20685913475116,173,70.52023121387283,2.312754621641232,Undirected,mild
FUROSEMIDE,SERTRALINE,2.3115338365515257,1.8405648120709244,2.9030157712896236,356,70.50561797752809,2.3115338365515257,Undirected,mild
SPIRONOLACTONE,VITAMINS,2.3110356449654357,1.82983461213781,2.9187805919033356,339,70.50147492625368,2.3110356449654357,Undirected,mild
ATORVASTATIN,ZOFRAN,2.3108297452699897,1.6048493144455491,3.3273741425807515,139,70.50359712230215,2.3108297452699897,Undirected,mild
BENZONATATE,OMEPRAZOLE,2.3108297452699897,1.6048493144455491,3.3273741425807515,139,70.50359712230215,2.3108297452699897,Undirected,mild
LISINOPRIL,NOVOLOG,2.3108297452699897,1.6048493144455491,3.3273741425807515,139,70.50359712230215,2.3108297452699897,Undirected,mild
FUROSEMIDE,SPIRONOLACTONE,2.310752450141566,2.121176691611556,2.517271148109085,2525,70.45544554455445,2.310752450141566,Undirected,mild
CHOLECALCIFEROL,RITUXIMAB,2.310020475643705,1.8451879231484376,2.891951833712438,366,70.49180327868852,2.310020475643705,Undirected,mild
ALDACTONE,FUROSEMIDE,2.3096166295197023,1.6809719227359867,3.17335994920824,183,70.49180327868852,2.3096166295197023,Undirected,mild
ELIQUIS,VALACYCLOVIR HYDROCHLORIDE,2.3096166295197023,1.6809719227359867,3.17335994920824,183,70.49180327868852,2.3096166295197023,Undirected,mild
CARVEDILOL,LASIX,2.3096166295197023,1.6809719227359867,3.17335994920824,183,70.49180327868852,2.3096166295197023,Undirected,mild
AZITHROMYCIN,PANTOPRAZOLE SODIUM,2.3094820694706955,1.565057136458084,3.4079953408458175,122,70.49180327868852,2.3094820694706955,Undirected,mild
ALLOPURINOL,POTASSIUM,2.3094820694706955,1.565057136458084,3.4079953408458175,122,70.49180327868852,2.3094820694706955,Undirected,mild
ALENDRONIC ACID,CALCIUM CARBONATE / CHOLECALCIFEROL,2.3094820694706955,1.565057136458084,3.4079953408458175,122,70.49180327868852,2.3094820694706955,Undirected,mild
BACTRIM,PERPRAZOLE,2.3094820694706955,1.565057136458084,3.4079953408458175,122,70.49180327868852,2.3094820694706955,Undirected,mild
ACETAMINOPHEN,BUDESONIDE,2.3092161605550094,1.79257496210209,2.974759432049194,288,70.48611111111111,2.3092161605550094,Undirected,mild
AMITRIPTYLINE,ZOPICLONE,2.3084827966601367,1.6537486442331912,3.2224321640770235,166,70.48192771084338,2.3084827966601367,Undirected,mild
ATORVASTATIN,NOVOLOG,2.3084827966601367,1.6537486442331912,3.2224321640770235,166,70.48192771084338,2.3084827966601367,Undirected,mild
GLIMEPIRIDE,ROSUVASTATIN,2.3077118735973285,1.5172600210802896,3.509967980142462,105,70.47619047619048,2.3077118735973285,Undirected,mild
ALPRAZOLAM,METHAMPHETAMINE,2.3077118735973285,1.5172600210802896,3.509967980142462,105,70.47619047619048,2.3077118735973285,Undirected,mild
DEXMEDETOMIDINE,MIDAZOLAM,2.3077118735973285,1.5172600210802896,3.509967980142462,105,70.47619047619048,2.3077118735973285,Undirected,mild
GABAPENTIN,PROAIR,2.3077118735973285,1.5172600210802896,3.509967980142462,105,70.47619047619048,2.3077118735973285,Undirected,mild
FUROSEMIDE,OFEV,2.3077118735973285,1.5172600210802896,3.509967980142462,105,70.47619047619048,2.3077118735973285,Undirected,mild
CHOLECALCIFEROL,MENTHOL/MINERAL OIL/VITAMIN A,2.3077118735973285,1.5172600210802896,3.509967980142462,105,70.47619047619048,2.3077118735973285,Undirected,mild
ASCORBIC ACID,PROTONIX,2.3077118735973285,1.5172600210802896,3.509967980142462,105,70.47619047619048,2.3077118735973285,Undirected,mild
ELIQUIS,OXYCODONE,2.307624105338967,1.7622411517711338,3.0217935872110746,254,70.47244094488188,2.307624105338967,Undirected,mild
AMIODARONE,METOPROLOL,2.307427924401372,1.798949032226591,2.9596300567322564,298,70.46979865771812,2.307427924401372,Undirected,mild
G CSF,RITUXIMAB,2.307099881780513,1.622513442393706,3.280533600177157,149,70.46979865771812,2.307099881780513,Undirected,mild
PREDNISONE,URSADIOL 300 MG ORAL CAPSULE [URSODIOL],2.305662234591659,1.769924688103205,3.003561889245888,264,70.45454545454545,2.305662234591659,Undirected,mild
ALBUTEROL,LASIX,2.3053720832685407,1.5861429326954453,3.350732353787446,132,70.45454545454545,2.3053720832685407,Undirected,mild
ATORVASTATIN CALCIUM,TRAZODONE HYDROCHLORIDE,2.3053720832685407,1.5861429326954453,3.350732353787446,132,70.45454545454545,2.3053720832685407,Undirected,mild
POTASSIUM CHLORIDE,VITAMINS,2.304486884762905,1.8386947721513551,2.888276990003365,362,70.44198895027624,2.304486884762905,Undirected,mild
ACETAMINOPHEN,CARVEDILOL,2.3041979069281227,1.8109008519637495,2.9318711670683015,318,70.44025157232704,2.3041979069281227,Undirected,mild
COSENTYX,ENBREL,2.3036518778241604,1.827987346526896,2.9030901030499554,345,70.43478260869566,2.3036518778241604,Undirected,mild
CARVEDILOL,NIFEDIPINE,2.3033995128791793,1.7352360796924464,3.05759508923559,230,70.43478260869566,2.3033995128791793,Undirected,mild
FUROSEMIDE,PIPERACILLIN / TAZOBACTAM,2.3031472456224535,1.5430088903707824,3.437755458261576,115,70.43478260869566,2.3031472456224535,Undirected,mild
GABAPENTIN,QUETIAPINE,2.302583558195836,1.9307771063291088,2.745988143889908,595,70.4201680672269,2.302583558195836,Undirected,mild
ONDANSETRON,PREDNISONE,2.3024704820965596,1.961842919333093,2.702239954424132,720,70.41666666666667,2.3024704820965596,Undirected,mild
MERCAPTOPURINE,VINCRISTINE,2.3021633991860124,1.7842118009172316,2.970474869534593,284,70.4225352112676,2.3021633991860124,Undirected,mild
QUETIAPINE,SERTRALINE HYDROCHLORIDE,2.3018522393652328,1.605276206934554,3.300692870785665,142,70.4225352112676,2.3018522393652328,Undirected,mild
CEFAZOLIN SODIUM,PROPOFOL,2.3018522393652328,1.605276206934554,3.300692870785665,142,70.4225352112676,2.3018522393652328,Undirected,mild
ACTEMRA,CETIRIZINE HYDROCHLORIDE,2.3017219394117765,1.8041818191866867,2.9364689467704417,311,70.41800643086816,2.3017219394117765,Undirected,mild
SIMVASTATIN,TAMSULOSIN,2.301418340403447,1.7441973999165707,3.0366553566693213,240,70.41666666666667,2.301418340403447,Undirected,mild
ROSUVASTATIN,TRAZODONE,2.301061407306477,1.8377947331707392,2.8811071795053107,365,70.41095890410959,2.301061407306477,Undirected,mild
DULOXETINA,TAMSULOSIN,2.3009904700000954,1.653653007371201,3.2017340514791397,169,70.41420118343196,2.3009904700000954,Undirected,mild
ACYCLOVIR,FILGRASTIM,2.3003826693006957,1.692714045227545,3.1261986867413523,196,70.40816326530613,2.3003826693006957,Undirected,mild
ARIPIPRAZOLE,VALPROIC ACID,2.3003826693006957,1.692714045227545,3.1261986867413523,196,70.40816326530613,2.3003826693006957,Undirected,mild
ELIQUIS,GABAPENTIN,2.3000160109276773,1.9966290207627015,2.6495025342779424,922,70.39045553145337,2.3000160109276773,Undirected,mild
CYTARABINE,SODIUM CHLORIDE,2.299936486968966,1.725154627635607,3.0662224471674757,223,70.4035874439462,2.299936486968966,Undirected,mild
ALBUTEROL SULFATE,VITAMIN D2,2.299339771921209,1.7764452730083584,2.9761476286772175,277,70.3971119133574,2.299339771921209,Undirected,mild
OZEMPIC,TRAMADOL,2.2993262343033787,1.5660531381868676,3.3759398087071184,125,70.39999999999999,2.2993262343033787,Undirected,mild
ORENITRAM,VITAMIN D3,2.2993262343033787,1.5660531381868676,3.3759398087071184,125,70.39999999999999,2.2993262343033787,Undirected,mild
CELLCEPT,CYCLOSPORINE,2.2993262343033787,1.5660531381868676,3.3759398087071184,125,70.39999999999999,2.2993262343033787,Undirected,mild
CEFTRIAXONE,CIPROFLOXACIN,2.2984580560763694,1.6674858744555376,3.1681884185479667,179,70.39106145251397,2.2984580560763694,Undirected,mild
FLONASE ALLERGY RELIEF,OXYGEN,2.2984580560763694,1.6674858744555376,3.1681884185479667,179,70.39106145251397,2.2984580560763694,Undirected,mild
BUPROPION,MIRTAZAPINE,2.2982179170335297,1.7040129294299118,3.0996276512649454,206,70.3883495145631,2.2982179170335297,Undirected,mild
GLYCERYL TRINITRATE,PANTOPRAZOLE,2.2979240408543187,1.7607360805756138,2.9990041981816904,260,70.38461538461539,2.2979240408543187,Undirected,mild
INSULIN,LT4,2.2962580807054858,1.714616635892138,3.0752070537690384,216,70.37037037037037,2.2962580807054858,Undirected,mild
GABAPENTIN,HUMALOG,2.2961992238095466,1.68034767710359,3.137761873490258,189,70.37037037037037,2.2961992238095466,Undirected,mild
DEXAMETHASONE,MIDAZOLAM,2.2961992238095466,1.68034767710359,3.137761873490258,189,70.37037037037037,2.2961992238095466,Undirected,mild
GABAPENTIN,SILDENAFILO,2.2961403722581863,1.6387943158930929,3.2171582229590183,162,70.37037037037037,2.2961403722581863,Undirected,mild
HUMALOG,OMEPRAZOLE,2.2960815260506773,1.58684785007016,3.322303631087325,135,70.37037037037037,2.2960815260506773,Undirected,mild
ATORVASTATIN,MOVICOL,2.2960226851862915,1.5191050983118166,3.470280085787703,108,70.37037037037037,2.2960226851862915,Undirected,mild
AMLODIPINE BESYLATE,MIRTAZAPINE,2.2960226851862915,1.5191050983118166,3.470280085787703,108,70.37037037037037,2.2960226851862915,Undirected,mild
HYDROXYZINE,LAMOTRIGINE,2.2960226851862915,1.5191050983118166,3.470280085787703,108,70.37037037037037,2.2960226851862915,Undirected,mild
ACETAMINOPHEN / HYDROCODONE,SODIUM CHLORIDE,2.2960226851862915,1.5191050983118166,3.470280085787703,108,70.37037037037037,2.2960226851862915,Undirected,mild
ACETAMINOPHEN,ACTEMRA,2.2958277703921564,1.8717929773406807,2.8159231363247543,442,70.36199095022624,2.2958277703921564,Undirected,mild
LANSOPRAZOLE,ONDANSETRON,2.295444194158162,1.8312393748453872,2.8773212944589965,361,70.3601108033241,2.295444194158162,Undirected,mild
ACETAMINOPHEN,OXALIPLATIN,2.294726866136563,1.7520004430901783,3.005576517367292,253,70.35573122529645,2.294726866136563,Undirected,mild
ACETAMINOPHEN,HUMALOG,2.2932924994394233,1.6057461904312924,3.275231490085325,145,70.34482758620689,2.2932924994394233,Undirected,mild
PHENYLEPHRINE,VASOPRESSIN,2.2925913662542223,1.544398733866377,3.4032501175814573,118,70.33898305084746,2.2925913662542223,Undirected,mild
FLUCONAZOLE,HYDROCORTISONE,2.2925913662542223,1.544398733866377,3.4032501175814573,118,70.33898305084746,2.2925913662542223,Undirected,mild
AMPHOTERICIN B,CASPOFUNGIN,2.291707148087343,1.667326904083117,3.1499051804017513,182,70.32967032967034,2.291707148087343,Undirected,mild
KEYTRUDA,ONDANSETRON,2.291707148087343,1.667326904083117,3.1499051804017513,182,70.32967032967034,2.291707148087343,Undirected,mild
INSULIN,OMEPRAZOLE,2.291355432133777,1.7429130342259014,3.012376184736516,246,70.32520325203252,2.291355432133777,Undirected,mild
PANTOPRAZOLE SODIUM,QUETIAPINE,2.2908699995033763,1.6230272385700426,3.2335164992353365,155,70.3225806451613,2.2908699995033763,Undirected,mild
OPSUMIT,TYLENOL,2.2908699995033763,1.6230272385700426,3.2335164992353365,155,70.3225806451613,2.2908699995033763,Undirected,mild
ARAVA,ORENCIA,2.290674148116811,1.819385006078738,2.8840449027112594,347,70.31700288184439,2.290674148116811,Undirected,mild
FUROSEMIDE,METOPROLOL TARTRATE,2.290674148116811,1.819385006078738,2.8840449027112594,347,70.31700288184439,2.290674148116811,Undirected,mild
ELIQUIS,OMEPRAZOLE,2.2904701559032596,1.977300427705524,2.6532404795822044,852,70.30516431924883,2.2904701559032596,Undirected,mild
CALCIUM,FUROSEMIDE,2.290398919464141,1.8701122986565328,2.8051402121953415,448,70.3125,2.290398919464141,Undirected,mild
PANTOPRAZOLE,SIMVASTATIN,2.2902601061924455,1.8398825869033852,2.850883741904814,384,70.3125,2.2902601061924455,Undirected,mild
PREGABALIN,ROSUVASTATIN CALCIUM,2.2897051516309683,1.5670833881198996,3.345546076967454,128,70.3125,2.2897051516309683,Undirected,mild
MAGNESIUM OXIDE,TAMSULOSIN,2.2897051516309683,1.5670833881198996,3.345546076967454,128,70.3125,2.2897051516309683,Undirected,mild
FAMOTIDINE,MAGNESIUM OXIDE,2.2891755264336573,1.7240725033317048,3.039503605965575,229,70.3056768558952,2.2891755264336573,Undirected,mild
LOSARTAN POTASSIUM,SODIUM CHLORIDE,2.2887467051455888,1.638915009659051,3.1962374189278693,165,70.3030303030303,2.2887467051455888,Undirected,mild
INSULIN,METHOTREXATE,2.2879504407637143,1.4930664643106364,3.5060175447767463,101,70.29702970297029,2.2879504407637143,Undirected,mild
KEPPRA,OMEPRAZOLE,2.2879504407637143,1.4930664643106364,3.5060175447767463,101,70.29702970297029,2.2879504407637143,Undirected,mild
EZETIMIBE,MIRTAZAPINE,2.2879504407637143,1.4930664643106364,3.5060175447767463,101,70.29702970297029,2.2879504407637143,Undirected,mild
ATORVASTATIN,BUDESONIDE / FORMOTEROL,2.2879504407637143,1.4930664643106364,3.5060175447767463,101,70.29702970297029,2.2879504407637143,Undirected,mild
FUROSEMIDE,ROSUVASTATIN,2.287360012558089,1.977383340108154,2.6459289511175776,868,70.27649769585254,2.287360012558089,Undirected,mild
DILTIAZEM,LISINOPRIL,2.2872443844274044,1.5875900289095426,3.2952379259323092,138,70.28985507246377,2.2872443844274044,Undirected,mild
LANSOPRAZOLE,PREDNISONE,2.28708979675301,1.922151100514829,2.721315580762986,609,70.27914614121511,2.28708979675301,Undirected,mild
IBUPROFEN,QUETIAPINE,2.286870830906877,1.653591794352597,3.1626778840543515,175,70.28571428571428,2.286870830906877,Undirected,mild
CELEBREX,RITUXIMAB,2.286870830906877,1.653591794352597,3.1626778840543515,175,70.28571428571428,2.286870830906877,Undirected,mild
SODIUM CHLORIDE,SYMBICORT,2.286870830906877,1.653591794352597,3.1626778840543515,175,70.28571428571428,2.286870830906877,Undirected,mild
GABAPENTIN,QUETIAPINE FUMARATE,2.2866556172589565,1.7031978246273816,3.06998625546382,212,70.28301886792453,2.2866556172589565,Undirected,mild
GOLIMUMAB,METHOTREXATE,2.28528174841904,1.7136950782845408,3.0475157079199136,222,70.27027027027027,2.28528174841904,Undirected,mild
AMLODIPINE,FLUCONAZOLE,2.2852018899737065,1.6672077277550166,3.1322717565442777,185,70.27027027027027,2.2852018899737065,Undirected,mild
COSENTYX,METHOTREXATE,2.285123542095332,2.023713657818877,2.5803006183524357,1247,70.2485966319166,2.285123542095332,Undirected,mild
ACETAMINOPHEN,SILDENAFILO,2.28512204145145,1.6062548362359996,3.250905539100914,148,70.27027027027027,2.28512204145145,Undirected,mild
ASPARAGINASE,MERCAPTOPURINE,2.285042202850422,1.5209632632865964,3.432967774333175,111,70.27027027027027,2.285042202850422,Undirected,mild
CETIRIZINE HYDROCHLORIDE,ELIQUIS,2.285042202850422,1.5209632632865964,3.432967774333175,111,70.27027027027027,2.285042202850422,Undirected,mild
(-)-ARTERENOL,PHENYLEPHRINE,2.285042202850422,1.5209632632865964,3.432967774333175,111,70.27027027027027,2.285042202850422,Undirected,mild
METFORMIN HYDROCHLORIDE,PREDNISONE,2.2846808575657844,1.812419703430073,2.8799988275612547,343,70.26239067055393,2.2846808575657844,Undirected,mild
KORTISON,METHOTREXATE,2.2842841624481953,1.7587202979873635,2.966903913477857,269,70.26022304832715,2.2842841624481953,Undirected,mild
LANTUS,PANTOPRAZOLE,2.283273318198374,1.623344639773315,3.2114788923223414,158,70.25316455696202,2.283273318198374,Undirected,mild
ACETAMINOPHEN,FOLIC ACID,2.282882915631419,2.066174518621312,2.522320529806602,1850,70.21621621621622,2.282882915631419,Undirected,mild
FENTANYL,PANTOPRAZOLE,2.282882732882374,1.7329220534922796,3.007379103745543,242,70.24793388429752,2.282882732882374,Undirected,mild
ACETAMINOPHEN,GENTAMICIN,2.2826221725211457,1.5458117534519975,3.370632918820638,121,70.24793388429752,2.2826221725211457,Undirected,mild
AMOXICILLIN / CLAVULANATE,CEFTRIAXONE,2.2826221725211457,1.5458117534519975,3.370632918820638,121,70.24793388429752,2.2826221725211457,Undirected,mild
ADVAIR HFA,FUROSEMIDE,2.2826221725211457,1.5458117534519975,3.370632918820638,121,70.24793388429752,2.2826221725211457,Undirected,mild
DEXAMETHASONE,TEMOZOLOMIDE,2.2826221725211457,1.5458117534519975,3.370632918820638,121,70.24793388429752,2.2826221725211457,Undirected,mild
ARIPIPRAZOLE,QUETIAPINE,2.2822373762116386,1.9011948244458623,2.739649495361701,551,70.23593466424683,2.2822373762116386,Undirected,mild
CHOLECALCIFEROL,LOSARTAN,2.281648963244589,1.6390744360579963,3.1761351876095656,168,70.23809523809523,2.281648963244589,Undirected,mild
QUETIAPINE,TRAZODONE,2.281052697740124,1.8593829598466696,2.7983484425911747,440,70.22727272727273,2.281052697740124,Undirected,mild
PREGABALIN,QUETIAPINE,2.281052697740124,1.8593829598466696,2.7983484425911747,440,70.22727272727273,2.281052697740124,Undirected,mild
ACETAMINOPHEN,ENTRESTO,2.2805776866494436,1.5681429021489035,3.3166840711494423,131,70.22900763358778,2.2805776866494436,Undirected,mild
ELIQUIS,TYLENOL EXTRA STRENGTH,2.2805776866494436,1.5681429021489035,3.3166840711494423,131,70.22900763358778,2.2805776866494436,Undirected,mild
CHOLECALCIFEROL,DENOSUMAB,2.2805776866494436,1.5681429021489035,3.3166840711494423,131,70.22900763358778,2.2805776866494436,Undirected,mild
AMLODIPINE,LABETOLOL,2.2805776866494436,1.5681429021489035,3.3166840711494423,131,70.22900763358778,2.2805776866494436,Undirected,mild
ATORVASTATIN,RISPERIDONE,2.2805776866494436,1.5681429021489035,3.3166840711494423,131,70.22900763358778,2.2805776866494436,Undirected,mild
AMLODIPINE,SODIUM CHLORIDE,2.2802108764322324,1.6536197554725864,3.144230482124307,178,70.2247191011236,2.2802108764322324,Undirected,mild
DAPAGLIFLOZIN,FUROSEMIDE,2.280105686186268,2.006019129237123,2.5916412582546284,1121,70.20517395182873,2.280105686186268,Undirected,mild
ARAVA,RITUXIMAB,2.27933268243507,1.8272583500514936,2.8432528312541256,376,70.2127659574468,2.27933268243507,Undirected,mild
AZATHIOPRINE,HUMIRA,2.2789291219229924,1.667125584893571,3.1152529778254543,188,70.2127659574468,2.2789291219229924,Undirected,mild
POTASSIUM CHLORIDE,SODIUM BICARBONATE,2.2789291219229924,1.667125584893571,3.1152529778254543,188,70.2127659574468,2.2789291219229924,Undirected,mild
PANTOPRAZOLE,SPIRIVA,2.2772550011623003,1.7412293350411951,2.978292540767478,255,70.19607843137254,2.2772550011623003,Undirected,mild
FUROSEMIDE,PREDNISONE,2.2771613748535486,2.029633894102832,2.5548764938304585,1388,70.17291066282421,2.2771613748535486,Undirected,mild
CYANOCOBALAMIN,SILDENAFIL CITRATE,2.2765211384611637,1.4954856343089449,3.465461904122762,104,70.1923076923077,2.2765211384611637,Undirected,mild
POLYETHYLENE GLYCOL,RAMIPRIL,2.2765211384611637,1.4954856343089449,3.465461904122762,104,70.1923076923077,2.2765211384611637,Undirected,mild
ELIQUIS,SENNOSIDES,2.2765211384611637,1.4954856343089449,3.465461904122762,104,70.1923076923077,2.2765211384611637,Undirected,mild
LT4,MIDODRINE,2.2765211384611637,1.4954856343089449,3.465461904122762,104,70.1923076923077,2.2765211384611637,Undirected,mild
AMBRISENTAN,TYVASO DPI,2.2765211384611637,1.4954856343089449,3.465461904122762,104,70.1923076923077,2.2765211384611637,Undirected,mild
DONEPEZILO,LT4,2.2765211384611637,1.4954856343089449,3.465461904122762,104,70.1923076923077,2.2765211384611637,Undirected,mild
BISOPROLOL,TELMISARTAN,2.275993351239663,1.6236975165902616,3.1903391376525434,161,70.1863354037267,2.275993351239663,Undirected,mild
ADEMPAS,WINREVAIR,2.275993351239663,1.6236975165902616,3.1903391376525434,161,70.1863354037267,2.275993351239663,Undirected,mild
CYANOCOBALAMIN,LOPERAMIDE,2.2758053930755,1.7025245460797347,3.042123650479791,218,70.18348623853211,2.2758053930755,Undirected,mild
ACYCLOVIR,PREDNISOLONE,2.2757487581320985,1.7988143623490338,2.879136679438449,332,70.18072289156626,2.2757487581320985,Undirected,mild
ATORVASTATIN,LASIX,2.275745921366918,1.757521986162553,2.9467736616634026,275,70.18181818181817,2.275745921366918,Undirected,mild
ACTEMRA,SIMPONI,2.275317354169517,1.8360093850036323,2.81973997762257,399,70.17543859649122,2.275317354169517,Undirected,mild
PREGABALIN,TRAZODONE,2.2750735000623545,1.76508265815188,2.932417587800354,285,70.17543859649122,2.2750735000623545,Undirected,mild
CLOPIDOGREL,ELIQUIS,2.2749516079760346,1.7129095136074943,3.021411684341118,228,70.17543859649122,2.2749516079760346,Undirected,mild
ASPIRIN,OFEV,2.2748297391923096,1.6392694206532066,3.1568028275984714,171,70.17543859649122,2.2748297391923096,Undirected,mild
MAGNESIUM,TACROLIMUS,2.2748297391923096,1.6392694206532066,3.1568028275984714,171,70.17543859649122,2.2748297391923096,Undirected,mild
METFORMIN,RISPERIDONE,2.2747078937044978,1.5228294152179278,3.397817214439001,114,70.17543859649122,2.2747078937044978,Undirected,mild
CREON,PANTOPRAZOLE,2.2747078937044978,1.5228294152179278,3.397817214439001,114,70.17543859649122,2.2747078937044978,Undirected,mild
FAMOTIDINE,SODIUM BICARBONATE,2.2747078937044978,1.5228294152179278,3.397817214439001,114,70.17543859649122,2.2747078937044978,Undirected,mild
FLUCONAZOLE,ONDANSETRON,2.274448359255831,1.7722940218096277,2.918880995625914,295,70.16949152542374,2.274448359255831,Undirected,mild
LEFLUNOMIDE,VITAMIN D3,2.274171750064461,1.7227024939047029,3.002176619056635,238,70.16806722689076,2.274171750064461,Undirected,mild
LITHIUM,MIRTAZAPINE,2.273192095321128,1.5472431618957612,3.3397480302314566,124,70.16129032258065,2.273192095321128,Undirected,mild
AMOXICILLIN,POTASSIUM CHLORIDE,2.273192095321128,1.5472431618957612,3.3397480302314566,124,70.16129032258065,2.273192095321128,Undirected,mild
MIRTAZAPINE,ZOPICLONE,2.2724784547160564,1.835288041548643,2.813813532393031,402,70.1492537313433,2.2724784547160564,Undirected,mild
ALLOPURINOL,LORAZEPAM,2.2720496790505824,1.6795716705015808,3.073527515817311,201,70.1492537313433,2.2720496790505824,Undirected,mild
NAPROXEN,TRAZODONE,2.271906818035188,1.5692272906421556,3.2892370790483585,134,70.1492537313433,2.271906818035188,Undirected,mild
CLONAZEPAM,CLONIDINE,2.271906818035188,1.5692272906421556,3.2892370790483585,134,70.1492537313433,2.271906818035188,Undirected,mild
ACETAMINOPHEN,DEXILANT,2.271906818035188,1.5692272906421556,3.2892370790483585,134,70.1492537313433,2.271906818035188,Undirected,mild
LASIX,SPIRONOLACTONE,2.2710979334341364,1.852458383055472,2.7843463963499753,442,70.13574660633483,2.2710979334341364,Undirected,mild
RISPERIDONE,SERTRALINE,2.2710683053117218,1.814922779598931,2.8418571331895657,365,70.13698630136986,2.2710683053117218,Undirected,mild
LAMOTRIGINE,ZOPICLONE,2.270803813391996,1.5891688061258318,3.244809449467214,144,70.13888888888889,2.270803813391996,Undirected,mild
GABAPENTIN,HYDROMORPHONE HYDROCHLORIDE,2.270803813391996,1.5891688061258318,3.244809449467214,144,70.13888888888889,2.270803813391996,Undirected,mild
CANDESARTAN,MYCOPHENOLATE MOFETIL,2.270803813391996,1.5891688061258318,3.244809449467214,144,70.13888888888889,2.270803813391996,Undirected,mild
PANTOPRAZOLE,SINGULAIR,2.270803813391996,1.5891688061258318,3.244809449467214,144,70.13888888888889,2.270803813391996,Undirected,mild
DICLOFENAC SODIUM,IBUPROFEN,2.2700113001394984,1.7125632649461295,3.0089115002260116,231,70.12987012987013,2.2700113001394984,Undirected,mild
ONDANSETRON,VALACICLOVIR,2.2700113001394984,1.7125632649461295,3.0089115002260116,231,70.12987012987013,2.2700113001394984,Undirected,mild
ATORVASTATIN CALCIUM,FLUTICASONE PROPIONATE,2.269847419490272,1.607372579908647,3.2053597107270964,154,70.12987012987013,2.269847419490272,Undirected,mild
CYANOCOBALAMIN,TADALAFIL,2.269847419490272,1.607372579908647,3.2053597107270964,154,70.12987012987013,2.269847419490272,Undirected,mild
POTASSIUM CHLORIDE,VITAMIN D2,2.269847419490272,1.607372579908647,3.2053597107270964,154,70.12987012987013,2.269847419490272,Undirected,mild
CALCIUM CARBONATE,FOLIC ACID,2.2685693254114305,1.8517531638578104,2.7792077716643493,445,70.11235955056179,2.2685693254114305,Undirected,mild
DOCUSATE SODIUM,GABAPENTIN,2.268272964653785,1.6394970606315895,3.1381954659907834,174,70.11494252873564,2.268272964653785,Undirected,mild
LEVOTHYROXINE SODIUM,METHOTREXATE,2.268272964653785,1.6394970606315895,3.1381954659907834,174,70.11494252873564,2.268272964653785,Undirected,mild
FOLIC ACID,LEFLUNOMIDE,2.2681487576250685,1.946818029899158,2.6425165103811055,786,70.10178117048346,2.2681487576250685,Undirected,mild
LORAZEPAM,ZOLPIDEM,2.267617994898152,1.6537785820330124,3.1092985643003503,184,70.1086956521739,2.267617994898152,Undirected,mild
ELIQUIS,LORAZEPAM,2.267617994898152,1.6537785820330124,3.1092985643003503,184,70.1086956521739,2.267617994898152,Undirected,mild
ASPIRIN,ELIQUIS,2.2664782048153778,1.974742363497883,2.601313238555357,966,70.08281573498965,2.2664782048153778,Undirected,mild
FUROSEMIDE,MAGNESIUM,2.2660785245200317,1.8510621435247123,2.774143427466366,448,70.08928571428571,2.2660785245200317,Undirected,mild
HUMALOG,MOUNJARO,2.2658064464101386,1.4978919794416117,3.42740259181277,107,70.09345794392523,2.2658064464101386,Undirected,mild
DOCUSATE SODIUM,FAMOTIDINE,2.2658064464101386,1.4978919794416117,3.42740259181277,107,70.09345794392523,2.2658064464101386,Undirected,mild
OMEPRAZOLE,QUETIAPINE FUMARATE,2.2658064464101386,1.4978919794416117,3.42740259181277,107,70.09345794392523,2.2658064464101386,Undirected,mild
ALBUTEROL SULFATE,SPIRONOLACTONE,2.2657083632048907,1.8588743454683117,2.761582244443372,468,70.08547008547008,2.2657083632048907,Undirected,mild
OZEMPIC,PANTOPRAZOLE,2.26553625548729,1.8626099450778533,2.75562499732752,478,70.0836820083682,2.26553625548729,Undirected,mild
FUROSEMIDE,TAMSULOSIN,2.2650656795180804,1.8731986951525237,2.738909943620773,508,70.07874015748031,2.2650656795180804,Undirected,mild
IBUPROFEN,SENNOSIDES,2.26496437147875,1.524699227043509,3.3646397355468314,117,70.08547008547008,2.26496437147875,Undirected,mild
CLONAZEPAM,SERTRALINE HYDROCHLORIDE,2.26496437147875,1.524699227043509,3.3646397355468314,117,70.08547008547008,2.26496437147875,Undirected,mild
ERYTHROMYCIN,PREDNISONE,2.26496437147875,1.524699227043509,3.3646397355468314,117,70.08547008547008,2.26496437147875,Undirected,mild
CLOZAPINE,MIRTAZAPINE,2.26496437147875,1.524699227043509,3.3646397355468314,117,70.08547008547008,2.26496437147875,Undirected,mild
HYDROMORPHONE,TRAZODONE,2.26496437147875,1.524699227043509,3.3646397355468314,117,70.08547008547008,2.26496437147875,Undirected,mild
IBUPROFEN,KETOPROFEN,2.26496437147875,1.524699227043509,3.3646397355468314,117,70.08547008547008,2.26496437147875,Undirected,mild
AMOXICILLIN,FUROSEMIDE,2.2648549480545808,1.7219387060874345,2.97894920277543,244,70.08196721311475,2.2648549480545808,Undirected,mild
ESCITALOPRAM OXALATE,VITAMIN D3,2.2642585728259785,1.548688804382184,3.3104564778339634,127,70.07874015748031,2.2642585728259785,Undirected,mild
ELIQUIS,SERTRALINE HYDROCHLORIDE,2.2642585728259785,1.548688804382184,3.3104564778339634,127,70.07874015748031,2.2642585728259785,Undirected,mild
FUROSEMIDE,TRULICITY,2.2642585728259785,1.548688804382184,3.3104564778339634,127,70.07874015748031,2.2642585728259785,Undirected,mild
METOCLOPRAMIDE,OMEPRAZOLE,2.2642265064081366,1.739802778008199,2.9467257651987926,264,70.07575757575758,2.2642265064081366,Undirected,mild
FOLIC ACID,MELATONINA,2.2642265064081366,1.739802778008199,2.9467257651987926,264,70.07575757575758,2.2642265064081366,Undirected,mild
CALCIUM CARBONATE / CHOLECALCIFEROL,PANTOPRAZOLE,2.263659136301034,1.5703326814264416,3.263100071702336,137,70.07299270072993,2.263659136301034,Undirected,mild
BOTULINUM TOXIN TYPE A,CANDESARTAN,2.263659136301034,1.5703326814264416,3.263100071702336,137,70.07299270072993,2.263659136301034,Undirected,mild
LEVOTHYROXINE SODIUM,OPSUMIT,2.263659136301034,1.5703326814264416,3.263100071702336,137,70.07299270072993,2.263659136301034,Undirected,mild
PANTOPRAZOLE,SPIRONOLACTONE,2.2632930300241516,1.9201659001003273,2.6677358136024907,678,70.0589970501475,2.2632930300241516,Undirected,mild
HYDROXYCHLOROQUINE SULFATE,ORENCIA,2.2632348720848485,1.7705605297327855,2.893000267544636,304,70.06578947368422,2.2632348720848485,Undirected,mild
ALPRAZOLAM,PREDNISONE,2.2632348720848485,1.7705605297327855,2.893000267544636,304,70.06578947368422,2.2632348720848485,Undirected,mild
DEXAMETHASONE,DICLOFENAC,2.263144306157898,1.589997871955113,3.2212761040975204,147,70.06802721088435,2.263144306157898,Undirected,mild
JARDIANCE,SPIRONOLACTONE,2.2625331171403515,1.885380724567314,2.715131240843483,551,70.05444646098003,2.2625331171403515,Undirected,mild
ORENCIA,PREDNISONE,2.2623696271081166,1.8913314043797689,2.7061975060577956,571,70.05253940455341,2.2623696271081166,Undirected,mild
METFORMIN,TRULICITY,2.2619574827875777,1.907571578229275,2.682180691058586,631,70.04754358161648,2.2619574827875777,Undirected,mild
FLUCONAZOLE,SULFAMETHOXAZOLE / TRIMETHOPRIM,2.26192511750474,1.8181175815797004,2.8140673018262374,384,70.05208333333334,2.26192511750474,Undirected,mild
CARVEDILOL,VALSARTAN,2.2616591025784585,1.6539044264422982,3.092743337823369,187,70.05347593582889,2.2616591025784585,Undirected,mild
METOPROLOL,MIRTAZAPINE,2.261387542883848,1.6670768029675394,3.067569298551282,197,70.05076142131979,2.261387542883848,Undirected,mild
FLUTICASONA,GABAPENTIN,2.2607277575058244,1.7017471190371465,3.00331931600335,227,70.04405286343612,2.2607277575058244,Undirected,mild
ALBUTEROL,DEXAMETHASONE,2.260236948805735,1.730723117031231,2.951755260257769,257,70.03891050583657,2.260236948805735,Undirected,mild
LORAZEPAM,VENLAFAXINE,2.2598620679534944,1.7554327575008482,2.909240780857752,287,70.03484320557492,2.2598620679534944,Undirected,mild
LANSOPRAZOLE,SIMVASTATIN,2.2597567911316148,1.762898055962118,2.896651191936639,297,70.03367003367003,2.2597567911316148,Undirected,mild
BACLOFEN,PREGABALIN,2.259570168833938,1.7768448927702594,2.873440089598398,317,70.03154574132492,2.259570168833938,Undirected,mild
PREDNISOLONE,PREDNISONE,2.258677737519741,1.8712186332978848,2.726365070967713,517,70.01934235976789,2.258677737519741,Undirected,mild
ALBUTEROL,ALLOPURINOL,2.256308751732123,1.8117233551122744,2.809992579042224,380,70.0,2.256308751732123,Undirected,mild
LEVETIRACETAM,METHYLPREDNISOLONE,2.2561826292796767,1.7763127139909245,2.865689141652658,320,70.0,2.2561826292796767,Undirected,mild
MELATONINA,POTASSIUM CHLORIDE,2.2560145053961063,1.711691763931018,2.9734333925104703,240,70.0,2.2560145053961063,Undirected,mild
DEXAMETHASONE,MERCAPTOPURINE,2.2560145053961063,1.711691763931018,2.9734333925104703,240,70.0,2.2560145053961063,Undirected,mild
CLOPIDOGREL,CYANOCOBALAMIN,2.2559934930748407,1.7015432814797882,2.9911120664352473,230,70.0,2.2559934930748407,Undirected,mild
ALBUTEROL,CALCIUM CARBONATE,2.255951470541376,1.6793289339266568,3.030565921077657,210,70.0,2.255951470541376,Undirected,mild
ATORVASTATIN CALCIUM,OPSUMIT,2.2559094508197637,1.6540582032716098,3.0767523417446827,190,70.0,2.2559094508197637,Undirected,mild
LYRICA,RITUXIMAB,2.2558464265089513,1.6086020656037876,3.163518939087717,160,70.0,2.2558464265089513,Undirected,mild
AMIODARONE,AMLODIPINE,2.2558464265089513,1.6086020656037876,3.163518939087717,160,70.0,2.2558464265089513,Undirected,mild
LEVOTHYROXINE SODIUM,VALSARTAN,2.2558254198109675,1.5908490263149957,3.1987625729971265,150,70.0,2.2558254198109675,Undirected,mild
CLONAZEPAM,LISINOPRIL,2.2558044138157354,1.571455653916871,3.2381782716598,140,70.0,2.2558044138157354,Undirected,mild
ACETAMINOPHEN,MOMETASONE FUROATE,2.25578340852322,1.5501450706635351,3.2826339176052044,130,70.0,2.25578340852322,Undirected,mild
HUMAN IMMUNOGLOBULIN G,SULFAMETHOXAZOLE / TRIMETHOPRIM,2.25578340852322,1.5501450706635351,3.2826339176052044,130,70.0,2.25578340852322,Undirected,mild
AMIODARONE,CHOLECALCIFEROL,2.255762403933385,1.5265690268302057,3.33326822015058,120,70.0,2.255762403933385,Undirected,mild
DAPAGLIFLOZIN,LIPOGEN,2.2557414000461957,1.5002820420082577,3.391608458547666,110,70.0,2.2557414000461957,Undirected,mild
CHOLECALCIFEROL,LAMOTRIGINE,2.2557414000461957,1.5002820420082577,3.391608458547666,110,70.0,2.2557414000461957,Undirected,mild
CARBOPLATIN,IBUPROFEN,2.2557414000461957,1.5002820420082577,3.391608458547666,110,70.0,2.2557414000461957,Undirected,mild
EPINEPHRINE,LANADELUMAB,2.2557414000461957,1.5002820420082577,3.391608458547666,110,70.0,2.2557414000461957,Undirected,mild
ASPIRIN,LINEZOLID,2.255720396861617,1.470702964675641,3.4597567496844843,100,70.0,2.255720396861617,Undirected,mild
ELIQUIS,NEXIUM,2.255720396861617,1.470702964675641,3.4597567496844843,100,70.0,2.255720396861617,Undirected,mild
ALBUMIN HUMAN,FUROSEMIDE,2.255720396861617,1.470702964675641,3.4597567496844843,100,70.0,2.255720396861617,Undirected,mild
FINASTERIDE,METOPROLOL,2.255720396861617,1.470702964675641,3.4597567496844843,100,70.0,2.255720396861617,Undirected,mild
ELIQUIS,METOPROLOL TARTRATE,2.253939502274126,1.83516867060331,2.7682704926744486,433,69.9769053117783,2.253939502274126,Undirected,mild
FENTANYL,LIDOCAINE,2.253314811296571,1.8002609250791644,2.8203842943406814,363,69.9724517906336,2.253314811296571,Undirected,mild
PREGABALIN,VITAMIN D3,2.2527379946881743,1.7690220213599852,2.868719784963604,313,69.96805111821087,2.2527379946881743,Undirected,mild
ELIQUIS,FAMOTIDINE,2.251076999914134,1.8206556627290775,2.783254276619611,406,69.95073891625616,2.251076999914134,Undirected,mild
ALLOPURINOL,METOPROLOL TARTRATE,2.2509210593923115,1.6793022114295,3.0171136446624702,213,69.95305164319248,2.2509210593923115,Undirected,mild
GOLIMUMAB,INFLIXIMAB,2.250652444873477,1.6671875138361365,3.0383123587337684,203,69.95073891625616,2.250652444873477,Undirected,mild
ACETAMINOPHEN,BACTRIM,2.2503982959444624,1.865292724787005,2.7150121925061517,519,69.94219653179191,2.2503982959444624,Undirected,mild
GABAPENTIN,METOPROLOL TARTRATE,2.249831564456404,1.7817819158470871,2.8408314302695783,336,69.94047619047619,2.249831564456404,Undirected,mild
ELIQUIS,MONTELUKAST SODIUM,2.249274805089466,1.6092515678155737,3.1438447847391275,163,69.93865030674846,2.249274805089466,Undirected,mild
ELIQUIS,PANTOPRAZOLE,2.2478208166724167,1.932668775763276,2.6143633545641407,801,69.91260923845194,2.2478208166724167,Undirected,mild
OMEPRAZOLE,THIAMINE,2.247732225551621,1.5516088206913687,3.256168752335418,133,69.92481203007519,2.247732225551621,Undirected,mild
ASPIRIN,COSENTYX,2.247732225551621,1.5516088206913687,3.256168752335418,133,69.92481203007519,2.247732225551621,Undirected,mild
DIAZEPAM,PROPRANOLOL,2.247732225551621,1.5516088206913687,3.256168752335418,133,69.92481203007519,2.247732225551621,Undirected,mild
MYCOPHENOLATE MOFETIL,SULFAMETHOXAZOLE,2.247732225551621,1.5516088206913687,3.256168752335418,133,69.92481203007519,2.247732225551621,Undirected,mild
ALLOPURINOL,VITAMINS,2.247674704886326,1.720719694366092,2.936004972528074,256,69.921875,2.247674704886326,Undirected,mild
CLONIDINE,GABAPENTIN,2.247417325158967,1.8460061195241404,2.736114783155048,472,69.91525423728814,2.247417325158967,Undirected,mild
ALBUTEROL,INSULIN,2.24705808123291,1.5284356989987056,3.3035541002751754,123,69.91869918699187,2.24705808123291,Undirected,mild
ACETAMINOPHEN,MELATONINA,2.246780120012977,1.9182044774896576,2.631638580205923,731,69.90424076607387,2.246780120012977,Undirected,mild
ASCORBIC ACID,CETIRIZINE HYDROCHLORIDE,2.246503975022539,1.6905853283218282,2.985226492413601,226,69.91150442477876,2.246503975022539,Undirected,mild
DEXAMETHASONE,ZOFRAN,2.246503975022539,1.6905853283218282,2.985226492413601,226,69.91150442477876,2.246503975022539,Undirected,mild
MORPHINE,TRAMADOL,2.246503975022539,1.6905853283218282,2.985226492413601,226,69.91150442477876,2.246503975022539,Undirected,mild
ESCITALOPRAM,METFORMIN,2.2464311629068043,1.7748300597178095,2.843344320233782,329,69.90881458966565,2.2464311629068043,Undirected,mild
ONDANSETRON,VENETOCLAX,2.2462686776948253,1.5026530114590642,3.357876325349059,113,69.91150442477876,2.2462686776948253,Undirected,mild
SPIRIVA,SYNTHROID,2.2462686776948253,1.5026530114590642,3.357876325349059,113,69.91150442477876,2.2462686776948253,Undirected,mild
CARBIDOPA / LEVODOPA,LORAZEPAM,2.2462686776948253,1.5026530114590642,3.357876325349059,113,69.91150442477876,2.2462686776948253,Undirected,mild
ELIQUIS,PERINDOPRIL,2.2462686776948253,1.5026530114590642,3.357876325349059,113,69.91150442477876,2.2462686776948253,Undirected,mild
ACETAMINOPHEN,MYCOPHENOLATE MOFETIL,2.2459736124854044,1.8195199322847495,2.772378240257334,412,69.90291262135922,2.2459736124854044,Undirected,mild
AZITHROMYCIN,PULMOZYME,2.2453305523793228,1.4737150712333076,3.420952521866353,103,69.90291262135922,2.2453305523793228,Undirected,mild
ALLOPURINOL,ENOXAPARIN SODIUM,2.2453305523793228,1.4737150712333076,3.420952521866353,103,69.90291262135922,2.2453305523793228,Undirected,mild
CLOPIDOGREL,LEVOTHYROXINE SODIUM,2.2453305523793228,1.4737150712333076,3.420952521866353,103,69.90291262135922,2.2453305523793228,Undirected,mild
CYANOCOBALAMIN,QUETIAPINE,2.2437167787747754,1.6258907233499649,3.096312015965573,176,69.88636363636364,2.2437167787747754,Undirected,mild
ATORVASTATIN CALCIUM,FERROUS SULFATE,2.2437167787747754,1.6258907233499649,3.096312015965573,176,69.88636363636364,2.2437167787747754,Undirected,mild
GABAPENTIN,TACROLIMUS,2.2437167787747754,1.6258907233499649,3.096312015965573,176,69.88636363636364,2.2437167787747754,Undirected,mild
ALLOPURINOL,VALACICLOVIR,2.2437167787747754,1.6258907233499649,3.096312015965573,176,69.88636363636364,2.2437167787747754,Undirected,mild
ASCORBIC ACID,LEVOTHYROXINE SODIUM,2.2431385258106227,1.711042319435539,2.9407048492148147,249,69.87951807228916,2.2431385258106227,Undirected,mild
NAPROXEN,PREGABALIN,2.242446159841691,1.760647112397392,2.8560889597811463,312,69.87179487179486,2.242446159841691,Undirected,mild
JARDIANCE,LIPITOR,2.242122542754478,1.5926065083534395,3.1565320563239614,156,69.87179487179486,2.242122542754478,Undirected,mild
VENLAFAXINE HYDROCHLORIDE,ZOPICLONE,2.242122542754478,1.5926065083534395,3.1565320563239614,156,69.87179487179486,2.242122542754478,Undirected,mild
CALCIUM CARBONATE,CHOLECALCIFEROL,2.241923430561261,1.8558147097391235,2.708363416952398,511,69.86301369863014,2.241923430561261,Undirected,mild
CLONAZEPAM,FLUOXETINE,2.2413179530430996,1.6793202563448,2.9913925873599876,219,69.86301369863014,2.2413179530430996,Undirected,mild
BUPRENORPHINE,OXYCODONE,2.2411666758991036,1.573742588385502,3.191645257763242,146,69.86301369863014,2.2411666758991036,Undirected,mild
HUMALOG,TRULICITY,2.2411666758991036,1.573742588385502,3.191645257763242,146,69.86301369863014,2.2411666758991036,Undirected,mild
BACLOFEN,DIAZEPAM,2.240599507248808,1.6673955707708816,3.010854916426693,209,69.85645933014354,2.240599507248808,Undirected,mild
ALPRAZOLAM,TRAZODONE,2.240599507248808,1.6673955707708816,3.010854916426693,209,69.85645933014354,2.240599507248808,Undirected,mild
INSULIN,METHYLPREDNISOLONE,2.2400740008900715,1.5530773214393514,3.230960532482159,136,69.85294117647058,2.2400740008900715,Undirected,mild
DEXAMETHASONE,OXYCODONE HYDROCHLORIDE,2.2400740008900715,1.5530773214393514,3.230960532482159,136,69.85294117647058,2.2400740008900715,Undirected,mild
HYDROMORPHONE,ONDANSETRON,2.2392029762838543,1.760253066385353,2.848471089043287,315,69.84126984126983,2.2392029762838543,Undirected,mild
FAMOTIDINE,LEVOFLOXACIN,2.23881211562978,1.5302966017270516,3.2753648432819937,126,69.84126984126983,2.23881211562978,Undirected,mild
CYANOCOBALAMIN,PERPRAZOLE,2.23881211562978,1.5302966017270516,3.2753648432819937,126,69.84126984126983,2.23881211562978,Undirected,mild
CYANOCOBALAMIN,POLYETHYLENE GLYCOL,2.23881211562978,1.5302966017270516,3.2753648432819937,126,69.84126984126983,2.23881211562978,Undirected,mild
FLUOROURACIL,METOCLOPRAMIDE,2.23881211562978,1.5302966017270516,3.2753648432819937,126,69.84126984126983,2.23881211562978,Undirected,mild
ALLOPURINOL,SERTRALINE,2.2379792173704165,1.6263979475481196,3.079535967770099,179,69.83240223463687,2.2379792173704165,Undirected,mild
METHYLPREDNISOLONE SODIUM SUCCINATE,PANTOPRAZOLE,2.237337508730034,1.5050026162313186,3.3260268613386534,116,69.82758620689656,2.237337508730034,Undirected,mild
ALLOPURINOL,RIVAROXABAN,2.237337508730034,1.5050026162313186,3.3260268613386534,116,69.82758620689656,2.237337508730034,Undirected,mild
POTASSIUM CHLORIDE,URSADIOL 300 MG ORAL CAPSULE [URSODIOL],2.237337508730034,1.5050026162313186,3.3260268613386534,116,69.82758620689656,2.237337508730034,Undirected,mild
PREDNISONE,SERTRALINE HYDROCHLORIDE,2.2369052192541825,1.610608098891694,3.1067427038084703,169,69.8224852071006,2.2369052192541825,Undirected,mild
AMLODIPINE BESYLATE,SODIUM CHLORIDE,2.2369052192541825,1.610608098891694,3.1067427038084703,169,69.8224852071006,2.2369052192541825,Undirected,mild
LEVOTHYROXINE SODIUM,VITAMIN D2,2.235808863418563,1.6675321275380794,2.9977481040327687,212,69.81132075471697,2.235808863418563,Undirected,mild
EMPAGLIFLOZIN,RIVAROXABAN,2.2355903520320757,1.4766824458480627,3.384521998044484,106,69.81132075471697,2.2355903520320757,Undirected,mild
METHIMAZOLE,PROPRANOLOL,2.2355903520320757,1.4766824458480627,3.384521998044484,106,69.81132075471697,2.2355903520320757,Undirected,mild
KEVZARA,SIMPONI,2.2355903520320757,1.4766824458480627,3.384521998044484,106,69.81132075471697,2.2355903520320757,Undirected,mild
BUSPIRONE,PANTOPRAZOLE,2.2355903520320757,1.4766824458480627,3.384521998044484,106,69.81132075471697,2.2355903520320757,Undirected,mild
PANTOPRAZOLE,VENETOCLAX,2.2355903520320757,1.4766824458480627,3.384521998044484,106,69.81132075471697,2.2355903520320757,Undirected,mild
ELIQUIS,PEPCID,2.2355903520320757,1.4766824458480627,3.384521998044484,106,69.81132075471697,2.2355903520320757,Undirected,mild
METFORMIN HYDROCHLORIDE,SIMVASTATIN,2.235112521014593,1.7107167304932709,2.920254354533455,255,69.80392156862744,2.235112521014593,Undirected,mild
CYCLOPHOSPHAMIDE,FUROSEMIDE,2.234954825712248,1.779472750021702,2.807024200237709,351,69.8005698005698,2.234954825712248,Undirected,mild
PANTOPRAZOLE,TAMSULOSIN,2.23487185585529,1.8734629873193989,2.665999940164576,586,69.7952218430034,2.23487185585529,Undirected,mild
FUROSEMIDE,VITAMINS,2.2347478992818446,1.842704232889388,2.710200630251875,490,69.79591836734694,2.2347478992818446,Undirected,mild
FAMOTIDINE,SPIRONOLACTONE,2.234642858375885,1.7449937361930363,2.861688612925735,298,69.79865771812081,2.234642858375885,Undirected,mild
CICLOBENZAPRINA,PREGABALIN,2.234336029048837,1.5749014966302108,3.1698855461040396,149,69.79865771812081,2.234336029048837,Undirected,mild
HYDROCHLOROTHIAZIDE,VALSARTAN,2.234314050096186,1.773095150761871,2.8155055707597936,341,69.79472140762464,2.234314050096186,Undirected,mild
CLOPIDOGREL,PREDNISONE,2.233066473273647,1.728649459360076,2.884671526120034,278,69.7841726618705,2.233066473273647,Undirected,mild
FOLIC ACID,LORAZEPAM,2.2329174947489863,1.7595156703402293,2.8336891920899943,321,69.78193146417445,2.2329174947489863,Undirected,mild
ONDANSETRON,OZEMPIC,2.2327806660909006,1.5545481930553242,3.206918592257439,139,69.7841726618705,2.2327806660909006,Undirected,mild
TADALAFIL,TYVASO DPI,2.232450456869995,1.6269232664235114,3.063349787439629,182,69.78021978021978,2.232450456869995,Undirected,mild
ROSUVASTATIN,VALSARTAN,2.23143062503689,1.7727007749235166,2.8088680869264904,344,69.76744186046511,2.23143062503689,Undirected,mild
CHOLECALCIFEROL,INFLIXIMAB,2.23116576137461,1.6676884686216156,2.9850303269440137,215,69.76744186046511,2.23116576137461,Undirected,mild
CELEBREX,LEFLUNOMIDE,2.23116576137461,1.6676884686216156,2.9850303269440137,215,69.76744186046511,2.23116576137461,Undirected,mild
PREDNISOLONE,VALACYCLOVIR HYDROCHLORIDE,2.2310774988047033,1.611310989412579,3.089227863757901,172,69.76744186046511,2.2310774988047033,Undirected,mild
GABAPENTIN,GLIPIZIDE,2.2310774988047033,1.611310989412579,3.089227863757901,172,69.76744186046511,2.2310774988047033,Undirected,mild
DEXAMETHASONE,MELATONINA,2.230989248889019,1.532149497623528,3.2485818364190644,129,69.76744186046511,2.230989248889019,Undirected,mild
ESCITALOPRAM,LANSOPRAZOLE,2.230989248889019,1.532149497623528,3.2485818364190644,129,69.76744186046511,2.230989248889019,Undirected,mild
CARBIDOPA / LEVODOPA,LOSARTAN,2.230989248889019,1.532149497623528,3.2485818364190644,129,69.76744186046511,2.230989248889019,Undirected,mild
ALLOPURINOL,FUROSEMIDE,2.229939726142888,1.9762009173818929,2.516257906011931,1249,69.73578863090472,2.229939726142888,Undirected,mild
GABAPENTIN,MIRALAX,2.229550714382423,1.72843125507213,2.8759584006687793,281,69.7508896797153,2.229550714382423,Undirected,mild
MORPHINE,PREDNISONE,2.229550714382423,1.72843125507213,2.8759584006687793,281,69.7508896797153,2.229550714382423,Undirected,mild
ACTEMRA,HUMIRA,2.229390402550622,1.7786566615336648,2.7943456848491692,357,69.74789915966386,2.229390402550622,Undirected,mild
CALCIUM CARBONATE / CHOLECALCIFEROL,FOLIC ACID,2.2291465347633657,1.690463599810892,2.9394861113858948,238,69.74789915966386,2.2291465347633657,Undirected,mild
ASPIRIN,VONOPRAZAN FUMARATE,2.2289027637064933,1.507329034695554,3.295901170683591,119,69.74789915966386,2.2289027637064933,Undirected,mild
CITALOPRAM,CLOPIDOGREL,2.2289027637064933,1.507329034695554,3.295901170683591,119,69.74789915966386,2.2289027637064933,Undirected,mild
METHYLPREDNISOLONE,TOPIRAMATE,2.2289027637064933,1.507329034695554,3.295901170683591,119,69.74789915966386,2.2289027637064933,Undirected,mild
POSACONAZOLE,VENETOCLAX,2.2286031586469695,1.64180708769837,3.0251252269193016,195,69.74358974358974,2.2286031586469695,Undirected,mild
REMODULIN,SOTATERCEPT,2.2286022074512437,1.7723210875228792,2.8023521437632506,347,69.7406340057637,2.2286022074512437,Undirected,mild
MELATONINA,SERTRALINE,2.2285588969494445,1.7196800822774057,2.888022492297129,271,69.74169741697416,2.2285588969494445,Undirected,mild
FUROSEMIDE,PLAVIX,2.227802560876744,1.5760678007834403,3.1490423494356605,152,69.73684210526315,2.227802560876744,Undirected,mild
OPSUMIT,SOTATERCEPT,2.227493348383456,1.7104673818375424,2.900801657943453,261,69.73180076628353,2.227493348383456,Undirected,mild
METFORMIN,VITAMIN D2,2.2271193115130856,1.6274649791809344,3.047721758173134,185,69.72972972972973,2.2271193115130856,Undirected,mild
FERROUS SULFATE,LORATADINE,2.2264407372660204,1.4796041880822457,3.350246232394497,109,69.72477064220183,2.2264407372660204,Undirected,mild
INSULIN,JARDIANCE,2.225826763724825,1.5560193628207504,3.183960881523073,142,69.71830985915493,2.225826763724825,Undirected,mild
FLUDARABINE,IFOSFAMIDE,2.225826763724825,1.5560193628207504,3.183960881523073,142,69.71830985915493,2.225826763724825,Undirected,mild
HUMIRA,LYRICA,2.225826763724825,1.5560193628207504,3.183960881523073,142,69.71830985915493,2.225826763724825,Undirected,mild
LANSOPRAZOLE,SULFASALAZINE,2.2254698607602044,1.6120278518141653,3.0723514457757606,175,69.71428571428572,2.2254698607602044,Undirected,mild
PANTOPRAZOLE SODIUM,SYMBICORT,2.2254698607602044,1.6120278518141653,3.0723514457757606,175,69.71428571428572,2.2254698607602044,Undirected,mild
ATORVASTATIN CALCIUM,MAGNESIUM,2.22524761733302,1.6554629445576894,2.99114333831815,208,69.71153846153845,2.22524761733302,Undirected,mild
ALPRAZOLAM,ELIQUIS,2.2251046969467945,1.6904810566528037,2.928805911719576,241,69.70954356846472,2.2251046969467945,Undirected,mild
ALBUTEROL,APIXABAN,2.2249544825321665,1.7441485977319504,2.8383031444553484,307,69.70684039087948,2.2249544825321665,Undirected,mild
BISOPROLOL,ELIQUIS,2.224163255938492,1.8101784257514857,2.732825736232734,429,69.6969696969697,2.224163255938492,Undirected,mild
ACYCLOVIR,FLUCONAZOLE,2.22383270560478,1.8542871955560392,2.6670258600553547,551,69.69147005444646,2.22383270560478,Undirected,mild
ONDANSETRON HYDROCHLORIDE,SODIUM CHLORIDE,2.2237595178119904,1.6796037914962487,2.944210067931643,231,69.6969696969697,2.2237595178119904,Undirected,mild
ROCURONIUM,SEVOFLURANE,2.223557748599147,1.5339924953313735,3.2230985982022413,132,69.6969696969697,2.223557748599147,Undirected,mild
CLOTRIMAZOLE,SULFAMETHOXAZOLE / TRIMETHOPRIM,2.223557748599147,1.5339924953313735,3.2230985982022413,132,69.6969696969697,2.223557748599147,Undirected,mild
DICLOFENAC DIETHYLAMMONIUM,NAPROXEN,2.223557748599147,1.5339924953313735,3.2230985982022413,132,69.6969696969697,2.223557748599147,Undirected,mild
METFORMIN,SIMVASTATIN,2.222483536682809,1.8935022840756617,2.6086227158882864,709,69.6755994358251,2.222483536682809,Undirected,mild
BUPROPION,ZOPICLONE,2.22154730253375,1.5772396308508183,3.1290568160100847,155,69.6774193548387,2.22154730253375,Undirected,mild
PANTOPRAZOLE,WARFARIN,2.22154730253375,1.5772396308508183,3.1290568160100847,155,69.6774193548387,2.22154730253375,Undirected,mild
DEXMEDETOMIDINE,PROPOFOL,2.22154730253375,1.5772396308508183,3.1290568160100847,155,69.6774193548387,2.22154730253375,Undirected,mild
LOPERAMIDE,ROSUVASTATIN,2.22092419203783,1.509630821547388,3.2673579502855015,122,69.67213114754098,2.22092419203783,Undirected,mild
LERCANIDIPINO,PANTOPRAZOLE,2.22092419203783,1.509630821547388,3.2673579502855015,122,69.67213114754098,2.22092419203783,Undirected,mild
ACETAMINOPHEN,CAPECITABINE,2.22092419203783,1.509630821547388,3.2673579502855015,122,69.67213114754098,2.22092419203783,Undirected,mild
AMLODIPINE,CANDESARTAN CILEXETIL,2.22092419203783,1.509630821547388,3.2673579502855015,122,69.67213114754098,2.22092419203783,Undirected,mild
AIMOVIG,BOTULINUM TOXIN TYPE A,2.22092419203783,1.509630821547388,3.2673579502855015,122,69.67213114754098,2.22092419203783,Undirected,mild
AMLODIPINE BESYLATE,LEVOTHYROXINE SODIUM,2.2208024231458467,1.7889887243755938,2.756844319615181,389,69.66580976863753,2.2208024231458467,Undirected,mild
ALBUTEROL SULFATE,FOLIC ACID,2.219999104378797,1.7511040559478923,2.814450692808695,323,69.65944272445822,2.219999104378797,Undirected,mild
PREDNISOLONE,PREGABALIN,2.219679350792632,1.6797192087221626,2.9332143103152166,234,69.65811965811966,2.219679350792632,Undirected,mild
CALCIUM CARBONATE,MAGNESIUM,2.219189150674314,1.5574890256682388,3.1620129614445305,145,69.6551724137931,2.219189150674314,Undirected,mild
LITHIUM,RISPERIDONE,2.218942509004901,1.6426411485973322,2.9974324352420902,201,69.65174129353234,2.218942509004901,Undirected,mild
ACYCLOVIR,TRAZODONE,2.217829597592462,1.4824797754122896,3.3179327000189205,112,69.64285714285714,2.217829597592462,Undirected,mild
CHOLECALCIFEROL,MIRTAZAPINE,2.21759836793365,1.735877242752626,2.8330013207983504,303,69.63696369636963,2.21759836793365,Undirected,mild
ELIQUIS,ONDANSETRON HYDROCHLORIDE,2.2170089803468698,1.628591481079129,3.01802439472533,191,69.63350785340315,2.2170089803468698,Undirected,mild
ALPRAZOLAM,DULOXETINA,2.2170089803468698,1.628591481079129,3.01802439472533,191,69.63350785340315,2.2170089803468698,Undirected,mild
CYCLOSPORINE,THYMOGLOBULIN,2.216762281820032,1.7102206062216203,2.873333999264867,270,69.62962962962963,2.216762281820032,Undirected,mild
ASPIRIN,POTASSIUM CHLORIDE,2.216550738264171,1.9348491897066036,2.5392662133240744,984,69.61382113821138,2.216550738264171,Undirected,mild
MELOXICAM,SULFASALAZINE,2.2164889781937083,1.5358240001778052,3.1988192591634346,135,69.62962962962963,2.2164889781937083,Undirected,mild
BASAGLAR,METFORMIN,2.2164889781937083,1.5358240001778052,3.1988192591634346,135,69.62962962962963,2.2164889781937083,Undirected,mild
LYRICA,SULFASALAZINE,2.2164889781937083,1.5358240001778052,3.1988192591634346,135,69.62962962962963,2.2164889781937083,Undirected,mild
IFOSFAMIDE,MESNA,2.2162860263831017,1.6560778121737825,2.965998164236959,214,69.62616822429906,2.2162860263831017,Undirected,mild
ENBREL,HYDROXYCHLOROQUINE SULFATE,2.216278740566913,1.7277210898767896,2.842988654053617,293,69.6245733788396,2.216278740566913,Undirected,mild
FLUCONAZOLE,FUROSEMIDE,2.2157126457659175,1.6798503332376251,2.9225118639855276,237,69.62025316455697,2.2157126457659175,Undirected,mild
ACETAMINOPHEN,INSULIN GLARGINE,2.215552865908202,1.5784153259491946,3.109875088600126,158,69.62025316455697,2.215552865908202,Undirected,mild
LASIX,LISINOPRIL,2.2148668139161876,1.613497133804199,3.0403741665292308,181,69.61325966850829,2.2148668139161876,Undirected,mild
CYTARABINE,G CSF,2.2143461255747567,1.6430797199990863,2.9842305909847537,204,69.6078431372549,2.2143461255747567,Undirected,mild
GABAPENTIN,MIDODRINE,2.214140115350737,1.4519484640468463,3.3764397096722303,102,69.6078431372549,2.214140115350737,Undirected,mild
ADVAIR HFA,ELIQUIS,2.214140115350737,1.4519484640468463,3.3764397096722303,102,69.6078431372549,2.214140115350737,Undirected,mild
SODIUM BICARBONATE,VITAMIN D NOS,2.214140115350737,1.4519484640468463,3.3764397096722303,102,69.6078431372549,2.214140115350737,Undirected,mild
ATORVASTATIN CALCIUM,ELIQUIS,2.2140092966261853,1.8375546255366964,2.6675871821309753,523,69.59847036328873,2.2140092966261853,Undirected,mild
PREDNISONE,TOPIRAMATE,2.2136180734044317,1.6906319970027872,2.898386510837266,250,69.6,2.2136180734044317,Undirected,mild
CHOLECALCIFEROL,LISINOPRIL,2.2136180734044317,1.6906319970027872,2.898386510837266,250,69.6,2.2136180734044317,Undirected,mild
FERROUS SULFATE,JARDIANCE,2.2133657800415016,1.511906846744216,3.240271109829516,125,69.6,2.2133657800415016,Undirected,mild
ESCITALOPRAM,SIMVASTATIN,2.2133657800415016,1.511906846744216,3.240271109829516,125,69.6,2.2133657800415016,Undirected,mild
MORPHINE SULFATE,PANTOPRAZOLE SODIUM,2.2133657800415016,1.511906846744216,3.240271109829516,125,69.6,2.2133657800415016,Undirected,mild
LEVETIRACETAM,RITUXIMAB,2.2133657800415016,1.511906846744216,3.240271109829516,125,69.6,2.2133657800415016,Undirected,mild
AMLODIPINE,VENCLEXTA,2.2133657800415016,1.511906846744216,3.240271109829516,125,69.6,2.2133657800415016,Undirected,mild
CALCIUM CARBONATE / CHOLECALCIFEROL,DEXAMETHASONE,2.2133657800415016,1.511906846744216,3.240271109829516,125,69.6,2.2133657800415016,Undirected,mild
CARBIDOPA / LEVODOPA,NOURIANZ,2.2128467409878407,1.5589556102272255,3.141007137712401,148,69.5945945945946,2.2128467409878407,Undirected,mild
CALCIUM,CARVEDILOL,2.2128467409878407,1.5589556102272255,3.141007137712401,148,69.5945945945946,2.2128467409878407,Undirected,mild
LASIX,MAGNESIUM,2.2128467409878407,1.5589556102272255,3.141007137712401,148,69.5945945945946,2.2128467409878407,Undirected,mild
ATORVASTATIN,VENCLEXTA,2.2128467409878407,1.5589556102272255,3.141007137712401,148,69.5945945945946,2.2128467409878407,Undirected,mild
DICLOFENAC,METFORMIN,2.212479899207439,1.5972196971830388,3.0647426356125083,171,69.5906432748538,2.212479899207439,Undirected,mild
DILTIAZEM,GABAPENTIN,2.212479899207439,1.5972196971830388,3.0647426356125083,171,69.5906432748538,2.212479899207439,Undirected,mild
OMEPRAZOLE,SODIUM CHLORIDE,2.2122194488149134,1.8511619012672225,2.6436990121527484,572,69.58041958041959,2.2122194488149134,Undirected,mild
MEROPENEM,PREDNISOLONE,2.2120091063489813,1.6564069945346478,2.953974658834049,217,69.5852534562212,2.2120091063489813,Undirected,mild
CALCIUM CARBONATE / CHOLECALCIFEROL,PREDNISONE,2.211854739911985,1.679996226285737,2.912090702303174,240,69.58333333333333,2.211854739911985,Undirected,mild
ACETAMINOPHEN,RAMIPRIL,2.210353070942051,1.9210836197809464,2.5431796137952847,923,69.5557963163597,2.210353070942051,Undirected,mild
HYDROXYCHLOROQUINE SULFATE,LEFLUNOMIDE,2.210219726894322,1.7700357940309854,2.759871443067154,368,69.56521739130434,2.210219726894322,Undirected,mild
ASPIRIN,MYCOPHENOLATE MOFETIL,2.210219726894322,1.7700357940309854,2.759871443067154,368,69.56521739130434,2.210219726894322,Undirected,mild
RAMIPRIL,SIMVASTATIN,2.210219726894322,1.7700357940309854,2.759871443067154,368,69.56521739130434,2.210219726894322,Undirected,mild
FUROSEMIDE,TYVASO DPI,2.2099883334124306,1.6907122027811905,2.8887521044592237,253,69.56521739130434,2.2099883334124306,Undirected,mild
ALPRAZOLAM,AMLODIPINE,2.209942065333806,1.6687242585260236,2.926693195223114,230,69.56521739130434,2.209942065333806,Undirected,mild
ASPIRIN,TRULICITY,2.2098958007934857,1.64353106723962,2.9714311750534543,207,69.56521739130434,2.2098958007934857,Undirected,mild
DOXYCYCLINE,PREGABALIN,2.209803282326133,1.579593410370349,3.091447783030721,161,69.56521739130434,2.209803282326133,Undirected,mild
FAMOTIDINE,TACROLIMUS,2.209803282326133,1.579593410370349,3.091447783030721,161,69.56521739130434,2.209803282326133,Undirected,mild
CETIRIZINE HYDROCHLORIDE,CODEINE,2.2097570283982897,1.5376426723358143,3.1756572657663655,138,69.56521739130434,2.2097570283982897,Undirected,mild
PANTOPRAZOLE,VENCLEXTA,2.2097570283982897,1.5376426723358143,3.1756572657663655,138,69.56521739130434,2.2097570283982897,Undirected,mild
CYANOCOBALAMIN,TYVASO DPI,2.2097570283982897,1.5376426723358143,3.1756572657663655,138,69.56521739130434,2.2097570283982897,Undirected,mild
VITAMINS,ZOFRAN,2.2097570283982897,1.5376426723358143,3.1756572657663655,138,69.56521739130434,2.2097570283982897,Undirected,mild
AKYNZEO,DEXAMETHASONE,2.2097107780071266,1.4853089898485012,3.287411411236998,115,69.56521739130434,2.2097107780071266,Undirected,mild
PANTOPRAZOLE SODIUM,POLYETHYLENE GLYCOL,2.2097107780071266,1.4853089898485012,3.287411411236998,115,69.56521739130434,2.2097107780071266,Undirected,mild
ELIQUIS,LETROZOLE,2.2097107780071266,1.4853089898485012,3.287411411236998,115,69.56521739130434,2.2097107780071266,Undirected,mild
AZITHROMYCIN,RITUXIMAB,2.2097107780071266,1.4853089898485012,3.287411411236998,115,69.56521739130434,2.2097107780071266,Undirected,mild
LISINOPRIL,SIMVASTATIN,2.2092753463276305,1.797684170788054,2.7151029280918815,427,69.55503512880561,2.2092753463276305,Undirected,mild
LORAZEPAM,MORPHINE,2.2083087615956325,1.700724153613769,2.867383035736851,266,69.54887218045113,2.2083087615956325,Undirected,mild
FAMOTIDINE,METFORMIN,2.207779890904769,1.7697575248460795,2.7542146188119196,371,69.54177897574124,2.207779890904769,Undirected,mild
ASPIRIN,NIFEDIPINE,2.2075773919684893,1.81603593781917,2.683536068885693,476,69.53781512605042,2.2075773919684893,Undirected,mild
ASPIRIN,LASIX,2.207391177693701,1.8708136826579047,2.6045222228850777,663,69.53242835595776,2.207391177693701,Undirected,mild
ACETAMINOPHEN,DIPYRONE,2.207386165191446,1.8070204532414973,2.6964574050825147,453,69.5364238410596,2.207386165191446,Undirected,mild
CLONAZEPAM,LITHIUM,2.2067802822748805,1.5604177495453668,3.1208817098216532,151,69.5364238410596,2.2067802822748805,Undirected,mild
DIPHENHYDRAMINE,FAMOTIDINE,2.2067084577626748,1.7756247622759944,2.742450049705053,384,69.53125,2.2067084577626748,Undirected,mild
LISINOPRIL,OXYCODONE,2.2064517781674917,1.6908060009696622,2.8793542526975213,256,69.53125,2.2064517781674917,Undirected,mild
ALLOPURINOL,HYDROCORTISONE,2.2061952077459916,1.5141562446772463,3.214527768710474,128,69.53125,2.2061952077459916,Undirected,mild
INSULIN GLARGINE,ROSUVASTATIN,2.2061952077459916,1.5141562446772463,3.214527768710474,128,69.53125,2.2061952077459916,Undirected,mild
BUDESONIDE,NUCALA,2.2061952077459916,1.5141562446772463,3.214527768710474,128,69.53125,2.2061952077459916,Undirected,mild
AZTREONAM LYSINE,TRIKAFTA,2.2061952077459916,1.5141562446772463,3.214527768710474,128,69.53125,2.2061952077459916,Undirected,mild
ASCORBIC ACID,TRELEGY ELLIPTA,2.2061952077459916,1.5141562446772463,3.214527768710474,128,69.53125,2.2061952077459916,Undirected,mild
ADEMPAS,AMBRISENTAN,2.206056413764898,1.6689747920759264,2.9159726820438663,233,69.52789699570815,2.206056413764898,Undirected,mild
DEXAMETHASONE,ENOXAPARIN SODIUM,2.2055846881639227,1.6439941126196758,2.9590153512846147,210,69.52380952380952,2.2055846881639227,Undirected,mild
KEPPRA,ONFI,2.2053744020510666,1.45547661791579,3.3416381914721347,105,69.52380952380952,2.2053744020510666,Undirected,mild
ACETAMINOPHEN,ALENDRONATE,2.2053744020510666,1.45547661791579,3.3416381914721347,105,69.52380952380952,2.2053744020510666,Undirected,mild
LT4,PANTOPRAZOLE,2.2051959734123905,1.946361490117385,2.498451241378054,1164,69.50171821305841,2.2051959734123905,Undirected,mild
LT4,SENNOSIDES,2.2050084669874694,1.6150046071249389,3.0105563278497165,187,69.5187165775401,2.2050084669874694,Undirected,mild
FENTANYL,IBUPROFEN,2.2042838606074944,1.5807725726557993,3.07372953085305,164,69.51219512195121,2.2042838606074944,Undirected,mild
APIXABAN,DIGOXIN,2.2036202588510037,1.7100966984331103,2.839571732796081,282,69.50354609929079,2.2036202588510037,Undirected,mild
CARVEDILOL,FUROSEMIDE,2.2035862843938263,1.923299424063994,2.5247199952403365,980,69.48979591836735,2.2035862843938263,Undirected,mild
ACETAMINOPHEN,MAGNESIUM,2.2034123358214353,1.869625536800214,2.596790547672582,672,69.49404761904762,2.2034123358214353,Undirected,mild
LISINOPRIL,MIRTAZAPINE,2.2033384001035397,1.5394473912503508,3.1535342701304017,141,69.50354609929079,2.2033384001035397,Undirected,mild
AMOXICILLIN / CLAVULANATE,METRONIDAZOLE,2.2033384001035397,1.5394473912503508,3.1535342701304017,141,69.50354609929079,2.2033384001035397,Undirected,mild
BACTRIM,OMEPRAZOLE,2.203087654740421,1.630369179037589,2.9769915163231544,200,69.5,2.203087654740421,Undirected,mild
CLONAZEPAM,DIPHENHYDRAMINE,2.2021610248697883,1.599117254906403,3.0326188805581986,177,69.49152542372882,2.2021610248697883,Undirected,mild
AMLODIPINE BESYLATE,LANSOPRAZOLE,2.2021610248697883,1.599117254906403,3.0326188805581986,177,69.49152542372882,2.2021610248697883,Undirected,mild
CELLCEPT,PREDNISOLONE,2.2021610248697883,1.599117254906403,3.0326188805581986,177,69.49152542372882,2.2021610248697883,Undirected,mild
ACETAMINOPHEN,PROCHLORPERAZINE,2.202134773912625,1.7750751068832626,2.731939366210789,390,69.48717948717949,2.202134773912625,Undirected,mild
CARBAMAZEPINE,QUETIAPINE,2.2020432518395507,1.4880918583805285,3.258531693231091,118,69.49152542372882,2.2020432518395507,Undirected,mild
AZITHROMYCIN,LT4,2.20097216064623,1.561874255777348,3.101580318659343,154,69.48051948051948,2.20097216064623,Undirected,mild
ASPIRIN,SILDENAFIL CITRATE,2.20089087036184,1.6805139730931742,2.8824042529835796,249,69.47791164658635,2.20089087036184,Undirected,mild
PANTOPRAZOLE,ZOPICLONE,2.2007606439512655,1.8229928417377992,2.656810987446218,511,69.47162426614481,2.2007606439512655,Undirected,mild
METHYLPREDNISOLONE SODIUM SUCCINATE,MYCOPHENOLATE MOFETIL,2.199922934835429,1.65746929889139,2.9199098423433645,226,69.46902654867256,2.199922934835429,Undirected,mild
AMLODIPINE,OLANZAPINE,2.1994502342630837,1.71883382038712,2.81445551956291,298,69.46308724832215,2.1994502342630837,Undirected,mild
CICLOBENZAPRINA,LORAZEPAM,2.199383387176938,1.516378371730467,3.1900265619521235,131,69.46564885496184,2.199383387176938,Undirected,mild
METFORMIN HYDROCHLORIDE,SODIUM CHLORIDE,2.199383387176938,1.516378371730467,3.1900265619521235,131,69.46564885496184,2.199383387176938,Undirected,mild
CLOPIDOGREL,TYLENOL,2.199383387176938,1.516378371730467,3.1900265619521235,131,69.46564885496184,2.199383387176938,Undirected,mild
FENTANYL,OXYCONTIN,2.199383387176938,1.516378371730467,3.1900265619521235,131,69.46564885496184,2.199383387176938,Undirected,mild
LISINOPRIL,OZEMPIC,2.1990678185638566,1.82264430056316,2.6532325968094836,514,69.45525291828794,2.1990678185638566,Undirected,mild
ACYCLOVIR,VORICONAZOLE,2.198981061821652,1.5819516472635111,3.0566785771327756,167,69.46107784431138,2.198981061821652,Undirected,mild
COSENTYX,METHOTREXATE SODIUM,2.198981061821652,1.5819516472635111,3.0566785771327756,167,69.46107784431138,2.198981061821652,Undirected,mild
LORAZEPAM,SERTRALINE,2.198487907435656,1.8142805476842607,2.664058260069025,491,69.4501018329939,2.198487907435656,Undirected,mild
EPINEPHRINE,GABAPENTIN,2.198444746783131,1.7494055168524598,2.7627438338906076,347,69.45244956772333,2.198444746783131,Undirected,mild
AZITHROMYCIN,LEVOFLOXACIN,2.1972832550017576,1.6000720436648554,3.0173976989516,180,69.44444444444444,2.1972832550017576,Undirected,mild
METHYLPREDNISOLONE,ONDANSETRON,2.197283254214961,1.8097266474375011,2.6678358889668865,481,69.43866943866944,2.197283254214961,Undirected,mild
CREON,SODIUM CHLORIDE,2.197211730482776,1.5412372253068511,3.132379175185014,144,69.44444444444444,2.197211730482776,Undirected,mild
DEXAMETHASONE,DOXYCYCLINE,2.197211730482776,1.5412372253068511,3.132379175185014,144,69.44444444444444,2.197211730482776,Undirected,mild
FOLIC ACID,LIDOCAINE,2.197211730482776,1.5412372253068511,3.132379175185014,144,69.44444444444444,2.197211730482776,Undirected,mild
ELIQUIS,VENCLEXTA,2.197211730482776,1.5412372253068511,3.132379175185014,144,69.44444444444444,2.197211730482776,Undirected,mild
ALDACTONE,TORSEMIDE,2.197140214508892,1.458929811405716,3.3088809924041738,108,69.44444444444444,2.197140214508892,Undirected,mild
PREGABALIN,SERTRALINE HYDROCHLORIDE,2.197140214508892,1.458929811405716,3.3088809924041738,108,69.44444444444444,2.197140214508892,Undirected,mild
ALPRAZOLAM,ATORVASTATIN CALCIUM,2.197140214508892,1.458929811405716,3.3088809924041738,108,69.44444444444444,2.197140214508892,Undirected,mild
POTASSIUM CHLORIDE,TAMSULOSIN HYDROCHLORIDE,2.197140214508892,1.458929811405716,3.3088809924041738,108,69.44444444444444,2.197140214508892,Undirected,mild
CARVEDILOL,TRAZODONE,2.197140214508892,1.458929811405716,3.3088809924041738,108,69.44444444444444,2.197140214508892,Undirected,mild
ACETAMINOPHEN,ONDANSETRON HYDROCHLORIDE,2.1967415495424394,1.7422400193741316,2.769809774671376,337,69.43620178041543,2.1967415495424394,Undirected,mild
ACETAMINOPHEN,ONDANSETRON,2.196407436171363,1.9874728880410455,2.4273063822389256,1814,69.40463065049614,2.196407436171363,Undirected,mild
FENTANYL,METHADONE,2.196366708061573,1.6911617346967198,2.8524928262679365,265,69.43396226415094,2.196366708061573,Undirected,mild
PREDNISONE,SPIRONOLACTONE,2.1959608783673823,1.8333626763218016,2.630272908683137,556,69.42446043165468,2.1959608783673823,Undirected,mild
CHOLECALCIFEROL,DULOXETINA,2.195819087796629,1.6165408550971736,2.982678384606729,193,69.43005181347151,2.195819087796629,Undirected,mild
ALPRAZOLAM,BISOPROLOL,2.195819087796629,1.6165408550971736,2.982678384606729,193,69.43005181347151,2.195819087796629,Undirected,mild
ALBUTEROL SULFATE,NYSTATIN,2.1947904277349943,1.490828604501344,3.2311595089687692,121,69.42148760330579,2.1947904277349943,Undirected,mild
ASPIRIN,PREGABALIN,2.1942376897851945,1.8967482886846956,2.53838586173847,853,69.4021101992966,2.1942376897851945,Undirected,mild
ASCORBIC ACID,VITAMIN D2,2.1942191347236393,1.7421132582576395,2.763653619169764,340,69.41176470588235,2.1942191347236393,Undirected,mild
ATORVASTATIN,GLIPIZIDE,2.194050737866612,1.6809181951691126,2.863826838312447,255,69.41176470588235,2.194050737866612,Undirected,mild
FAMOTIDINE,SIMVASTATIN,2.193882388494176,1.5831295984715514,3.040256425747952,170,69.41176470588235,2.193882388494176,Undirected,mild
HEPARIN,SODIUM CHLORIDE,2.1936998795403113,1.8254445123109833,2.63624510580322,536,69.40298507462687,2.1936998795403113,Undirected,mild
ALBUTEROL SULFATE,AZITHROMYCIN,2.193555928102065,1.749092775463874,2.7509619142047006,353,69.40509915014165,2.193555928102065,Undirected,mild
DULOXETINA,LORAZEPAM,2.193424289405316,1.6454438204306994,2.9238981322947235,219,69.40639269406392,2.193424289405316,Undirected,mild
ALPRAZOLAM,LT4,2.1930230003997626,1.726950397264262,2.7848801493668147,317,69.4006309148265,2.1930230003997626,Undirected,mild
FLUDARABINE,GANCICLOVIR,2.1929040682111363,1.5185727707398005,3.1666762008607883,134,69.40298507462687,2.1929040682111363,Undirected,mild
JARDIANCE,PREDNISONE,2.1916480035438024,1.7101691760437925,2.8086817600988825,294,69.38775510204081,2.1916480035438024,Undirected,mild
ACETAMINOPHEN,PANTOPRAZOLE SODIUM,2.191480321341037,1.9033761406295957,2.523193338567554,911,69.37431394072448,2.191480321341037,Undirected,mild
ACETAMINOPHEN,FLUOROURACIL,2.1914543558664374,1.617317265628213,2.9694063718416817,196,69.38775510204081,2.1914543558664374,Undirected,mild
POTASSIUM CHLORIDE,ZYRTEC,2.191357555627243,1.543011405901907,3.1121273104250022,147,69.38775510204081,2.191357555627243,Undirected,mild
FLUOXETINE,LANSOPRAZOLE,2.191357555627243,1.543011405901907,3.1121273104250022,147,69.38775510204081,2.191357555627243,Undirected,mild
FUROSEMIDE,HEPARIN,2.191357555627243,1.543011405901907,3.1121273104250022,147,69.38775510204081,2.191357555627243,Undirected,mild
SIMVASTATIN,VITAMINS,2.191357555627243,1.543011405901907,3.1121273104250022,147,69.38775510204081,2.191357555627243,Undirected,mild
PLAVIX,VITAMIN D3,2.1900676624275723,1.5647663844126452,3.0652475754784057,160,69.375,2.1900676624275723,Undirected,mild
ALBUTEROL,CARVEDILOL,2.1900676624275723,1.5647663844126452,3.0652475754784057,160,69.375,2.1900676624275723,Undirected,mild
MELATONINA,SODIUM CHLORIDE,2.1896095249488954,1.645944384754662,2.9128504681897622,222,69.36936936936937,2.1896095249488954,Undirected,mild
CALCITRIOL,LT4,2.189390653396433,1.462309807632519,3.2779862435171863,111,69.36936936936937,2.189390653396433,Undirected,mild
FOLIC ACID,PROCHLORPERAZINE,2.189390653396433,1.462309807632519,3.2779862435171863,111,69.36936936936937,2.189390653396433,Undirected,mild
CLOPIDOGREL,PERPRAZOLE,2.189390653396433,1.462309807632519,3.2779862435171863,111,69.36936936936937,2.189390653396433,Undirected,mild
AMLODIPINE BESYLATE,CLOPIDOGREL,2.189390653396433,1.462309807632519,3.2779862435171863,111,69.36936936936937,2.189390653396433,Undirected,mild
ATIVAN,PREDNISONE,2.1881637281545583,1.6703964452687834,2.8664216298908665,248,69.35483870967742,2.1881637281545583,Undirected,mild
ASPIRIN,FUROSEMIDE,2.18808690111627,2.0089900261797884,2.38314985363105,2483,69.31131695529601,2.18808690111627,Undirected,mild
METOCLOPRAMIDE,ROSUVASTATIN,2.187919566060271,1.4935196086477702,3.2051752115149656,124,69.35483870967742,2.187919566060271,Undirected,mild
FUROSEMIDE,VENCLEXTA,2.187919566060271,1.4935196086477702,3.2051752115149656,124,69.35483870967742,2.187919566060271,Undirected,mild
DEXAMETHASONE,POSACONAZOLE,2.187919566060271,1.4935196086477702,3.2051752115149656,124,69.35483870967742,2.187919566060271,Undirected,mild
ACETAMINOPHEN,BEVACIZUMAB,2.187919566060271,1.4935196086477702,3.2051752115149656,124,69.35483870967742,2.187919566060271,Undirected,mild
METHOTREXATE,METHYLPREDNISOLONE SODIUM SUCCINATE,2.187797233840981,1.726868521072794,2.771755161434481,323,69.3498452012384,2.187797233840981,Undirected,mild
CLOPIDOGREL,PANTOPRAZOLE SODIUM,2.1872328762550888,1.618098036502004,2.956549941382482,199,69.34673366834171,2.1872328762550888,Undirected,mild
KEYTRUDA,LENVIMA,2.187107421090142,1.972597900339315,2.4249437103044427,1698,69.3168433451119,2.187107421090142,Undirected,mild
ACETAMINOPHEN,JARDIANCE,2.187002956977407,1.691615467341763,2.8274640579776635,274,69.34306569343066,2.187002956977407,Undirected,mild
ELIQUIS,MELATONINA,2.187002956977407,1.691615467341763,2.8274640579776635,274,69.34306569343066,2.187002956977407,Undirected,mild
ACYCLOVIR,AMLODIPINE,2.1869437488517893,1.7789438948914336,2.6885181564052645,424,69.33962264150944,2.1869437488517893,Undirected,mild
PERINDOPRIL,PERPRAZOLE,2.186733500737114,1.5207391411509503,3.1443942447795163,137,69.34306569343066,2.186733500737114,Undirected,mild
FARXIGA,METOPROLOL SUCCINATE,2.186733500737114,1.5207391411509503,3.1443942447795163,137,69.34306569343066,2.186733500737114,Undirected,mild
ALBUTEROL SULFATE,METOPROLOL,2.186733500737114,1.5207391411509503,3.1443942447795163,137,69.34306569343066,2.186733500737114,Undirected,mild
ACETAMINOPHEN,VENLAFAXINE,2.186636102558042,1.7842145400508846,2.6798220380346542,437,69.33638443935926,2.186636102558042,Undirected,mild
ESCITALOPRAM,FUROSEMIDE,2.186526769760208,1.6328586182490283,2.927932192932133,212,69.33962264150944,2.186526769760208,Undirected,mild
LIDOCAINE,PROPOFOL,2.186505164410243,1.701228743598261,2.810206947174432,287,69.33797909407666,2.186505164410243,Undirected,mild
ESCITALOPRAM,OLANZAPINE,2.186505164410243,1.701228743598261,2.810206947174432,287,69.33797909407666,2.186505164410243,Undirected,mild
CYTARABINE,VINCRISTINE SULFATE,2.1864952637603676,1.8161838960368195,2.63231138040528,525,69.33333333333334,2.1864952637603676,Undirected,mild
ALBUTEROL SULFATE,TYLENOL EXTRA STRENGTH,2.1857581041419896,1.5447693052226028,3.092719717870065,150,69.33333333333334,2.1857581041419896,Undirected,mild
PALIPERIDONE,QUETIAPINE,2.1857581041419896,1.5447693052226028,3.092719717870065,150,69.33333333333334,2.1857581041419896,Undirected,mild
CODEINE,METHOTREXATE,2.18494281604114,1.5662003432479523,3.048125439348085,163,69.32515337423312,2.18494281604114,Undirected,mild
LISINOPRIL,SPIRONOLACTONE,2.184916373330078,1.734466984027875,2.752349628102887,339,69.32153392330383,2.184916373330078,Undirected,mild
BISOPROLOL,CHOLECALCIFEROL,2.1834097927705325,1.81561933292194,2.6257036575470427,531,69.30320150659134,2.1834097927705325,Undirected,mild
ARIPIPRAZOLE,METHYLPHENIDATE,2.182949827374338,1.4301859513326995,3.331923337936021,101,69.3069306930693,2.182949827374338,Undirected,mild
ATORVASTATIN,LEVEMIR,2.182949827374338,1.4301859513326995,3.331923337936021,101,69.3069306930693,2.182949827374338,Undirected,mild
AZACITIDINE,MYCOPHENOLATE MOFETIL,2.182949827374338,1.4301859513326995,3.331923337936021,101,69.3069306930693,2.182949827374338,Undirected,mild
ALBUTEROL,METRONIDAZOLE,2.182949827374338,1.4301859513326995,3.331923337936021,101,69.3069306930693,2.182949827374338,Undirected,mild
ATORVASTATIN,PANTOPRAZOLE,2.1828041953183503,1.983471821207587,2.402168815384815,1972,69.26977687626776,2.1828041953183503,Undirected,mild
FUROSEMIDE,TYLENOL,2.182587475739555,1.7936527737738106,2.6558585691211887,469,69.29637526652452,2.182587475739555,Undirected,mild
FUROSEMIDE,METOPROLOL SUCCINATE,2.182296563821071,1.8467131858811523,2.5788619092969136,648,69.29012345679013,2.182296563821071,Undirected,mild
GABAPENTIN,INSULIN GLARGINE,2.182084179309083,1.4656184401038552,3.248793297970234,114,69.2982456140351,2.182084179309083,Undirected,mild
DILTIAZEM,SPIRONOLACTONE,2.181401285093289,1.496165375847009,3.1804716533509976,127,69.29133858267717,2.181401285093289,Undirected,mild
AMLODIPINE,VALACYCLOVIR HYDROCHLORIDE,2.181401285093289,1.496165375847009,3.1804716533509976,127,69.29133858267717,2.181401285093289,Undirected,mild
COSENTYX,LANSOPRAZOLE,2.181401285093289,1.496165375847009,3.1804716533509976,127,69.29133858267717,2.181401285093289,Undirected,mild
GLICLAZIDE,METFORMIN HYDROCHLORIDE,2.1813727747652187,1.6818446554228417,2.8292667620307523,267,69.28838951310861,2.1813727747652187,Undirected,mild
CIPROFLOXACIN,FLUCONAZOLE,2.181123911595524,1.6919648506785985,2.8117023328385,280,69.28571428571428,2.181123911595524,Undirected,mild
CLOPIDOGREL,RAMIPRIL,2.1811202258770868,1.7835621413569147,2.6672944717871294,446,69.28251121076234,2.1811202258770868,Undirected,mild
ALLOPURINOL,VITAMIN D2,2.1808501439560946,1.5228773139006295,3.123106048648948,140,69.28571428571428,2.1808501439560946,Undirected,mild
ACYCLOVIR,ENOXAPARIN SODIUM,2.1808501439560946,1.5228773139006295,3.123106048648948,140,69.28571428571428,2.1808501439560946,Undirected,mild
PROCHLORPERAZINE,VITAMIN D3,2.18039711709121,1.5465104171600057,3.07410253139458,153,69.28104575163398,2.18039711709121,Undirected,mild
MELATONINA,METFORMIN,2.180019119043362,1.567625310809813,3.0316449515219484,166,69.27710843373494,2.180019119043362,Undirected,mild
MIRTAZAPINE,OXAZEPAM,2.178394486166463,1.6820975524736026,2.821122074865464,270,69.25925925925925,2.178394486166463,Undirected,mild
ASPIRIN,SPIRIVA,2.178102566999204,1.7104845549194518,2.7735595616599573,309,69.25566343042071,2.178102566999204,Undirected,mild
FOLIC ACID,POTASSIUM CHLORIDE,2.1775133129371556,1.7976105453388815,2.6377038343000363,491,69.24643584521385,2.1775133129371556,Undirected,mild
SODIUM CHLORIDE,TYLENOL,2.1756136564097783,1.72682095621355,2.741045482987164,338,69.23076923076923,2.1756136564097783,Undirected,mild
ALBUTEROL SULFATE,PANTOPRAZOLE,2.1755883660561905,1.7189210773973136,2.7535788587139485,325,69.23076923076923,2.1755883660561905,Undirected,mild
FUROSEMIDE,NIFEDIPINE,2.1755377886132226,1.7017324052544085,2.781262585745104,299,69.23076923076923,2.1755377886132226,Undirected,mild
CHOLECALCIFEROL,METHYLPREDNISOLONE,2.17543664678215,1.6602794201479971,2.8504386350466886,247,69.23076923076923,2.17543664678215,Undirected,mild
DICLOFENAC,VITAMIN D3,2.1753860823929223,1.6347857506276011,2.894755233615215,221,69.23076923076923,2.1753860823929223,Undirected,mild
MIRTAZAPINE,VENLAFAXINE HYDROCHLORIDE,2.1753102439653875,1.587813250840319,2.980183377986327,182,69.23076923076923,2.1753102439653875,Undirected,mild
SENNOSIDES,TYLENOL,2.175284966664277,1.5690407175766867,3.015769210568199,169,69.23076923076923,2.175284966664277,Undirected,mild
CYANOCOBALAMIN,PLAVIX,2.175234415323737,1.5249872302260754,3.102743857669775,143,69.23076923076923,2.175234415323737,Undirected,mild
AZITHROMYCIN,FLUCONAZOLE,2.175234415323737,1.5249872302260754,3.102743857669775,143,69.23076923076923,2.175234415323737,Undirected,mild
AMOXICILLIN,LEVOFLOXACIN,2.1752091412841668,1.4987665092090674,3.1569525868463257,130,69.23076923076923,2.1752091412841668,Undirected,mild
CYCLOPHOSPHAMIDE,LT4,2.1752091412841668,1.4987665092090674,3.1569525868463257,130,69.23076923076923,2.1752091412841668,Undirected,mild
CHOLECALCIFEROL,METOCLOPRAMIDE,2.1752091412841668,1.4987665092090674,3.1569525868463257,130,69.23076923076923,2.1752091412841668,Undirected,mild
SYNTHROID,ZOFRAN,2.175183868331637,1.4688575826172288,3.2211597074099396,117,69.23076923076923,2.175183868331637,Undirected,mild
ALLOPURINOL,FARXIGA,2.1751585964660767,1.4342746216855344,3.298751053839407,104,69.23076923076923,2.1751585964660767,Undirected,mild
OXYGEN,TYVASO DPI,2.1741138030543063,1.8533491686868089,2.55039412351015,708,69.2090395480226,2.1741138030543063,Undirected,mild
ALLOPURINOL,FOLIC ACID,2.173184021064817,1.81382338401932,2.603742365999369,552,69.20289855072464,2.173184021064817,Undirected,mild
POTASSIUM CHLORIDE,VITAMIN D3,2.1720494779244635,1.8555326038990507,2.542557821209055,727,69.18844566712518,2.1720494779244635,Undirected,mild
EZETIMIBE,PANTOPRAZOLE SODIUM,2.1713781735483604,1.6058277351544172,2.9361076965760766,198,69.1919191919192,2.1713781735483604,Undirected,mild
ACETAMINOPHEN,CHLORPHENIRAMINE MALEATE,2.1713781735483604,1.6058277351544172,2.9361076965760766,198,69.1919191919192,2.1713781735483604,Undirected,mild
DILTIAZEM,PANTOPRAZOLE,2.1710748832296676,1.58897368977122,2.966421772074384,185,69.1891891891892,2.1710748832296676,Undirected,mild
GLIMEPIRIDE,LISINOPRIL,2.1707296299656194,1.5704460773797355,3.00046413199534,172,69.18604651162791,2.1707296299656194,Undirected,mild
BEDAQUILINE,PRETOMANID,2.1707296299656194,1.5704460773797355,3.00046413199534,172,69.18604651162791,2.1707296299656194,Undirected,mild
ALENDRONATE SODIUM,ASPIRIN,2.1707296299656194,1.5704460773797355,3.00046413199534,172,69.18604651162791,2.1707296299656194,Undirected,mild
OZEMPIC,RYBELSUS,2.1707296299656194,1.5704460773797355,3.00046413199534,172,69.18604651162791,2.1707296299656194,Undirected,mild
DEXAMETHASONE,LEVETIRACETAM,2.1704046934875643,1.702031106738374,2.767667708811706,305,69.18032786885246,2.1704046934875643,Undirected,mild
ACETAMINOPHEN,DENOSUMAB,2.1703321368501807,1.549940766646827,3.0390461917039056,159,69.18238993710692,2.1703321368501807,Undirected,mild
CYTARABINE,HYDROCORTISONE,2.170150884419322,1.692758918508089,2.7821769595499894,292,69.17808219178082,2.170150884419322,Undirected,mild
AMLODIPINE BESYLATE,POTASSIUM CHLORIDE,2.169875818620281,1.6828994957778478,2.7977672344935836,279,69.17562724014337,2.169875818620281,Undirected,mild
ALLOPURINOL,MAGNESIUM OXIDE,2.1698684729663067,1.527068923752088,3.083246025598191,146,69.17808219178082,2.1698684729663067,Undirected,mild
ALBUTEROL,METOPROLOL,2.169372992985446,1.741303783387005,2.702675562756003,373,69.16890080428955,2.169372992985446,Undirected,mild
BUDESONIDE,FOLIC ACID,2.1693192709415476,1.5013236881784342,3.134531304830155,133,69.17293233082707,2.1693192709415476,Undirected,mild
ARIPIPRAZOLE,CITALOPRAM,2.1693192709415476,1.5013236881784342,3.134531304830155,133,69.17293233082707,2.1693192709415476,Undirected,mild
DIPHENHYDRAMINE,METFORMIN,2.1693192709415476,1.5013236881784342,3.134531304830155,133,69.17293233082707,2.1693192709415476,Undirected,mild
ASPIRIN,MUCINEX,2.1693192709415476,1.5013236881784342,3.134531304830155,133,69.17293233082707,2.1693192709415476,Undirected,mild
OXYGEN,TAMSULOSIN HYDROCHLORIDE,2.1693192709415476,1.5013236881784342,3.134531304830155,133,69.17293233082707,2.1693192709415476,Undirected,mild
ACETAMINOPHEN,DEXAMETHASONE,2.1690728378816875,1.9533115366701643,2.4086669677160573,1643,69.14181375532561,2.1690728378816875,Undirected,mild
ATORVASTATIN,DEXAMETHASONE,2.1686969055597207,1.830991146830378,2.568688699738434,629,69.15739268680446,2.1686969055597207,Undirected,mild
ANTI-THYMOCYTE GLOBULIN,MYCOPHENOLATE MOFETIL,2.168656788323506,1.47202912587729,3.194958702151167,120,69.16666666666667,2.168656788323506,Undirected,mild
ALLOPURINOL,AMOXICILLIN,2.168656788323506,1.47202912587729,3.194958702151167,120,69.16666666666667,2.168656788323506,Undirected,mild
FAMOTIDINE,SODIUM CHLORIDE,2.168459640573552,1.766206467386667,2.662325894295881,428,69.1588785046729,2.168459640573552,Undirected,mild
ENBREL,ORENCIA,2.16793659016845,1.754305654829685,2.6790936038152924,402,69.15422885572139,2.16793659016845,Undirected,mild
ACETAMINOPHEN,CALCIUM CARBONATE / CHOLECALCIFEROL,2.16793659016845,1.754305654829685,2.6790936038152924,402,69.15422885572139,2.16793659016845,Undirected,mild
CHOLECALCIFEROL,LORATADINE,2.1678398317738075,1.438259026898727,3.26751263043246,107,69.1588785046729,2.1678398317738075,Undirected,mild
ISONIAZID,PREDNISONE,2.1678398317738075,1.438259026898727,3.26751263043246,107,69.1588785046729,2.1678398317738075,Undirected,mild
METOPROLOL SUCCINATE,SYMBICORT,2.1678398317738075,1.438259026898727,3.26751263043246,107,69.1588785046729,2.1678398317738075,Undirected,mild
FARXIGA,PANTOPRAZOLE,2.1678398317738075,1.438259026898727,3.26751263043246,107,69.1588785046729,2.1678398317738075,Undirected,mild
CIPROFLOXACIN,IBUPROFEN,2.1678398317738075,1.438259026898727,3.26751263043246,107,69.1588785046729,2.1678398317738075,Undirected,mild
AMLODIPINE,SITAGLIPTIN,2.1675486251500167,1.6067849355034147,2.924017358251952,201,69.15422885572139,2.1675486251500167,Undirected,mild
ASPIRIN,URSADIOL 300 MG ORAL CAPSULE [URSODIOL],2.166985723330202,1.590128830247931,2.9531111164022796,188,69.14893617021278,2.166985723330202,Undirected,mild
JARDIANCE,METOPROLOL SUCCINATE,2.166740139158022,1.6727412017116638,2.806628321126137,269,69.14498141263941,2.166740139158022,Undirected,mild
FERRUM,SPIRONOLACTONE,2.165601863910628,1.5516294635839838,3.0225202234433746,162,69.1358024691358,2.165601863910628,Undirected,mild
CLOZAPINE,VALPROATE SODIUM,2.165601863910628,1.5516294635839838,3.0225202234433746,162,69.1358024691358,2.165601863910628,Undirected,mild
BUSPIRONE,TRAZODONE,2.165601863910628,1.5516294635839838,3.0225202234433746,162,69.1358024691358,2.165601863910628,Undirected,mild
CLONAZEPAM,VALPROATE SODIUM,2.165601863910628,1.5516294635839838,3.0225202234433746,162,69.1358024691358,2.165601863910628,Undirected,mild
EMPAGLIFLOZIN,FUROSEMIDE,2.1654858495151044,1.7023570670280976,2.7546095089419658,311,69.13183279742765,2.1654858495151044,Undirected,mild
CHOLECALCIFEROL,PREGABALIN,2.165309653637886,1.7715287293476814,2.6466214284110783,447,69.12751677852349,2.165309653637886,Undirected,mild
ANAKINRA,DEXAMETHASONE,2.165187993370761,1.6367450429958694,2.864245147219751,230,69.1304347826087,2.165187993370761,Undirected,mild
APIXABAN,PREDNISONE,2.1649707126389584,1.7659862808815847,2.654096601613818,434,69.12442396313364,2.1649707126389584,Undirected,mild
LORATADINE,POTASSIUM CHLORIDE,2.164736026477351,1.5291225053208837,3.064556337391415,149,69.12751677852349,2.164736026477351,Undirected,mild
CARVEDILOL,SIMVASTATIN,2.164736026477351,1.5291225053208837,3.064556337391415,149,69.12751677852349,2.164736026477351,Undirected,mild
PREDNISONE,USTEKINUMAB,2.164736026477351,1.5291225053208837,3.064556337391415,149,69.12751677852349,2.164736026477351,Undirected,mild
AZITHROMYCIN,PREDNISONE,2.1638918297101633,1.872511062019852,2.500614253053078,861,69.10569105691057,2.1638918297101633,Undirected,mild
ACYCLOVIR,PIPERACILLIN SODIUM\TAZOBACTAM SODIUM,2.1638407914271465,1.607740052495832,2.912291053131052,204,69.11764705882352,2.1638407914271465,Undirected,mild
CLONAZEPAM,ELIQUIS,2.1637100831065843,1.5038376506730151,3.1131294801948326,136,69.11764705882352,2.1637100831065843,Undirected,mild
CARBIDOPA / LEVODOPA,LT4,2.163370860499799,1.6620284523218245,2.815940649825533,259,69.1119691119691,2.163370860499799,Undirected,mild
ATORVASTATIN,CANDESARTAN CILEXETIL,2.1624734736852167,1.475134959407774,3.170077079774185,123,69.10569105691057,2.1624734736852167,Undirected,mild
ETOPOSIDE,TOCILIZUMAB,2.1624734736852167,1.475134959407774,3.170077079774185,123,69.10569105691057,2.1624734736852167,Undirected,mild
OXYCODONE,PROCHLORPERAZINE,2.1621163892886193,1.5732250710820044,2.9714421456653644,178,69.10112359550563,2.1621163892886193,Undirected,mild
ACETAMINOPHEN,METOPROLOL TARTRATE,2.161977731891528,1.6374028838547914,2.8546106515892458,233,69.09871244635193,2.161977731891528,Undirected,mild
DULOXETINA,QUETIAPINE,2.1619353660269116,1.7193420125050998,2.718461186246418,343,69.09620991253644,2.1619353660269116,Undirected,mild
LT4,PREGABALIN,2.161584663127736,1.7657891908684942,2.646096306417489,440,69.0909090909091,2.161584663127736,Undirected,mild
KARDEGIC,LANSOPRAZOLE,2.161162707820949,1.6236277767166054,2.87665948849507,220,69.0909090909091,2.161162707820949,Undirected,mild
MESALAMINE,RAMIPRIL,2.1610572668895216,1.5533002690619253,3.0066102503133116,165,69.0909090909091,2.1610572668895216,Undirected,mild
ACETAMINOPHEN,BETAMETHASONE,2.1610572668895216,1.5533002690619253,3.0066102503133116,165,69.0909090909091,2.1610572668895216,Undirected,mild
HYDROCORTISONE,MELATONINA,2.160951845105765,1.4421432131488552,3.2380368567348468,110,69.0909090909091,2.160951845105765,Undirected,mild
BISOPROLOL,CLOTRIMAZOLE,2.160951845105765,1.4421432131488552,3.2380368567348468,110,69.0909090909091,2.160951845105765,Undirected,mild
ALBUTEROL SULFATE,ALLOPURINOL,2.160113252228635,1.693658622812403,2.7550352825562325,304,69.07894736842105,2.160113252228635,Undirected,mild
FLUDARABINE,URSADIOL 300 MG ORAL CAPSULE [URSODIOL],2.1598221718679884,1.5311481501238462,3.046623420284472,152,69.07894736842105,2.1598221718679884,Undirected,mild
METOPROLOL SUCCINATE,VITAMIN D2,2.1598221718679884,1.5311481501238462,3.046623420284472,152,69.07894736842105,2.1598221718679884,Undirected,mild
DEXAMETHASONE,OXYCODONE,2.1598090227435747,1.7194344184535273,2.7129705935048634,346,69.07514450867052,2.1598090227435747,Undirected,mild
ASPIRIN,TRELEGY ELLIPTA,2.1595880974407886,1.741225291885829,2.67847059903247,388,69.0721649484536,2.1595880974407886,Undirected,mild
NAPROXEN,PANTOPRAZOLE,2.1594024019286815,1.6840543083713042,2.7689242029047714,291,69.0721649484536,2.1594024019286815,Undirected,mild
ATORVASTATIN,ZOLPIDEM,2.1592167658813137,1.5924214962248893,2.927753143948102,194,69.0721649484536,2.1592167658813137,Undirected,mild
FLUTICASONA,PANTOPRAZOLE,2.1588555450995632,1.6380623653563895,2.8452257759997575,236,69.0677966101695,2.1588555450995632,Undirected,mild
METFORMIN,XARELTO,2.158361995281719,1.5063091784076483,3.0926761713030997,139,69.06474820143885,2.158361995281719,Undirected,mild
HYDROXYCHLOROQUINE SULFATE,PLAQUENIL,2.1580407198605505,1.5745980677240927,2.9576689086806915,181,69.06077348066299,2.1580407198605505,Undirected,mild
NAPROXEN,PANTOPRAZOLE SODIUM,2.1578707196625975,1.6244203096392242,2.8665032166529247,223,69.05829596412556,2.1578707196625975,Undirected,mild
ALBUTEROL,TRAZODONE,2.1578707196625975,1.6244203096392242,2.8665032166529247,223,69.05829596412556,2.1578707196625975,Undirected,mild
ATORVASTATIN CALCIUM,TADALAFIL,2.1566876337171053,1.5549530795070543,2.991280965791473,168,69.04761904761905,2.1566876337171053,Undirected,mild
MAGNESIUM,MIRALAX,2.1566074809300617,1.4781769576453725,3.146413426855293,126,69.04761904761905,2.1566074809300617,Undirected,mild
ALLOPURINOL,ZOFRAN,2.1566074809300617,1.4781769576453725,3.146413426855293,126,69.04761904761905,2.1566074809300617,Undirected,mild
LANSOPRAZOLE,LEVETIRACETAM,2.1566074809300617,1.4781769576453725,3.146413426855293,126,69.04761904761905,2.1566074809300617,Undirected,mild
HUMIRA,STELARA,2.156048192164706,1.6742078572268686,2.7765631291663344,281,69.03914590747331,2.156048192164706,Undirected,mild
ACETAMINOPHEN,POLYETHYLENE GLYCOL 3350,2.1555235466196936,1.5935582895119456,2.915664767716119,197,69.03553299492386,2.1555235466196936,Undirected,mild
ELIQUIS,ZOFRAN,2.1555235466196936,1.5935582895119456,2.915664767716119,197,69.03553299492386,2.1555235466196936,Undirected,mild
FOLIC ACID,JARDIANCE,2.1555235466196936,1.5935582895119456,2.915664767716119,197,69.03553299492386,2.1555235466196936,Undirected,mild
DICLOFENAC,NAPROXEN,2.1552024632921785,1.7344177052089338,2.6780732483477125,381,69.02887139107612,2.1552024632921785,Undirected,mild
FAMOTIDINE,VITAMIN D2,2.1551132471484102,1.5331460867703068,3.029400230097184,155,69.03225806451613,2.1551132471484102,Undirected,mild
POTASSIUM CHLORIDE,TAMSULOSIN,2.1551132471484102,1.5331460867703068,3.029400230097184,155,69.03225806451613,2.1551132471484102,Undirected,mild
OMEPRAZOLE,TACROLIMUS,2.1550858478584294,1.663385270301141,2.792134266524351,268,69.02985074626866,2.1550858478584294,Undirected,mild
CLOBAZAM,XCOPRI,2.154457712634956,1.445931063203158,3.2101724305234565,113,69.02654867256636,2.154457712634956,Undirected,mild
FAMOTIDINE,SENNOSIDES,2.1541082129881413,1.5759597287540756,2.9443532779428345,184,69.02173913043478,2.1541082129881413,Undirected,mild
PANTOPRAZOLE SODIUM,SPIRONOLACTONE,2.153662444950434,1.7197446492145834,2.697064316442676,355,69.01408450704226,2.153662444950434,Undirected,mild
RAMIPRIL,TICAGRELOR,2.153257205196444,1.5087390848336932,3.0731069661667036,142,69.01408450704226,2.153257205196444,Undirected,mild
DEXAMETHASONE,PEGASPARGASE,2.1531292689044528,1.694389700897196,2.7360681230287422,313,69.00958466453673,2.1531292689044528,Undirected,mild
DIAZEPAM,ZOPICLONE,2.1531292689044528,1.694389700897196,2.7360681230287422,313,69.00958466453673,2.1531292689044528,Undirected,mild
METHOTREXATE,PEGASPARGASE,2.1528081299250252,1.7118267348674152,2.707390152210845,342,69.00584795321637,2.1528081299250252,Undirected,mild
CELEBREX,HYDROXYCHLOROQUINE,2.1524830607817167,1.55658784241446,2.9764997520252936,171,69.00584795321637,2.1524830607817167,Undirected,mild
DEXAMETHASONE,SIMVASTATIN,2.1524830607817167,1.55658784241446,2.9764997520252936,171,69.00584795321637,2.1524830607817167,Undirected,mild
ADEMPAS,SPIRONOLACTONE,2.151949607455921,1.5946883096743023,2.9039449809320415,200,69.0,2.151949607455921,Undirected,mild
ESCITALOPRAM,ZOLPIDEM,2.1517596884490575,1.4084276784574912,3.287403270791464,100,69.0,2.1517596884490575,Undirected,mild
FERRUM,METOPROLOL SUCCINATE,2.1517596884490575,1.4084276784574912,3.287403270791464,100,69.0,2.1517596884490575,Undirected,mild
FUROSEMIDE,IPRATROPIUM BROMIDE,2.1517596884490575,1.4084276784574912,3.287403270791464,100,69.0,2.1517596884490575,Undirected,mild
BUPRENORPHINE,CLONAZEPAM,2.1517596884490575,1.4084276784574912,3.287403270791464,100,69.0,2.1517596884490575,Undirected,mild
ATORVASTATIN,SINGULAIR,2.1517596884490575,1.4084276784574912,3.287403270791464,100,69.0,2.1517596884490575,Undirected,mild
AMPHOTERICIN B,POSACONAZOLE,2.151565316800848,1.6260029885816096,2.8470017244546963,229,68.99563318777294,2.151565316800848,Undirected,mild
AMLODIPINE,TORSEMIDE,2.151565316800848,1.6260029885816096,2.8470017244546963,229,68.99563318777294,2.151565316800848,Undirected,mild
CETIRIZINE,METHYLPREDNISOLONE,2.1505967055932818,1.535116587990435,3.0128436017769715,158,68.9873417721519,2.1505967055932818,Undirected,mild
MAGNESIUM,METOPROLOL SUCCINATE,2.1501176051117756,1.611531541497382,2.8687032160202426,216,68.98148148148148,2.1501176051117756,Undirected,mild
DIPHENHYDRAMINE,ONDANSETRON,2.1488736475576284,1.741314524572726,2.6518230268025142,406,68.96551724137932,2.1488736475576284,Undirected,mild
CHOLECALCIFEROL,FAMOTIDINE,2.1485441639494796,1.6267924660175077,2.8376342532137637,232,68.96551724137932,2.1485441639494796,Undirected,mild
OXYCODONE,OZEMPIC,2.1483246131818317,1.4496262957182773,3.1837851294743698,116,68.96551724137932,2.1483246131818317,Undirected,mild
LOPERAMIDE,MELATONINA,2.1483246131818317,1.4496262957182773,3.1837851294743698,116,68.96551724137932,2.1483246131818317,Undirected,mild
CLOZAPINE,ZUCLOPENTHIXOL,2.1483246131818317,1.4496262957182773,3.1837851294743698,116,68.96551724137932,2.1483246131818317,Undirected,mild
MIRTAZAPINE,PANTOPRAZOLE,2.1476479407691973,1.7755646235054292,2.5977041986701135,496,68.95161290322581,2.1476479407691973,Undirected,mild
ATORVASTATIN,HUMALOG,2.1473797939728625,1.664769946128391,2.769896219166431,277,68.95306859205776,2.1473797939728625,Undirected,mild
AZITHROMYCIN,METHYLPREDNISOLONE,2.1471789152112084,1.6407093386732674,2.8099902799698135,248,68.95161290322581,2.1471789152112084,Undirected,mild
DILTIAZEM,VITAMIN D3,2.146643569111047,1.5786483089873111,2.9190026597892818,190,68.94736842105263,2.146643569111047,Undirected,mild
BISOPROLOL,METFORMIN HYDROCHLORIDE,2.146643569111047,1.5786483089873111,2.9190026597892818,190,68.94736842105263,2.146643569111047,Undirected,mild
FERROUS SULFATE,METOPROLOL SUCCINATE,2.146643569111047,1.5786483089873111,2.9190026597892818,190,68.94736842105263,2.146643569111047,Undirected,mild
LASIX,TYVASO DPI,2.145734586384134,1.484076809593439,3.102384516382546,132,68.93939393939394,2.145734586384134,Undirected,mild
LEVOTHYROXINE SODIUM,SIMVASTATIN,2.1451372044115713,1.596927022939297,2.881542837994552,206,68.93203883495146,2.1451372044115713,Undirected,mild
DIPHENHYDRAMINE HYDROCHLORIDE,TRAMADOL HYDROCHLORIDE,2.1449429352760707,1.413076589192915,3.2558604613345716,103,68.93203883495146,2.1449429352760707,Undirected,mild
METOPROLOL SUCCINATE,TADALAFIL,2.1449429352760707,1.413076589192915,3.2558604613345716,103,68.93203883495146,2.1449429352760707,Undirected,mild
CALCITRIOL,VITAMIN D3,2.1449429352760707,1.413076589192915,3.2558604613345716,103,68.93203883495146,2.1449429352760707,Undirected,mild
FUROSEMIDE,ISMN,2.144447169427213,1.6413717383729467,2.801713685543852,251,68.92430278884463,2.144447169427213,Undirected,mild
VITAMIN D3,XARELTO,2.144447169427213,1.6413717383729467,2.801713685543852,251,68.92430278884463,2.144447169427213,Undirected,mild
ASCORBIC ACID,SIMVASTATIN,2.1437140492802453,1.5134773885906023,3.0363915310033076,148,68.91891891891892,2.1437140492802453,Undirected,mild
ENALAPRIL,HYDROCHLOROTHIAZIDE,2.1437140492802453,1.5134773885906023,3.0363915310033076,148,68.91891891891892,2.1437140492802453,Undirected,mild
CETIRIZINE,SIMVASTATIN,2.1437140492802453,1.5134773885906023,3.0363915310033076,148,68.91891891891892,2.1437140492802453,Undirected,mild
ESCITALOPRAM,RISPERIDONE,2.1437140492802453,1.5134773885906023,3.0363915310033076,148,68.91891891891892,2.1437140492802453,Undirected,mild
BUPROPION,SERTRALINE,2.1434316122672876,1.6540297633799357,2.777639905994497,267,68.91385767790263,2.1434316122672876,Undirected,mild
ATORVASTATIN,LERCANIDIPINO,2.143098086448371,1.5799749560158551,2.9069254488186833,193,68.9119170984456,2.143098086448371,Undirected,mild
LINEZOLID,PRETOMANID,2.143098086448371,1.5799749560158551,2.9069254488186833,193,68.9119170984456,2.143098086448371,Undirected,mild
ATORVASTATIN,DIAZEPAM,2.142747178579339,1.6283662356228716,2.8196147591782132,238,68.90756302521008,2.142747178579339,Undirected,mild
FARXIGA,PREDNISONE,2.14252327380247,1.4532324669078236,3.158755452630841,119,68.90756302521008,2.14252327380247,Undirected,mild
RAMIPRIL,TRAMADOL,2.14252327380247,1.4532324669078236,3.158755452630841,119,68.90756302521008,2.14252327380247,Undirected,mild
LOPERAMIDE,MAGNESIUM,2.14252327380247,1.4532324669078236,3.158755452630841,119,68.90756302521008,2.14252327380247,Undirected,mild
SPIRONOLACTONE,WINREVAIR,2.14252327380247,1.4532324669078236,3.158755452630841,119,68.90756302521008,2.14252327380247,Undirected,mild
DEXAMETHASONE,FENTANYL,2.142403987249777,1.6956934052969,2.70679524390796,328,68.90243902439023,2.142403987249777,Undirected,mild
ASPIRIN,HYDRALAZINE,2.141784694802059,1.6420338411312918,2.7936340676924987,254,68.89763779527559,2.141784694802059,Undirected,mild
CANDESARTAN,FOLIC ACID,2.141278558057391,1.7537846427122243,2.614388193128167,450,68.88888888888889,2.141278558057391,Undirected,mild
LEVOTHYROXINE SODIUM,TYVASO DPI,2.140686775505913,1.4869382539354916,3.08186292113829,135,68.88888888888889,2.140686775505913,Undirected,mild
PANTOPRAZOLE SODIUM,TAMSULOSIN HYDROCHLORIDE,2.140686775505913,1.4869382539354916,3.08186292113829,135,68.88888888888889,2.140686775505913,Undirected,mild
FAMOTIDINE,MIRALAX,2.1396689954685444,1.5812897144561513,2.89522114026014,196,68.87755102040816,2.1396689954685444,Undirected,mild
METOPROLOL SUCCINATE,SILDENAFIL CITRATE,2.139247324975859,1.5157874909370133,3.019142950300633,151,68.87417218543047,2.139247324975859,Undirected,mild
LOPERAMIDE,PANTOPRAZOLE SODIUM,2.139247324975859,1.5157874909370133,3.019142950300633,151,68.87417218543047,2.139247324975859,Undirected,mild
CALCIUM,INFLIXIMAB,2.139247324975859,1.5157874909370133,3.019142950300633,151,68.87417218543047,2.139247324975859,Undirected,mild
AMOXICILLIN / CLAVULANATE,FUROSEMIDE,2.139247324975859,1.5157874909370133,3.019142950300633,151,68.87417218543047,2.139247324975859,Undirected,mild
GABAPENTIN,TAMSULOSIN HYDROCHLORIDE,2.138738215365506,1.5991359479409584,2.8604204412730216,212,68.86792452830188,2.138738215365506,Undirected,mild
ALBUTEROL,TAMSULOSIN,2.138738215365506,1.5991359479409584,2.8604204412730216,212,68.86792452830188,2.138738215365506,Undirected,mild
CHOLECALCIFEROL,LT4,2.138716249296966,1.7701270799912618,2.5840558266751454,501,68.8622754491018,2.138716249296966,Undirected,mild
DIPHENHYDRAMINE HYDROCHLORIDE,VITAMIN D2,2.138539589059763,1.4175919547968003,3.226141033391693,106,68.86792452830188,2.138539589059763,Undirected,mild
ASPIRIN,WARFARIN SODIUM,2.138539589059763,1.4175919547968003,3.226141033391693,106,68.86792452830188,2.138539589059763,Undirected,mild
KEYTRUDA,LEVOTHYROXINE SODIUM,2.138539589059763,1.4175919547968003,3.226141033391693,106,68.86792452830188,2.138539589059763,Undirected,mild
CYANOCOBALAMIN,TRIAMCINOLONE ACETONIDE,2.138539589059763,1.4175919547968003,3.226141033391693,106,68.86792452830188,2.138539589059763,Undirected,mild
METFORMIN HYDROCHLORIDE,SPIRONOLACTONE,2.1373699344195107,1.6773115944822474,2.723614533869971,305,68.85245901639344,2.1373699344195107,Undirected,mild
METOPROLOL SUCCINATE,SPIRONOLACTONE,2.1372593165598217,1.7478702635361905,2.6133961321478685,443,68.84875846501129,2.1372593165598217,Undirected,mild
METHOTREXATE SODIUM,PANTOPRAZOLE,2.1371416238374223,1.562946791136542,2.9222839486539116,183,68.85245901639344,2.1371416238374223,Undirected,mild
PROCHLORPERAZINE,ZOFRAN,2.137027502915467,1.4567529738899017,3.1349766433099258,122,68.85245901639344,2.137027502915467,Undirected,mild
CYANOCOBALAMIN,HYDROXYCHLOROQUINE SULFATE,2.137027502915467,1.4567529738899017,3.1349766433099258,122,68.85245901639344,2.137027502915467,Undirected,mild
ATORVASTATIN CALCIUM,PLAVIX,2.137027502915467,1.4567529738899017,3.1349766433099258,122,68.85245901639344,2.137027502915467,Undirected,mild
AMLODIPINE,POLYETHYLENE GLYCOL,2.136657296640694,1.6433562012589076,2.778037043819609,260,68.84615384615384,2.136657296640694,Undirected,mild
ACETAMINOPHEN,PREGABALIN,2.136451310724578,1.9152493742338377,2.383200989125861,1501,68.82078614257162,2.136451310724578,Undirected,mild
ATORVASTATIN,TORSEMIDE,2.136389887666561,1.7351332427999442,2.6304387695084777,414,68.84057971014492,2.136389887666561,Undirected,mild
AZITHROMYCIN,VITAMIN D NOS,2.1358739540796425,1.4897430341033566,3.062244590699864,138,68.84057971014492,2.1358739540796425,Undirected,mild
ASPIRIN,LORAZEPAM,2.135078386384433,1.7648664104051257,2.5829488788103427,494,68.82591093117408,2.135078386384433,Undirected,mild
CITALOPRAM,SIMVASTATIN,2.1349669001300735,1.5180593699105585,3.0025727287066317,154,68.83116883116884,2.1349669001300735,Undirected,mild
HYDROMORPHONE,MORPHINE,2.1349669001300735,1.5180593699105585,3.0025727287066317,154,68.83116883116884,2.1349669001300735,Undirected,mild
LOPERAMIDE,SPIRONOLACTONE,2.1349669001300735,1.5180593699105585,3.0025727287066317,154,68.83116883116884,2.1349669001300735,Undirected,mild
DIPHENHYDRAMINE,FUROSEMIDE,2.1349669001300735,1.5180593699105585,3.0025727287066317,154,68.83116883116884,2.1349669001300735,Undirected,mild
SIMVASTATIN,TORSEMIDE,2.1342365788039177,1.5427308255922163,2.952534362276784,170,68.82352941176471,2.1342365788039177,Undirected,mild
PANTOPRAZOLE,VALACICLOVIR,2.1341875547883644,1.6440160260534646,2.770506154947551,263,68.8212927756654,2.1341875547883644,Undirected,mild
ASPIRIN,AZITHROMYCIN,2.133478013541128,1.6675928206095236,2.7295202869725057,295,68.8135593220339,2.133478013541128,Undirected,mild
ASPARAGINASE,METHOTREXATE,2.1331378187212127,1.5838833527954994,2.8728611520713394,202,68.8118811881188,2.1331378187212127,Undirected,mild
MORPHINE,PREGABALIN,2.133122360822058,1.741813493636349,2.6123411162349472,436,68.80733944954129,2.133122360822058,Undirected,mild
ELIQUIS,HYDROCHLOROTHIAZIDE,2.1329192253148626,1.6879137096097925,2.6952470353294657,327,68.80733944954129,2.1329192253148626,Undirected,mild
METFORMIN,PERINDOPRIL,2.1327921981689197,1.7538733425789783,2.5935752885561496,468,68.80341880341881,2.1327921981689197,Undirected,mild
BENZONATATE,PREDNISONE,2.132716162627054,1.601313850326056,2.840466426618689,218,68.80733944954129,2.132716162627054,Undirected,mild
BISOPROLOL,PANTOPRAZOLE SODIUM,2.1326831556303714,1.6970796085796396,2.6800966904058336,343,68.80466472303208,2.1326831556303714,Undirected,mild
ACTEMRA,ORENCIA,2.1326464634104747,1.7594830293897816,2.584953001493053,484,68.80165289256198,2.1326464634104747,Undirected,mild
CARVEDILOL,FERRUM,2.1325131727194835,1.4219801017182274,3.1980844361514484,109,68.80733944954129,2.1325131727194835,Undirected,mild
PANTOPRAZOLE SODIUM,TOPIRAMATE,2.1325131727194835,1.4219801017182274,3.1980844361514484,109,68.80733944954129,2.1325131727194835,Undirected,mild
METHYLPREDNISOLONE,METOCLOPRAMIDE,2.1325131727194835,1.4219801017182274,3.1980844361514484,109,68.80733944954129,2.1325131727194835,Undirected,mild
MELOXICAM,VITAMIN D2,2.1325131727194835,1.4219801017182274,3.1980844361514484,109,68.80733944954129,2.1325131727194835,Undirected,mild
CYANOCOBALAMIN,OPSUMIT,2.1325131727194835,1.4219801017182274,3.1980844361514484,109,68.80733944954129,2.1325131727194835,Undirected,mild
ALLOPURINOL,VALACYCLOVIR HYDROCHLORIDE,2.132356327683087,1.6170988198881735,2.8117907528524033,234,68.80341880341881,2.132356327683087,Undirected,mild
POTASSIUM CHLORIDE,SULFAMETHOXAZOLE / TRIMETHOPRIM,2.13181379525546,1.4601910591983684,3.112353023265632,125,68.8,2.13181379525546,Undirected,mild
FLUTICASONE PROPIONATE,SPIRONOLACTONE,2.13181379525546,1.4601910591983684,3.112353023265632,125,68.8,2.13181379525546,Undirected,mild
CETIRIZINE,TRAZODONE,2.1312801001001436,1.492492835085656,3.0434684564647756,141,68.79432624113475,2.1312801001001436,Undirected,mild
CARVEDILOL,GLYCERYL TRINITRATE,2.1312801001001436,1.492492835085656,3.0434684564647756,141,68.79432624113475,2.1312801001001436,Undirected,mild
LORATADINE,ROSUVASTATIN,2.1312801001001436,1.492492835085656,3.0434684564647756,141,68.79432624113475,2.1312801001001436,Undirected,mild
AVASTIN,TECENTRIQ,2.1309614181918466,1.8635558448999057,2.43673758328724,996,68.77510040160642,2.1309614181918466,Undirected,mild
FUROSEMIDE,TOLVAPTAN,2.1308613686561992,1.5202938803296702,2.9866397748353526,157,68.78980891719745,2.1308613686561992,Undirected,mild
BENZONATATE,GABAPENTIN,2.1308613686561992,1.5202938803296702,2.9866397748353526,157,68.78980891719745,2.1308613686561992,Undirected,mild
CLONAZEPAM,FUROSEMIDE,2.130251886237587,1.5660193399611422,2.8977758977940846,189,68.78306878306879,2.130251886237587,Undirected,mild
LORAZEPAM,TRAMADOL,2.1298362445433754,1.6023908850130884,2.8308963006448815,221,68.77828054298642,2.1298362445433754,Undirected,mild
FAMOTIDINE,METOPROLOL,2.129676557233294,1.6180099342553549,2.8031485730749903,237,68.77637130801688,2.129676557233294,Undirected,mild
TACROLIMUS,URSADIOL 300 MG ORAL CAPSULE [URSODIOL],2.129676557233294,1.6180099342553549,2.8031485730749903,237,68.77637130801688,2.129676557233294,Undirected,mild
PAROXETINE,QUETIAPINE,2.1295408355386978,1.632259502709009,2.7783230317852974,253,68.77470355731225,2.1295408355386978,Undirected,mild
OMEPRAZOLE,OXYCODONE,2.1289969550204586,1.706153796550365,2.656635083924325,365,68.76712328767123,2.1289969550204586,Undirected,mild
LORAZEPAM,TRAZODONE,2.1273054544932997,1.7063962934400272,2.652038400525273,368,68.75,2.1273054544932997,Undirected,mild
AMITRIPTYLINE,PANTOPRAZOLE,2.1272461731157195,1.6889376956979698,2.679303264153507,336,68.75,2.1272461731157195,Undirected,mild
TRELEGY ELLIPTA,VITAMIN D3,2.127186897972647,1.6690191393201417,2.71112774701294,304,68.75,2.127186897972647,Undirected,mild
CARBIDOPA / LEVODOPA,OMEPRAZOLE,2.12703873738448,1.6034598641100684,2.821582187119587,224,68.75,2.12703873738448,Undirected,mild
ASPIRIN,MORPHINE SULFATE,2.12703873738448,1.6034598641100684,2.821582187119587,224,68.75,2.12703873738448,Undirected,mild
CRESTOR,FUROSEMIDE,2.12692023695448,1.5224918706056705,2.9713063049504957,160,68.75,2.12692023695448,Undirected,mild
SODIUM CHLORIDE,ZOFRAN,2.12692023695448,1.5224918706056705,2.9713063049504957,160,68.75,2.12692023695448,Undirected,mild
FAMOTIDINE,JARDIANCE,2.12692023695448,1.5224918706056705,2.9713063049504957,160,68.75,2.12692023695448,Undirected,mild
HYDROXYCHLOROQUINE,IBUPROFEN,2.126890615740475,1.4951892932160546,3.0254789222004077,144,68.75,2.126890615740475,Undirected,mild
ESCITALOPRAM,HYDROXYZINE,2.1268609960836224,1.4635498160713067,3.090798582315851,128,68.75,2.1268609960836224,Undirected,mild
CARVEDILOL,PREGABALIN,2.1268313779837995,1.426246959569853,3.1715487139342957,112,68.75,2.1268313779837995,Undirected,mild
ALBUTEROL,SULFAMETHOXAZOLE / TRIMETHOPRIM,2.1268313779837995,1.426246959569853,3.1715487139342957,112,68.75,2.1268313779837995,Undirected,mild
MAGNESIUM,SIMVASTATIN,2.1268313779837995,1.426246959569853,3.1715487139342957,112,68.75,2.1268313779837995,Undirected,mild
ADEMPAS,TREPROSTINIL,2.1268313779837995,1.426246959569853,3.1715487139342957,112,68.75,2.1268313779837995,Undirected,mild
DULOXETINE HYDROCHLORIDE,METFORMIN HYDROCHLORIDE,2.1268313779837995,1.426246959569853,3.1715487139342957,112,68.75,2.1268313779837995,Undirected,mild
RAMIPRIL,SPIRONOLACTONE,2.1256431947962797,1.7066410332610868,2.6475157361885033,371,68.73315363881402,2.1256431947962797,Undirected,mild
FOLIC ACID,HYDROXYCHLOROQUINE,2.1251591256333824,1.8072173991417375,2.499035982836194,681,68.72246696035242,2.1251591256333824,Undirected,mild
MAGNESIUM OXIDE,OMEPRAZOLE,2.1247155856035365,1.6337964456140808,2.763144902062622,259,68.72586872586872,2.1247155856035365,Undirected,mild
ALBUTEROL SULFATE,OPSUMIT,2.1238145200943697,1.5690220252446476,2.8747767992997875,195,68.71794871794872,2.1238145200943697,Undirected,mild
ATORVASTATIN,SODIUM CHLORIDE,2.12350191926392,1.5481709096501777,2.9126373406256927,179,68.71508379888269,2.12350191926392,Undirected,mild
AMLODIPINE,LORAZEPAM,2.123434508722208,1.68013428514001,2.6836986499900988,326,68.71165644171779,2.123434508722208,Undirected,mild
MIRTAZAPINE,QUETIAPINE,2.1233948043113764,1.8070427761378456,2.495129365234576,687,68.70451237263464,2.1233948043113764,Undirected,mild
INFLIXIMAB,TOFACITINIB,2.1231338344525934,1.5246541798540805,2.95653751425047,163,68.71165644171779,2.1231338344525934,Undirected,mild
ATORVASTATIN,JARDIANCE,2.1229627027201654,1.8169608072427716,2.48049964488789,738,68.69918699186992,2.1229627027201654,Undirected,mild
CETIRIZINE,SERTRALINE,2.122692172549952,1.4978339950792916,3.0082252600805126,147,68.70748299319727,2.122692172549952,Undirected,mild
SPIRONOLACTONE,ZYRTEC,2.122692172549952,1.4978339950792916,3.0082252600805126,147,68.70748299319727,2.122692172549952,Undirected,mild
FAMOTIDINE,MAGNESIUM,2.122391390761021,1.6345599706685618,2.7558152018944084,262,68.70229007633588,2.122391390761021,Undirected,mild
UPTRAVI,WINREVAIR,2.1221500145380885,1.4668321942279507,3.07023577879294,131,68.70229007633588,2.1221500145380885,Undirected,mild
LISINOPRIL,TRELEGY ELLIPTA,2.1221500145380885,1.4668321942279507,3.07023577879294,131,68.70229007633588,2.1221500145380885,Undirected,mild
ALBUTEROL,FLUTICASONA,2.121640865106659,1.729533666732321,2.602643734015966,428,68.69158878504673,2.121640865106659,Undirected,mild
NIFEDIPINE,SPIRONOLACTONE,2.1214654863892153,1.4303980897694917,3.146407872137122,115,68.69565217391305,2.1214654863892153,Undirected,mild
DIAZEPAM,EPIDIOLEX,2.1214654863892153,1.4303980897694917,3.146407872137122,115,68.69565217391305,2.1214654863892153,Undirected,mild
AMLODIPINE,OXAZEPAM,2.1214654863892153,1.4303980897694917,3.146407872137122,115,68.69565217391305,2.1214654863892153,Undirected,mild
LOSARTAN,PERPRAZOLE,2.1214654863892153,1.4303980897694917,3.146407872137122,115,68.69565217391305,2.1214654863892153,Undirected,mild
FOLIC ACID,LEVOFLOXACIN,2.1214654863892153,1.4303980897694917,3.146407872137122,115,68.69565217391305,2.1214654863892153,Undirected,mild
AZITHROMYCIN,POTASSIUM CHLORIDE,2.1214654863892153,1.4303980897694917,3.146407872137122,115,68.69565217391305,2.1214654863892153,Undirected,mild
OLANZAPINE,ONDANSETRON,2.1205412983783933,1.7362737705012892,2.5898539012255286,447,68.68008948545862,2.1205412983783933,Undirected,mild
CLONIDINE,FUROSEMIDE,2.12017511577693,1.5499348962719752,2.90021376534704,182,68.68131868131869,2.12017511577693,Undirected,mild
ATORVASTATIN,ONDANSETRON,2.119523837799147,1.799525704790299,2.4964251897264935,667,68.66566716641678,2.119523837799147,Undirected,mild
MENTHOL/MINERAL OIL/VITAMIN A,OXYGEN,2.1194932344683943,1.5267816355873327,2.942301286738484,166,68.67469879518072,2.1194932344683943,Undirected,mild
GABAPENTIN,LASIX,2.1193931088498097,1.6709259306682118,2.6882263704195175,316,68.67088607594937,2.1193931088498097,Undirected,mild
OMEPRAZOLE,PANTOPRAZOLE,2.1193931088498097,1.6709259306682118,2.6882263704195175,316,68.67088607594937,2.1193931088498097,Undirected,mild
ALBUTEROL SULFATE,BUDESONIDE,2.118947979157957,1.6601718960080107,2.704503400626127,300,68.66666666666667,2.118947979157957,Undirected,mild
CARVEDILOL,PREDNISONE,2.1188920674662133,1.6994154137010753,2.641910599006122,367,68.66485013623979,2.1188920674662133,Undirected,mild
PANTOPRAZOLE SODIUM,TRAZODONE,2.1186725764141165,1.500428477057998,2.9916610852725904,150,68.66666666666667,2.1186725764141165,Undirected,mild
CHOLECALCIFEROL,FOLIC ACID,2.118139810603916,1.8660655353196085,2.4042651087796703,1113,68.64330637915543,2.118139810603916,Undirected,mild
ATORVASTATIN,NIFEDIPINE,2.1179093339378996,1.6360765643388937,2.7416442754277797,268,68.65671641791045,2.1179093339378996,Undirected,mild
DEXAMETHASONE,ROSUVASTATIN,2.1179093339378996,1.6360765643388937,2.7416442754277797,268,68.65671641791045,2.1179093339378996,Undirected,mild
CARVEDILOL,TAMSULOSIN,2.117786442428155,1.5719562363824926,2.8531452160867885,201,68.65671641791045,2.117786442428155,Undirected,mild
LIPITOR,SPIRONOLACTONE,2.11766357793431,1.470041005919142,3.0505945148826745,134,68.65671641791045,2.11766357793431,Undirected,mild
AMLODIPINE,GLIPIZIDE,2.11766357793431,1.470041005919142,3.0505945148826745,134,68.65671641791045,2.11766357793431,Undirected,mild
ATORVASTATIN,VALACICLOVIR,2.11766357793431,1.470041005919142,3.0505945148826745,134,68.65671641791045,2.11766357793431,Undirected,mild
ALLOPURINOL,TYLENOL,2.117003910204309,1.6607270047841265,2.698640741620806,303,68.64686468646865,2.117003910204309,Undirected,mild
ALLOPURINOL,CARVEDILOL,2.1167097908615684,1.7158279710214053,2.6112526514310623,405,68.64197530864197,2.1167097908615684,Undirected,mild
ALBUTEROL SULFATE,TYVASO DPI,2.116408985768196,1.649239416104685,2.715910710901934,287,68.6411149825784,2.116408985768196,Undirected,mild
MAGNESIUM,SODIUM BICARBONATE,2.1163898841709914,1.4344387122101958,3.1225496800207355,118,68.64406779661016,2.1163898841709914,Undirected,mild
FAMOTIDINE,LASIX,2.1163898841709914,1.4344387122101958,3.1225496800207355,118,68.64406779661016,2.1163898841709914,Undirected,mild
ELIQUIS,VALACICLOVIR,2.1163898841709914,1.4344387122101958,3.1225496800207355,118,68.64406779661016,2.1163898841709914,Undirected,mild
HUMAN IMMUNOGLOBULIN G,PIRIDOSTIGMINA,2.1163898841709914,1.4344387122101958,3.1225496800207355,118,68.64406779661016,2.1163898841709914,Undirected,mild
CARVEDILOL,LT4,2.116299621856765,1.6817680844013616,2.6631044619123707,338,68.63905325443787,2.116299621856765,Undirected,mild
ACTEMRA,ARAVA,2.116221915818093,1.7301278631982304,2.5884764312796253,440,68.63636363636364,2.116221915818093,Undirected,mild
ALLOPURINOL,XARELTO,2.115990184031598,1.5288750518915366,2.928567938484301,169,68.63905325443787,2.115990184031598,Undirected,mild
MAGNESIUM,METFORMIN HYDROCHLORIDE,2.115990184031598,1.5288750518915366,2.928567938484301,169,68.63905325443787,2.115990184031598,Undirected,mild
METOCLOPRAMIDE,POTASSIUM CHLORIDE,2.115990184031598,1.5288750518915366,2.928567938484301,169,68.63905325443787,2.115990184031598,Undirected,mild
METOPROLOL,TORSEMIDE,2.1157282436341327,1.67187904906958,2.677410189093695,322,68.63354037267081,2.1157282436341327,Undirected,mild
HYDROCHLOROTHIAZIDE,SIMVASTATIN,2.1157282436341327,1.67187904906958,2.677410189093695,322,68.63354037267081,2.1157282436341327,Undirected,mild
ACYCLOVIR,ONDANSETRON,2.115426535968692,1.791653265517769,2.497709526283403,647,68.6244204018547,2.115426535968692,Undirected,mild
AMLODIPINE,CALCIUM CARBONATE,2.115193729054219,1.6913762732868325,2.6452094558095767,357,68.62745098039215,2.115193729054219,Undirected,mild
CARVEDILOL,FAMOTIDINE,2.1149138959055747,1.5733981462166533,2.842802883586589,204,68.62745098039215,2.1149138959055747,Undirected,mild
FLUTICASONA,ONDANSETRON,2.114820649394717,1.5029742253805625,2.975743897387087,153,68.62745098039215,2.114820649394717,Undirected,mild
LITHIUM,VALPROIC ACID,2.114820649394717,1.5029742253805625,2.975743897387087,153,68.62745098039215,2.114820649394717,Undirected,mild
ACETAMINOPHEN,CODEINE,2.1147561144864393,1.8190628190034424,2.4585151084599888,787,68.61499364675984,2.1147561144864393,Undirected,mild
LANSOPRAZOLE,OXYCODONE HYDROCHLORIDE,2.114727418480014,1.3918826588320172,3.212966284258354,102,68.62745098039215,2.114727418480014,Undirected,mild
ATORVASTATIN,BENZONATATE,2.114727418480014,1.3918826588320172,3.212966284258354,102,68.62745098039215,2.114727418480014,Undirected,mild
CYANOCOBALAMIN,ENTRESTO,2.114727418480014,1.3918826588320172,3.212966284258354,102,68.62745098039215,2.114727418480014,Undirected,mild
LEVOTHYROXINE SODIUM,TAMSULOSIN HYDROCHLORIDE,2.114727418480014,1.3918826588320172,3.212966284258354,102,68.62745098039215,2.114727418480014,Undirected,mild
ASPIRIN,TADALAFIL,2.1142037624996397,1.700316993799065,2.628837778878224,376,68.61702127659575,2.1142037624996397,Undirected,mild
ATORVASTATIN CALCIUM,ONDANSETRON HYDROCHLORIDE,2.113860281707392,1.5533913393608985,2.87654834770642,188,68.61702127659575,2.113860281707392,Undirected,mild
CYANOCOBALAMIN,ELIQUIS,2.1135590465320324,1.7991339654014566,2.4829345279914183,688,68.6046511627907,2.1135590465320324,Undirected,mild
CYANOCOBALAMIN,HYDROMORPHONE,2.113386020349094,1.473178932092353,3.031811257756289,137,68.61313868613139,2.113386020349094,Undirected,mild
ONDANSETRON,XARELTO,2.113386020349094,1.473178932092353,3.031811257756289,137,68.61313868613139,2.113386020349094,Undirected,mild
PREDNISONE,PREGABALIN,2.112885191625677,1.7834226906470856,2.5032113006094363,621,68.59903381642512,2.112885191625677,Undirected,mild
JARDIANCE,MOUNJARO,2.1124484275909974,1.650525070146998,2.703647730012514,293,68.60068259385666,2.1124484275909974,Undirected,mild
ALLOPURINOL,PANTOPRAZOLE,2.11224209206251,1.8326117680880896,2.43454000087276,885,68.58757062146893,2.11224209206251,Undirected,mild
CALCIUM CARBONATE / CHOLECALCIFEROL / MAGNESIUM OXIDE,DENOSUMAB,2.1115816537501497,1.4383737300037336,3.0998738279533535,121,68.59504132231406,2.1115816537501497,Undirected,mild
COMPAZINE,ZOFRAN,2.1115816537501497,1.4383737300037336,3.0998738279533535,121,68.59504132231406,2.1115816537501497,Undirected,mild
CLOPIDOGREL,FOLIC ACID,2.111410299480343,1.6623852282918274,2.681721045688379,312,68.58974358974359,2.111410299480343,Undirected,mild
APIXABAN,PANTOPRAZOLE SODIUM,2.1111261260382572,1.5054726765579425,2.9604346790479696,156,68.58974358974359,2.1111261260382572,Undirected,mild
IBUPROFEN,OZEMPIC,2.1111261260382572,1.5054726765579425,2.9604346790479696,156,68.58974358974359,2.1111261260382572,Undirected,mild
APIXABAN,SIMVASTATIN,2.1111261260382572,1.5054726765579425,2.9604346790479696,156,68.58974358974359,2.1111261260382572,Undirected,mild
CITALOPRAM,IBUPROFEN,2.1111261260382572,1.5054726765579425,2.9604346790479696,156,68.58974358974359,2.1111261260382572,Undirected,mild
LAMOTRIGINE,VENLAFAXINE,2.110595283119616,1.6251043671960466,2.741123917359692,261,68.5823754789272,2.110595283119616,Undirected,mild
ALLOPURINOL,PREDNISONE,2.110576907393259,1.8243486741829844,2.4417124560997703,840,68.57142857142857,2.110576907393259,Undirected,mild
ASPIRIN,IRBESARTAN,2.110532172533171,1.651164302434936,2.6977000682057253,296,68.58108108108108,2.110532172533171,Undirected,mild
CLOTRIMAZOLE,PREDNISONE,2.1104958831922453,1.6733058567041506,2.6619119601629055,331,68.58006042296071,2.1104958831922453,Undirected,mild
HYDROCHLOROTHIAZIDE,RAMIPRIL,2.1104787206622344,1.6924347440910676,2.6317826704510336,366,68.5792349726776,2.1104787206622344,Undirected,mild
CARVEDILOL,PANTOPRAZOLE,2.110475677454392,1.7091866182550273,2.6059808434926435,401,68.5785536159601,2.110475677454392,Undirected,mild
MAGNESIUM,SPIRONOLACTONE,2.1096212778523453,1.6629352859282929,2.67629292229672,315,68.57142857142857,2.1096212778523453,Undirected,mild
ALBUTEROL SULFATE,BENZONATATE,2.109430349262298,1.5762326061623624,2.8229947667574846,210,68.57142857142857,2.109430349262298,Undirected,mild
AMOXICILLIN,DEXAMETHASONE,2.109430349262298,1.5762326061623624,2.8229947667574846,210,68.57142857142857,2.109430349262298,Undirected,mild
ASPIRIN,NOVOLOG,2.1093667209991795,1.5329629472400883,2.902501963057541,175,68.57142857142857,2.1093667209991795,Undirected,mild
ALBUTEROL,VITAMIN D2,2.1093667209991795,1.5329629472400883,2.902501963057541,175,68.57142857142857,2.1093667209991795,Undirected,mild
METOPROLOL,RIVAROXABAN,2.1093031000340834,1.4762485285546978,3.013828282809052,140,68.57142857142857,2.1093031000340834,Undirected,mild
ACETAMINOPHEN / HYDROCODONE,ALLOPURINOL,2.1092394863657544,1.3969287209643422,3.1847660829632507,105,68.57142857142857,2.1092394863657544,Undirected,mild
KETOPROFEN,PANTOPRAZOLE,2.1092394863657544,1.3969287209643422,3.1847660829632507,105,68.57142857142857,2.1092394863657544,Undirected,mild
PEPCID,VITAMINS,2.1092394863657544,1.3969287209643422,3.1847660829632507,105,68.57142857142857,2.1092394863657544,Undirected,mild
HUMIRA,MAGNESIUM,2.1092394863657544,1.3969287209643422,3.1847660829632507,105,68.57142857142857,2.1092394863657544,Undirected,mild
EPIDIOLEX,LEVETIRACETAM,2.1092394863657544,1.3969287209643422,3.1847660829632507,105,68.57142857142857,2.1092394863657544,Undirected,mild
MORPHINE,OXAZEPAM,2.1092394863657544,1.3969287209643422,3.1847660829632507,105,68.57142857142857,2.1092394863657544,Undirected,mild
AMLODIPINE,METFORMIN HYDROCHLORIDE,2.10896140074842,1.6927886195391804,2.627450432090877,369,68.56368563685636,2.10896140074842,Undirected,mild
ADALIMUMAB,HUMIRA,2.1088183758772105,1.6737803109609593,2.656928698058466,334,68.562874251497,2.1088183758772105,Undirected,mild
ACETAMINOPHEN,CALCIUM PHOSPHATE / CHOLECALCIFEROL,2.107960120496626,1.5567552375231473,2.8543317295491546,194,68.55670103092784,2.107960120496626,Undirected,mild
FLUOXETINE,OLANZAPINE,2.1075872512422262,1.6398030013485052,2.7088156430656065,283,68.55123674911661,2.1075872512422262,Undirected,mild
AMOXICILLIN / CLAVULANATE,ATORVASTATIN,2.107579562127519,1.5079252181194462,2.945697543434659,159,68.55345911949685,2.107579562127519,Undirected,mild
ACYCLOVIR,AZACITIDINE,2.107579562127519,1.5079252181194462,2.945697543434659,159,68.55345911949685,2.107579562127519,Undirected,mild
METFORMIN HYDROCHLORIDE,PANTOPRAZOLE,2.107245115488088,1.6117170784529826,2.7551249757870857,248,68.54838709677419,2.107245115488088,Undirected,mild
ASCORBIC ACID,RETINOL,2.107020228068634,1.4422077523761914,3.078290374029533,124,68.54838709677419,2.107020228068634,Undirected,mild
CALCIUM,HYDROXYCHLOROQUINE SULFATE,2.107020228068634,1.4422077523761914,3.078290374029533,124,68.54838709677419,2.107020228068634,Undirected,mild
EMPAGLIFLOZIN,METFORMIN HYDROCHLORIDE,2.107020228068634,1.4422077523761914,3.078290374029533,124,68.54838709677419,2.107020228068634,Undirected,mild
GLYBURIDE,METFORMIN,2.107020228068634,1.4422077523761914,3.078290374029533,124,68.54838709677419,2.107020228068634,Undirected,mild
ASPIRIN,SERTRALINE HYDROCHLORIDE,2.1068115417901425,1.577625585277538,2.813503352152661,213,68.54460093896714,2.1068115417901425,Undirected,mild
ALPRAZOLAM,FUROSEMIDE,2.106555249776243,1.6842267126285948,2.6347848464142145,356,68.53932584269663,2.106555249776243,Undirected,mild
ACETAMINOPHEN,AMOXICILLIN,2.106443724702166,1.7874336889682207,2.4823886853662307,661,68.53252647503783,2.106443724702166,Undirected,mild
FUROSEMIDE,SYMBICORT,2.106393922756816,1.6268215537078865,2.727339914887519,267,68.53932584269663,2.106393922756816,Undirected,mild
CIPROFLOXACIN,FUROSEMIDE,2.1062326427709435,1.5349589761646434,2.890120201491322,178,68.53932584269663,2.1062326427709435,Undirected,mild
CYTARABINE,POSACONAZOLE,2.1062326427709435,1.5349589761646434,2.890120201491322,178,68.53932584269663,2.1062326427709435,Undirected,mild
ACETAMINOPHEN,CETIRIZINE HYDROCHLORIDE,2.106193338971919,1.8022598951950868,2.4613821752103617,734,68.52861035422343,2.106193338971919,Undirected,mild
ALBUTEROL,IPRATROPIUM,2.1058573635882563,1.5961376178471955,2.778353937776452,232,68.53448275862068,2.1058573635882563,Undirected,mild
LEVOTHYROXINE SODIUM,MAGNESIUM,2.1058573635882563,1.5961376178471955,2.778353937776452,232,68.53448275862068,2.1058573635882563,Undirected,mild
ADVAIR HFA,GABAPENTIN,2.105401841174108,1.479252232049552,2.996593019621576,143,68.53146853146853,2.105401841174108,Undirected,mild
ATORVASTATIN,SEMAGLUTIDE,2.105401841174108,1.479252232049552,2.996593019621576,143,68.53146853146853,2.105401841174108,Undirected,mild
CHOLECALCIFEROL,ZOPICLONE,2.10426988936331,1.579002689480033,2.804271200284786,216,68.51851851851852,2.10426988936331,Undirected,mild
AZACITIDINE,ONDANSETRON,2.1041722541682057,1.5103331895752543,2.9314994239492616,162,68.51851851851852,2.1041722541682057,Undirected,mild
ACETAMINOPHEN,CANNABIS SATIVA SUBSP. INDICA TOP,2.1040746362366143,1.4018205880966192,3.1581288735852873,108,68.51851851851852,2.1040746362366143,Undirected,mild
MAGNESIUM,TAMSULOSIN,2.1040746362366143,1.4018205880966192,3.1581288735852873,108,68.51851851851852,2.1040746362366143,Undirected,mild
LASIX,TYLENOL,2.1029163768812156,1.613699371388648,2.7404468059931775,254,68.50393700787401,2.1029163768812156,Undirected,mild
CHOLECALCIFEROL,METFORMIN,2.1028813124546137,1.7553774676500435,2.519178863672438,546,68.4981684981685,2.1028813124546137,Undirected,mild
ATORVASTATIN,ELIQUIS,2.1028628154806084,1.8641941683408672,2.372087680473027,1228,68.48534201954396,2.1028628154806084,Undirected,mild
DILTIAZEM,PREDNISONE,2.102813441451145,1.6651199505898395,2.655559059262519,327,68.50152905198776,2.102813441451145,Undirected,mild
EPINEPHRINE,TRAZODONE HYDROCHLORIDE,2.1026870967741935,1.4459451158142458,3.05771842830352,127,68.50393700787401,2.1026870967741935,Undirected,mild
HYDRALAZINE,LOSARTAN,2.1026870967741935,1.4459451158142458,3.05771842830352,127,68.50393700787401,2.1026870967741935,Undirected,mild
OXYCODONE,SPIRONOLACTONE,2.1026870967741935,1.4459451158142458,3.05771842830352,127,68.50393700787401,2.1026870967741935,Undirected,mild
ACYCLOVIR,LORAZEPAM,2.1024351395076692,1.5600299609914468,2.83342860481182,200,68.5,2.1024351395076692,Undirected,mild
MELATONINA,OLANZAPINE,2.1018020374164683,1.580364141286397,2.795287294289131,219,68.4931506849315,2.1018020374164683,Undirected,mild
FUROSEMIDE,MIRALAX,2.1016703962857504,1.4821923661868053,2.980057484702503,146,68.4931506849315,2.1016703962857504,Undirected,mild
CLONAZEPAM,OXYCODONE,2.1016703962857504,1.4821923661868053,2.980057484702503,146,68.4931506849315,2.1016703962857504,Undirected,mild
HYDROCHLOROTHIAZIDE,LEVOTHYROXINE SODIUM,2.1004548383316264,1.6293539499409928,2.707766798018636,276,68.47826086956522,2.1004548383316264,Undirected,mild
ATORVASTATIN,DOCUSATE SODIUM,2.100289163024214,1.5388589424404466,2.8665490037191423,184,68.47826086956522,2.100289163024214,Undirected,mild
DIAZEPAM,OXAZEPAM,2.0996045433296695,1.6662020079226283,2.645741163081887,333,68.46846846846847,2.0996045433296695,Undirected,mild
METOPROLOL,POTASSIUM CHLORIDE,2.099404823073732,1.5817101648254537,2.786541244508995,222,68.46846846846847,2.099404823073732,Undirected,mild
ATROVENT,PREDNISONE,2.099404823073732,1.5817101648254537,2.786541244508995,222,68.46846846846847,2.099404823073732,Undirected,mild
METFORMIN,ZOFRAN,2.099205175354667,1.4065662340806353,3.1329220490751486,111,68.46846846846847,2.099205175354667,Undirected,mild
ALBUTEROL,AZATHIOPRINE,2.099205175354667,1.4065662340806353,3.1329220490751486,111,68.46846846846847,2.099205175354667,Undirected,mild
ENTECAVIR,PREDNISONE,2.099205175354667,1.4065662340806353,3.1329220490751486,111,68.46846846846847,2.099205175354667,Undirected,mild
CEFTRIAXONE,METRONIDAZOLE,2.098751790562335,1.7115779721266624,2.573507692971548,428,68.45794392523365,2.098751790562335,Undirected,mild
MYCOPHENOLATE MOFETIL,SULFAMETHOXAZOLE / TRIMETHOPRIM,2.098600035028417,1.7874026291560403,2.463978756202664,691,68.45151953690304,2.098600035028417,Undirected,mild
ACETAMINOPHEN,CLINDAMYCIN,2.098565555402602,1.449589903570866,3.038085033203968,130,68.46153846153847,2.098565555402602,Undirected,mild
FUROSEMIDE,INSULIN ASPART,2.098565555402602,1.449589903570866,3.038085033203968,130,68.46153846153847,2.098565555402602,Undirected,mild
OXYCODONE,ZOFRAN,2.0980979261820565,1.485071147185283,2.9641777878405136,149,68.45637583892618,2.0980979261820565,Undirected,mild
FOLIC ACID,LOPERAMIDE,2.0980979261820565,1.485071147185283,2.9641777878405136,149,68.45637583892618,2.0980979261820565,Undirected,mild
DAUNORUBICIN,MERCAPTOPURINE,2.0980979261820565,1.485071147185283,2.9641777878405136,149,68.45637583892618,2.0980979261820565,Undirected,mild
DULOXETINE HYDROCHLORIDE,PREGABALIN,2.097743876464132,1.515020547024822,2.9046004556733354,168,68.45238095238095,2.097743876464132,Undirected,mild
PREDNISOLONE,SPIRONOLACTONE,2.097743876464132,1.515020547024822,2.9046004556733354,168,68.45238095238095,2.097743876464132,Undirected,mild
ERELZI,METHOTREXATE SODIUM,2.097743876464132,1.515020547024822,2.9046004556733354,168,68.45238095238095,2.097743876464132,Undirected,mild
ADEMPAS,UPTRAVI,2.0974687555198996,1.5407643250184246,2.855319992127666,187,68.44919786096256,2.0974687555198996,Undirected,mild
CANDESARTAN,PREGABALIN,2.0974687555198996,1.5407643250184246,2.855319992127666,187,68.44919786096256,2.0974687555198996,Undirected,mild
BUDESONIDE,GABAPENTIN,2.0974687555198996,1.5407643250184246,2.855319992127666,187,68.44919786096256,2.0974687555198996,Undirected,mild
BISOPROLOL FUMARATE,PREDNISONE,2.0974687555198996,1.5407643250184246,2.855319992127666,187,68.44919786096256,2.0974687555198996,Undirected,mild
BACLOFEN,IBUPROFEN,2.0972507067358017,1.563218823192288,2.8137202940798867,206,68.44660194174757,2.0972507067358017,Undirected,mild
RISPERIDONE,VALPROIC ACID,2.0970752616494073,1.5830409851234062,2.778023244091248,225,68.44444444444444,2.0970752616494073,Undirected,mild
JARDIANCE,PANTOPRAZOLE,2.0965713590347104,1.6561829864895288,2.6540614771328253,320,68.4375,2.0965713590347104,Undirected,mild
ASPIRIN,CHOLECALCIFEROL,2.0963433098956714,1.8441019307941715,2.3830869647491553,1083,68.42105263157895,2.0963433098956714,Undirected,mild
ASPIRIN,FERROUS SULFATE,2.09562748085274,1.7834850816685277,2.4624004897179272,684,68.42105263157895,2.09562748085274,Undirected,mild
AMLODIPINE BESYLATE,FAMOTIDINE,2.0948105342736714,1.5843568274801747,2.769724028319533,228,68.42105263157895,2.0948105342736714,Undirected,mild
MORPHINE SULFATE,OXYCODONE,2.0946744949416503,1.4878906893998527,2.9489137011327355,152,68.42105263157895,2.0946744949416503,Undirected,mild
ASCORBIC ACID,CELEBREX,2.0946744949416503,1.4878906893998527,2.9489137011327355,152,68.42105263157895,2.0946744949416503,Undirected,mild
ATORVASTATIN,FENTANYL,2.094640490390987,1.453145963642953,3.0193242067618185,133,68.42105263157895,2.094640490390987,Undirected,mild
DONEPEZILO,QUETIAPINE,2.094640490390987,1.453145963642953,3.0193242067618185,133,68.42105263157895,2.094640490390987,Undirected,mild
MENTHOL/MINERAL OIL/VITAMIN A,SODIUM CHLORIDE,2.0946064879528676,1.4111730608352355,3.1090278443789705,114,68.42105263157895,2.0946064879528676,Undirected,mild
DONEPEZILO,TRAZODONE,2.0946064879528676,1.4111730608352355,3.1090278443789705,114,68.42105263157895,2.0946064879528676,Undirected,mild
FUROSEMIDE,WARFARIN,2.0934208776061873,1.6574094063728997,2.644133039155362,326,68.40490797546013,2.0934208776061873,Undirected,mild
CARBIDOPA / LEVODOPA,PANTOPRAZOLE,2.0929875798044977,1.6185139486711977,2.706554993123393,269,68.40148698884758,2.0929875798044977,Undirected,mild
ASPIRIN,CYCLOPHOSPHAMIDE,2.0928096088974986,1.6029394470005072,2.7323877188807586,250,68.4,2.0928096088974986,Undirected,mild
DEXAMETHASONE,DOCETAXEL,2.092607976535323,1.5856579169262428,2.7616348373221973,231,68.3982683982684,2.092607976535323,Undirected,mild
BISOPROLOL,CALCIUM CARBONATE,2.0917836663083613,1.5195445503611935,2.879519988798213,174,68.39080459770115,2.0917836663083613,Undirected,mild
ALBUTEROL,CLONAZEPAM,2.0917836663083613,1.5195445503611935,2.879519988798213,174,68.39080459770115,2.0917836663083613,Undirected,mild
ASPIRIN,OPSUMIT,2.0911406732708797,1.6194530561681408,2.7002136917476487,272,68.38235294117648,2.0911406732708797,Undirected,mild
CLOZAPINE,OLANZAPINE,2.0904272431813893,1.779608587823748,2.4555321259596754,686,68.36734693877551,2.0904272431813893,Undirected,mild
AMLODIPINE,DIPYRONE,2.090256619428174,1.4156479499659058,3.0863413005814953,117,68.37606837606837,2.090256619428174,Undirected,mild
CARBIDOPA / LEVODOPA,NEUPRO,2.090256619428174,1.4156479499659058,3.0863413005814953,117,68.37606837606837,2.090256619428174,Undirected,mild
ACYCLOVIR,SODIUM CHLORIDE,2.0895542822360365,1.5463103645349736,2.823648601569083,196,68.36734693877551,2.0895542822360365,Undirected,mild
CYTARABINE,FILGRASTIM,2.0893363270109573,1.6203843602499213,2.6940066779553145,275,68.36363636363636,2.0893363270109573,Undirected,mild
METOPROLOL TARTRATE,PREDNISONE,2.0893363270109573,1.6203843602499213,2.6940066779553145,275,68.36363636363636,2.0893363270109573,Undirected,mild
ALBUTEROL,AZITHROMYCIN,2.0889896102443775,1.6981049112420898,2.5698515815003264,414,68.35748792270532,2.0889896102443775,Undirected,mild
FOLIC ACID,OLANZAPINE,2.08896344881407,1.5217481683262002,2.867602131094375,177,68.36158192090396,2.08896344881407,Undirected,mild
AMLODIPINE BESYLATE,ELIQUIS,2.08866041781711,1.6895105956948089,2.582110080914806,395,68.35443037974683,2.08866041781711,Undirected,mild
CLOPIDOGREL,POTASSIUM CHLORIDE,2.08823897973375,1.493360037104822,2.920087539595359,158,68.35443037974683,2.08823897973375,Undirected,mild
LOPERAMIDE,VITAMIN D3,2.0877850343489324,1.5693518008010006,2.7774819816860745,218,68.34862385321101,2.0877850343489324,Undirected,mild
FENTANYL,OXYCODONE HYDROCHLORIDE,2.087474241630993,1.6598264935074083,2.6253037450106462,338,68.34319526627219,2.087474241630993,Undirected,mild
GABAPENTIN,KEPPRA,2.0873262049975105,1.4600062145026578,2.984186397832197,139,68.34532374100719,2.0873262049975105,Undirected,mild
FLUCONAZOLE,PREDNISOLONE,2.0870839099592287,1.5481045411065812,2.8137113040809902,199,68.34170854271356,2.0870839099592287,Undirected,mild
CARBIDOPA / LEVODOPA,TAMSULOSIN,2.0870839099592287,1.5481045411065812,2.8137113040809902,199,68.34170854271356,2.0870839099592287,Undirected,mild
AMLODIPINE,METOPROLOL SUCCINATE,2.0864552389669577,1.6358525594030158,2.661178380159974,300,68.33333333333333,2.0864552389669577,Undirected,mild
METOPROLOL SUCCINATE,PANTOPRAZOLE SODIUM,2.0863487805151095,1.5894749045821122,2.7385466869647055,240,68.33333333333333,2.0863487805151095,Undirected,mild
CARVEDILOL,ELIQUIS,2.086233585667334,1.6903123483636873,2.574891308212776,401,68.3291770573566,2.086233585667334,Undirected,mild
ELIQUIS,LEVOFLOXACIN,2.0861359261883936,1.41999730886033,3.0647685565170057,120,68.33333333333333,2.0861359261883936,Undirected,mild
FUROSEMIDE,PRAMIPEXOLE,2.0861359261883936,1.41999730886033,3.0647685565170057,120,68.33333333333333,2.0861359261883936,Undirected,mild
DOMPERIDONE,PANTOPRAZOLE SODIUM,2.0861359261883936,1.41999730886033,3.0647685565170057,120,68.33333333333333,2.0861359261883936,Undirected,mild
FOLINIC ACID,PEMBROLIZUMAB,2.0861359261883936,1.41999730886033,3.0647685565170057,120,68.33333333333333,2.0861359261883936,Undirected,mild
ASCORBIC ACID,PANTOPRAZOLE SODIUM,2.085759226176682,1.6812310723624302,2.587622618387652,382,68.32460732984293,2.085759226176682,Undirected,mild
PANTOPRAZOLE SODIUM,TRAZODONE HYDROCHLORIDE,2.08521076450567,1.496013608429319,2.906460147094145,161,68.32298136645963,2.08521076450567,Undirected,mild
ELIQUIS,FARXIGA,2.084690876307507,1.5498725216757003,2.804060326884818,202,68.31683168316832,2.084690876307507,Undirected,mild
FUROSEMIDE,POTASSIUM,2.084665084281776,1.6610168530138685,2.6163662973907584,344,68.31395348837209,2.084665084281776,Undirected,mild
FARXIGA,LT4,2.0845120460768713,1.3706929757459865,3.170068386667523,101,68.31683168316832,2.0845120460768713,Undirected,mild
LANTUS SOLOSTAR,METFORMIN,2.0845120460768713,1.3706929757459865,3.170068386667523,101,68.31683168316832,2.0845120460768713,Undirected,mild
ANAKINRA,CYCLOPHOSPHAMIDE,2.0845120460768713,1.3706929757459865,3.170068386667523,101,68.31683168316832,2.0845120460768713,Undirected,mild
CARVEDILOL,FINASTERIDE,2.0845120460768713,1.3706929757459865,3.170068386667523,101,68.31683168316832,2.0845120460768713,Undirected,mild
METOPROLOL SUCCINATE,TYLENOL,2.084370998115767,1.590719212047052,2.7312189510775897,243,68.3127572016461,2.084370998115767,Undirected,mild
TRAMADOL HYDROCHLORIDE,VITAMIN D3,2.0841644631296945,1.623132086232593,2.6761478909919316,284,68.30985915492957,2.0841644631296945,Undirected,mild
DAPAGLIFLOZIN,LT4,2.084028358662519,1.649699138473712,2.63270683630705,325,68.3076923076923,2.084028358662519,Undirected,mild
METFORMIN,TRAZODONE,2.083939008749999,1.6720115647090985,2.59735152785591,366,68.30601092896174,2.083939008749999,Undirected,mild
ASPIRIN,MOVICOL,2.083913169304457,1.4633170676241565,2.9677054913678766,142,68.30985915492957,2.083913169304457,Undirected,mild
APIXABAN,METHOTREXATE,2.083913169304457,1.4633170676241565,2.9677054913678766,142,68.30985915492957,2.083913169304457,Undirected,mild
OXYCODONE,SENNOSIDES,2.083913169304457,1.4633170676241565,2.9677054913678766,142,68.30985915492957,2.083913169304457,Undirected,mild
AMLODIPINE,POTASSIUM,2.0836152221789512,1.5260440296760032,2.8449063786302298,183,68.30601092896174,2.0836152221789512,Undirected,mild
SILDENAFIL CITRATE,TYVASO DPI,2.0834529106412663,1.5723020846123157,2.7607773807218954,224,68.30357142857143,2.0834529106412663,Undirected,mild
ACETAMINOPHEN,LT4,2.082921341524409,1.8267400233694933,2.375029429187848,1031,68.28322017458778,2.082921341524409,Undirected,mild
APIXABAN,CLOPIDOGREL,2.0825164830174496,1.62403282059837,2.6704355029238007,287,68.29268292682927,2.0825164830174496,Undirected,mild
ONDANSETRON,VENLAFAXINE,2.082299190742945,1.4986154820130777,2.893317179630529,164,68.29268292682927,2.082299190742945,Undirected,mild
ONDANSETRON,TRAMADOL HYDROCHLORIDE,2.082299190742945,1.4986154820130777,2.893317179630529,164,68.29268292682927,2.082299190742945,Undirected,mild
SULFAMETHOXAZOLE / TRIMETHOPRIM,TAVNEOS,2.0822267793687352,1.4242271119318717,3.0442254078699875,123,68.29268292682927,2.0822267793687352,Undirected,mild
PEMETREXED,PREDNISONE,2.0822267793687352,1.4242271119318717,3.0442254078699875,123,68.29268292682927,2.0822267793687352,Undirected,mild
ADEMPAS,OMEPRAZOLE,2.0822267793687352,1.4242271119318717,3.0442254078699875,123,68.29268292682927,2.0822267793687352,Undirected,mild
ATORVASTATIN CALCIUM,PANTOPRAZOLE SODIUM,2.082100174893121,1.682589599574253,2.57646971037197,391,68.28644501278772,2.082100174893121,Undirected,mild
ACETAMINOPHEN,XARELTO,2.081607672179492,1.6093568439555264,2.6924361226355007,268,68.28358208955224,2.081607672179492,Undirected,mild
ALPRAZOLAM,IBUPROFEN,2.0813772873755143,1.5737494708258004,2.752745270268104,227,68.28193832599119,2.0813772873755143,Undirected,mild
PULMOZYME,TRIKAFTA,2.081077307674549,1.528138315239762,2.8340908131986993,186,68.27956989247312,2.081077307674549,Undirected,mild
METHOTREXATE,VALACYCLOVIR HYDROCHLORIDE,2.0806487204869204,1.4665525447233645,2.951888163598295,145,68.27586206896552,2.0806487204869204,Undirected,mild
CHOLECALCIFEROL,ESCITALOPRAM,2.0806487204869204,1.4665525447233645,2.951888163598295,145,68.27586206896552,2.0806487204869204,Undirected,mild
ATORVASTATIN,OLANZAPINE,2.0805659837319945,1.593167103619288,2.717075191189176,249,68.27309236947792,2.0805659837319945,Undirected,mild
MUCINEX,SODIUM CHLORIDE,2.0799395236907783,1.3762694572306813,3.143387655289585,104,68.26923076923077,2.0799395236907783,Undirected,mild
MESALAMINE,RINVOQ,2.0799395236907783,1.3762694572306813,3.143387655289585,104,68.26923076923077,2.0799395236907783,Undirected,mild
BACTRIM DS,PREDNISONE,2.0799395236907783,1.3762694572306813,3.143387655289585,104,68.26923076923077,2.0799395236907783,Undirected,mild
ASPIRIN,CARBIDOPA / LEVODOPA,2.079763793254383,1.7089404509067798,2.5310521694519856,460,68.26086956521739,2.079763793254383,Undirected,mild
CALCIUM CARBONATE,VITAMIN D3,2.079757962272616,1.6834874009280714,2.5693053474898866,397,68.26196473551637,2.079757962272616,Undirected,mild
ELIQUIS,LT4,2.079511568615258,1.7720302342152343,2.4403468295899544,693,68.25396825396825,2.079511568615258,Undirected,mild
SOTATERCEPT,SPIRONOLACTONE,2.079497656100894,1.501167337465719,2.880631888134099,167,68.26347305389223,2.079497656100894,Undirected,mild
ACETAMINOPHEN,ZOLPIDEM TARTRATE,2.078513312990889,1.4283429375931858,3.0246360860369417,126,68.25396825396825,2.078513312990889,Undirected,mild
ALBUTEROL,HYDROXYZINE,2.078513312990889,1.4283429375931858,3.0246360860369417,126,68.25396825396825,2.078513312990889,Undirected,mild
SIMVASTATIN,VALSARTAN,2.078513312990889,1.4283429375931858,3.0246360860369417,126,68.25396825396825,2.078513312990889,Undirected,mild
AMLODIPINE BESYLATE,DIPHENHYDRAMINE,2.078513312990889,1.4283429375931858,3.0246360860369417,126,68.25396825396825,2.078513312990889,Undirected,mild
ACYCLOVIR,LASIX,2.078513312990889,1.4283429375931858,3.0246360860369417,126,68.25396825396825,2.078513312990889,Undirected,mild
MIRTAZAPINE,OLANZAPINE,2.078282423900714,1.7237563860235623,2.505724050402785,507,68.24457593688363,2.078282423900714,Undirected,mild
FAMOTIDINE,PREDNISONE,2.0781316330229687,1.7533100042540282,2.463130349848278,614,68.24104234527687,2.0781316330229687,Undirected,mild
ENOXAPARIN,PREDNISONE,2.077523374278974,1.4697155413095115,2.936693019405551,148,68.24324324324324,2.077523374278974,Undirected,mild
ALBUTEROL SULFATE,XARELTO,2.077523374278974,1.4697155413095115,2.936693019405551,148,68.24324324324324,2.077523374278974,Undirected,mild
LISINOPRIL,VENLAFAXINE,2.077523374278974,1.4697155413095115,2.936693019405551,148,68.24324324324324,2.077523374278974,Undirected,mild
AMOXICILLIN / CLAVULANATE,OMEPRAZOLE,2.077523374278974,1.4697155413095115,2.936693019405551,148,68.24324324324324,2.077523374278974,Undirected,mild
AMLODIPINE,FAMOTIDINE,2.0765232018110025,1.7242363835678445,2.5007873913070995,513,68.2261208576998,2.0765232018110025,Undirected,mild
CIPROFLOXACIN,DEXAMETHASONE,2.0762515486282593,1.5322244311491404,2.813439340572457,192,68.22916666666666,2.0762515486282593,Undirected,mild
ACETAMINOPHEN,PREDNISOLONE,2.076057911032532,1.7882077659593736,2.4102436707898076,796,68.21608040201005,2.076057911032532,Undirected,mild
ANAKINRA,PREDNISONE,2.0758238880258193,1.5566943819565553,2.768073723425879,214,68.22429906542055,2.0758238880258193,Undirected,mild
LORAZEPAM,OMEPRAZOLE,2.0757714773034444,1.7175426121910282,2.5087163459018087,494,68.21862348178138,2.0757714773034444,Undirected,mild
ANASTROZOLE,ASPIRIN,2.075636235656183,1.3816647923293328,3.1181700559263095,107,68.22429906542055,2.075636235656183,Undirected,mild
APIXABAN,GLICLAZIDE,2.075636235656183,1.3816647923293328,3.1181700559263095,107,68.22429906542055,2.075636235656183,Undirected,mild
METOPROLOL TARTRATE,OMEPRAZOLE,2.0755982911689457,1.665086304394345,2.587318299918676,365,68.21917808219177,2.0755982911689457,Undirected,mild
HYDROXYCHLOROQUINE SULFATE,SIMPONI,2.07548323160288,1.577984834342642,2.729830192860638,236,68.22033898305084,2.07548323160288,Undirected,mild
ACETAMINOPHEN,ACYCLOVIR,2.0750068458229363,1.7807385537380116,2.41790317909044,758,68.20580474934037,2.0750068458229363,Undirected,mild
ALLOPURINOL,TRAZODONE,2.0749812089768667,1.4323500014651656,3.005932218524041,129,68.21705426356588,2.0749812089768667,Undirected,mild
JARDIANCE,NOVOLOG,2.0749812089768667,1.4323500014651656,3.005932218524041,129,68.21705426356588,2.0749812089768667,Undirected,mild
TYVASO DPI,VITAMIN D3,2.074792971796839,1.628425827924061,2.643513632613732,302,68.21192052980133,2.074792971796839,Undirected,mild
ALBUTEROL,LACTULOSE,2.074528436770183,1.472808799373803,2.9220821037991747,151,68.21192052980133,2.074528436770183,Undirected,mild
PANTOPRAZOLE SODIUM,XARELTO,2.074200695652703,1.5061273476897714,2.8565370202230307,173,68.20809248554913,2.074200695652703,Undirected,mild
ATORVASTATIN,DONEPEZILO,2.0735073685755165,1.5979059361370866,2.69066702257254,261,68.19923371647509,2.0735073685755165,Undirected,mild
ALLOPURINOL,OMEPRAZOLE,2.073441948960522,1.8018071244515597,2.386027592724611,899,68.18687430478309,2.073441948960522,Undirected,mild
BISOPROLOL,FUROSEMIDE,2.072973192598472,1.8747652559051968,2.292136492126886,1756,68.16628701594533,2.072973192598472,Undirected,mild
HYDROXYZINE,TRAZODONE,2.071732753782308,1.536179991574383,2.7939932993760777,198,68.18181818181817,2.071732753782308,Undirected,mild
PREDNISONE,PROCHLORPERAZINE,2.071732753782308,1.536179991574383,2.7939932993760777,198,68.18181818181817,2.071732753782308,Undirected,mild
METFORMIN,METOPROLOL TARTRATE,2.071694337392708,1.5085385083487477,2.845083107810726,176,68.18181818181817,2.071694337392708,Undirected,mild
CANDESARTAN,CETIRIZINE,2.071694337392708,1.5085385083487477,2.845083107810726,176,68.18181818181817,2.071694337392708,Undirected,mild
AZATHIOPRINE,HYDROCORTISONE,2.0716559237570893,1.4758349175357466,2.9080205485339365,154,68.18181818181817,2.0716559237570893,Undirected,mild
RINVOQ,SULFASALAZINE,2.0716175128751564,1.436253186260263,2.988051940079992,132,68.18181818181817,2.0716175128751564,Undirected,mild
BREZTRI,PREDNISONE,2.0716175128751564,1.436253186260263,2.988051940079992,132,68.18181818181817,2.0716175128751564,Undirected,mild
ALPRAZOLAM,METOCLOPRAMIDE,2.071579104746613,1.3868889963171354,3.094292332420718,110,68.18181818181817,2.071579104746613,Undirected,mild
FAMOTIDINE,NIFEDIPINE,2.071579104746613,1.3868889963171354,3.094292332420718,110,68.18181818181817,2.071579104746613,Undirected,mild
OMEPRAZOLE,ZOFRAN,2.0700435950137206,1.5820670620904866,2.708532772052771,245,68.16326530612244,2.0700435950137206,Undirected,mild
ELIQUIS,TYLENOL,2.069899919026275,1.7261531393000746,2.482100560627121,537,68.15642458100558,2.069899919026275,Undirected,mild
ALBUTEROL SULFATE,NUCALA,2.069830624744079,1.5615638436920063,2.743531000947954,223,68.16143497757847,2.069830624744079,Undirected,mild
ACYCLOVIR,POSACONAZOLE,2.0697665013858395,1.6679006875031728,2.5684583035168447,380,68.15789473684211,2.0697665013858395,Undirected,mild
HYDROXYCHLOROQUINE SULFATE,VITAMIN D3,2.069579474847652,1.5381109636301764,2.784688038762674,201,68.1592039800995,2.069579474847652,Undirected,mild
IBUPROFEN,TRAMADOL HYDROCHLORIDE,2.06889848977251,1.478796360408815,2.8944762616264943,157,68.15286624203821,2.06889848977251,Undirected,mild
COSENTYX,PREDNISONE,2.068754089343726,1.712589637214313,2.4989894772093746,496,68.14516129032258,2.068754089343726,Undirected,mild
ASPIRIN,HUMALOG,2.068645401348616,1.6013291957976077,2.672338584565243,270,68.14814814814815,2.068645401348616,Undirected,mild
ENTRESTO,POTASSIUM CHLORIDE,2.068410475299502,1.4400570687223953,2.970939129602966,135,68.14814814814815,2.068410475299502,Undirected,mild
LORAZEPAM,SODIUM CHLORIDE,2.068410475299502,1.4400570687223953,2.970939129602966,135,68.14814814814815,2.068410475299502,Undirected,mild
AMBRISENTAN,SOTATERCEPT,2.068410475299502,1.4400570687223953,2.970939129602966,135,68.14814814814815,2.068410475299502,Undirected,mild
ATORVASTATIN,RYBELSUS,2.068410475299502,1.4400570687223953,2.970939129602966,135,68.14814814814815,2.068410475299502,Undirected,mild
APIXABAN,CARVEDILOL,2.067747617871868,1.3919513091774396,3.071644951245744,113,68.14159292035397,2.067747617871868,Undirected,mild
BEVACIZUMAB,TECENTRIQ,2.0669413610250387,1.5132301795182614,2.823262876818987,182,68.13186813186813,2.0669413610250387,Undirected,mild
CALCIUM,SULFASALAZINE,2.0669413610250387,1.5132301795182614,2.823262876818987,182,68.13186813186813,2.0669413610250387,Undirected,mild
FUROSEMIDE,LACTULOSE,2.06652716133553,1.633463584858218,2.6144044765516825,320,68.125,2.06652716133553,Undirected,mild
APIXABAN,FUROSEMIDE,2.066471171040717,1.792475957039022,2.3823488867301044,875,68.11428571428571,2.066471171040717,Undirected,mild
DEXAMETHASONE,DIPYRONE,2.0662493654643357,1.4816954672512364,2.8814196537984365,160,68.125,2.0662493654643357,Undirected,mild
ASCORBIC ACID,CHOLECALCIFEROL,2.065828217992309,1.6799835741616451,2.540290448008067,414,68.11594202898551,2.065828217992309,Undirected,mild
ELIQUIS,TAMSULOSIN,2.065438267355135,1.6700972627099844,2.5543633484751043,392,68.11224489795919,2.065438267355135,Undirected,mild
MIDODRINE,NUPLAZID,2.065349414989672,1.4437659439567534,2.954542752482291,138,68.11594202898551,2.065349414989672,Undirected,mild
ANAKINRA,HUMAN IMMUNOGLOBULIN G,2.065349414989672,1.4437659439567534,2.954542752482291,138,68.11594202898551,2.065349414989672,Undirected,mild
LORAZEPAM,TOPIRAMATE,2.065349414989672,1.4437659439567534,2.954542752482291,138,68.11594202898551,2.065349414989672,Undirected,mild
IBUPROFEN,TAMSULOSIN,2.0646859381707765,1.5155133288211518,2.812860792584434,185,68.10810810810811,2.0646859381707765,Undirected,mild
CETIRIZINE,SODIUM CHLORIDE,2.0641234795731247,1.39686027211195,3.050130227043641,116,68.10344827586206,2.0641234795731247,Undirected,mild
ALLOPURINOL,DOXAZOSINA,2.0641234795731247,1.39686027211195,3.050130227043641,116,68.10344827586206,2.0641234795731247,Undirected,mild
DILTIAZEM,METHOTREXATE,2.0641234795731247,1.39686027211195,3.050130227043641,116,68.10344827586206,2.0641234795731247,Undirected,mild
ATORVASTATIN CALCIUM,FARXIGA,2.0641234795731247,1.39686027211195,3.050130227043641,116,68.10344827586206,2.0641234795731247,Undirected,mild
CYANOCOBALAMIN,MORPHINE SULFATE,2.0641234795731247,1.39686027211195,3.050130227043641,116,68.10344827586206,2.0641234795731247,Undirected,mild
METOPROLOL TARTRATE,ROSUVASTATIN CALCIUM,2.0641234795731247,1.39686027211195,3.050130227043641,116,68.10344827586206,2.0641234795731247,Undirected,mild
DOMPERIDONE,PANTOPRAZOLE,2.06350609942706,1.5437262588314349,2.758298239738392,210,68.0952380952381,2.06350609942706,Undirected,mild
LISINOPRIL,ONDANSETRON,2.063363472857184,1.6484823351717124,2.582659656269707,351,68.09116809116809,2.063363472857184,Undirected,mild
FUROSEMIDE,PREGABALIN,2.0631562502739897,1.7282945239424317,2.4628983394189214,564,68.08510638297872,2.0631562502739897,Undirected,mild
ACETAMINOPHEN,ZOPICLONE,2.063064126784215,1.7783098799829256,2.393415028017942,802,68.07980049875312,2.063064126784215,Undirected,mild
METFORMIN,PANTOPRAZOLE,2.0629737235668144,1.8234647502424617,2.3339417905178785,1162,68.07228915662651,2.0629737235668144,Undirected,mild
ASPIRIN,HEPARIN,2.061968986572867,1.6818844210780513,2.5279478472504544,426,68.07511737089203,2.061968986572867,Undirected,mild
DIAZEPAM,OLANZAPINE,2.061968986572867,1.6818844210780513,2.5279478472504544,426,68.07511737089203,2.061968986572867,Undirected,mild
CELEBREX,ENBREL,2.06125152294126,1.4873154504777455,2.8566622093940506,166,68.07228915662651,2.06125152294126,Undirected,mild
OFEV,PREDNISONE,2.06125152294126,1.4873154504777455,2.8566622093940506,166,68.07228915662651,2.06125152294126,Undirected,mild
ALLOPURINOL,MELATONINA,2.06125152294126,1.4873154504777455,2.8566622093940506,166,68.07228915662651,2.06125152294126,Undirected,mild
APIXABAN,METOPROLOL,2.061039553774215,1.6823538906310194,2.5249646140911026,429,68.06526806526807,2.061039553774215,Undirected,mild
FOLIC ACID,METOPROLOL SUCCINATE,2.060895651927812,1.5692499759605252,2.7065738111834152,238,68.0672268907563,2.060895651927812,Undirected,mild
AMIODARONE,WARFARIN,2.060690320229327,1.4016237949397772,3.029660748638548,119,68.0672268907563,2.060690320229327,Undirected,mild
CYANOCOBALAMIN,SPIRIVA,2.060690320229327,1.4016237949397772,3.029660748638548,119,68.0672268907563,2.060690320229327,Undirected,mild
APIXABAN,CALCIUM,2.060690320229327,1.4016237949397772,3.029660748638548,119,68.0672268907563,2.060690320229327,Undirected,mild
HYDROXYCHLOROQUINE,METFORMIN,2.060690320229327,1.4016237949397772,3.029660748638548,119,68.0672268907563,2.060690320229327,Undirected,mild
FLUCONAZOLE,METHYLPREDNISOLONE,2.060332828471822,1.5898059139288705,2.670119243416415,263,68.06083650190115,2.060332828471822,Undirected,mild
ACYCLOVIR,CIPROFLOXACIN,2.0597512292032936,1.547329236759611,2.741869684495333,216,68.05555555555556,2.0597512292032936,Undirected,mild
ACETAMINOPHEN,DOCUSATE,2.0596271451527426,1.4509145749706434,2.9237172540884204,144,68.05555555555556,2.0596271451527426,Undirected,mild
JARDIANCE,LOSARTAN,2.059248251575155,1.5707269255953793,2.6997075637498114,241,68.04979253112033,2.059248251575155,Undirected,mild
JARDIANCE,PANTOPRAZOLE SODIUM,2.0588916785794953,1.4900404476186573,2.8449126672357146,169,68.04733727810651,2.0588916785794953,Undirected,mild
MAGNESIUM OXIDE,SENNOSIDES,2.0588916785794953,1.4900404476186573,2.8449126672357146,169,68.04733727810651,2.0588916785794953,Undirected,mild
FAMOTIDINE,MELATONINA,2.0585240205923503,1.6089121321836757,2.6337803405114317,291,68.04123711340206,2.0585240205923503,Undirected,mild
FENTANYL,ONDANSETRON,2.0585240205923503,1.6089121321836757,2.6337803405114317,291,68.04123711340206,2.0585240205923503,Undirected,mild
DULOXETINE HYDROCHLORIDE,LEVOTHYROXINE SODIUM,2.057433449154914,1.4062492156485111,3.0101580506477763,122,68.0327868852459,2.057433449154914,Undirected,mild
ALLOPURINOL,VENCLEXTA,2.0571502716992027,1.7170212149186643,2.4646563499523033,541,68.02218114602587,2.0571502716992027,Undirected,mild
SPIRONOLACTONE,SYMBICORT,2.056948920704164,1.454361700768333,2.9092067400776473,147,68.02721088435374,2.056948920704164,Undirected,mild
ASPIRIN,METRONIDAZOLE,2.056948920704164,1.454361700768333,2.9092067400776473,147,68.02721088435374,2.056948920704164,Undirected,mild
CYCLOSPORINE,MEROPENEM,2.056948920704164,1.454361700768333,2.9092067400776473,147,68.02721088435374,2.056948920704164,Undirected,mild
NAPROXEN,SULFASALAZINE,2.0569133113553733,1.639809900867631,2.5801114923091646,344,68.02325581395348,2.0569133113553733,Undirected,mild
LIPITOR,PLAVIX,2.0566178090316023,1.4927113634325588,2.833553033789205,172,68.02325581395348,2.0566178090316023,Undirected,mild
CLOPIDOGREL,PREGABALIN,2.0563816709763807,1.524256327615098,2.774274575814938,197,68.02030456852792,2.0563816709763807,Undirected,mild
ACETAMINOPHEN,VALACYCLOVIR HYDROCHLORIDE,2.0557444522955084,1.710304653731992,2.470954659406543,522,68.00766283524904,2.0557444522955084,Undirected,mild
CYCLOPHOSPHAMIDE,POTASSIUM CHLORIDE,2.0544253085062656,1.495330019075471,2.822563109406849,175,68.0,2.0544253085062656,Undirected,mild
ALBUTEROL SULFATE,SPIRIVA RESPIMAT,2.0544253085062656,1.495330019075471,2.822563109406849,175,68.0,2.0544253085062656,Undirected,mild
DILAUDID,HYDROMORPHONE,2.0544253085062656,1.495330019075471,2.822563109406849,175,68.0,2.0544253085062656,Undirected,mild
BUDESONIDE,SODIUM CHLORIDE,2.0543824748796253,1.4577285939429736,2.8952490680563816,150,68.0,2.0543824748796253,Undirected,mild
LACOSAMIDE,METHYLPREDNISOLONE,2.054339644732881,1.4107433531616305,2.991551486996581,125,68.0,2.054339644732881,Undirected,mild
ORENITRAM,SOTATERCEPT,2.054339644732881,1.4107433531616305,2.991551486996581,125,68.0,2.054339644732881,Undirected,mild
METFORMIN HYDROCHLORIDE,ONDANSETRON HYDROCHLORIDE,2.054339644732881,1.4107433531616305,2.991551486996581,125,68.0,2.054339644732881,Undirected,mild
ADALIMUMAB,DOXYCYCLINE,2.0542968180656076,1.3495076922470044,3.1271666259921225,100,68.0,2.0542968180656076,Undirected,mild
APIXABAN,HEPARIN,2.0542968180656076,1.3495076922470044,3.1271666259921225,100,68.0,2.0542968180656076,Undirected,mild
FLUCONAZOLE,LT4,2.0542968180656076,1.3495076922470044,3.1271666259921225,100,68.0,2.0542968180656076,Undirected,mild
FISHOIL,POTASSIUM CHLORIDE,2.0542968180656076,1.3495076922470044,3.1271666259921225,100,68.0,2.0542968180656076,Undirected,mild
BISOPROLOL FUMARATE,PANTOPRAZOLE SODIUM,2.0526136352982634,1.5284095467635028,2.7566058748678315,203,67.98029556650246,2.0526136352982634,Undirected,mild
ACETAMINOPHEN,HYDROXYZINE DIHYDROCHLORIDE,2.0526136352982634,1.5284095467635028,2.7566058748678315,203,67.98029556650246,2.0526136352982634,Undirected,mild
METFORMIN,PROPRANOLOL,2.052309894425597,1.4978981502687156,2.8119240964424694,178,67.97752808988764,2.052309894425597,Undirected,mild
CYANOCOBALAMIN,PROTONIX,2.052309894425597,1.4978981502687156,2.8119240964424694,178,67.97752808988764,2.052309894425597,Undirected,mild
FUROSEMIDE,LIPITOR,2.0519209640925116,1.4610184334818876,2.881811444944058,153,67.97385620915033,2.0519209640925116,Undirected,mild
AMLODIPINE,BISOPROLOL FUMARATE,2.0519204028931655,1.5970281748793558,2.636382629960373,281,67.97153024911033,2.0519204028931655,Undirected,mild
LENALIDOMIDE,PANTOPRAZOLE,2.0513969752600754,1.4151125542226255,2.9737772713195416,128,67.96875,2.0513969752600754,Undirected,mild
DOCUSATE SODIUM,ONDANSETRON,2.0513969752600754,1.4151125542226255,2.9737772713195416,128,67.96875,2.0513969752600754,Undirected,mild
ALBUTEROL,IPRATROPIUM BROMIDE,2.0513969752600754,1.4151125542226255,2.9737772713195416,128,67.96875,2.0513969752600754,Undirected,mild
EPLERENONA,TORSEMIDE,2.0513969752600754,1.4151125542226255,2.9737772713195416,128,67.96875,2.0513969752600754,Undirected,mild
ATORVASTATIN,DUPIXENT,2.0512541411234144,1.55588436871988,2.7043420681305763,231,67.96536796536796,2.0512541411234144,Undirected,mild
AMOXICILLIN,PANTOPRAZOLE,2.0512541411234144,1.55588436871988,2.7043420681305763,231,67.96536796536796,2.0512541411234144,Undirected,mild
LANTUS,OMEPRAZOLE,2.0508154575312423,1.5304351537155811,2.748136064855905,206,67.96116504854369,2.0508154575312423,Undirected,mild
PANTOPRAZOLE,POLYETHYLENE GLYCOL 3350,2.050639701033831,1.3556143017506723,3.102005620644105,103,67.96116504854369,2.050639701033831,Undirected,mild
DAUNORUBICIN,ETOPOSIDE,2.050639701033831,1.3556143017506723,3.102005620644105,103,67.96116504854369,2.050639701033831,Undirected,mild
DULOXETINA,TIZANIDINE,2.050639701033831,1.3556143017506723,3.102005620644105,103,67.96116504854369,2.050639701033831,Undirected,mild
DICLOFENAC,PREDNISONE,2.0500900616588846,1.6882516682832074,2.489480294834508,468,67.94871794871796,2.0500900616588846,Undirected,mild
SPIRONOLACTONE,VITAMIN D2,2.0495580922431365,1.464234221922118,2.8688636767176705,156,67.94871794871796,2.0495580922431365,Undirected,mild
MORPHINE,OXYCODONE,2.049360876049671,1.599330355919717,2.626024063594964,287,67.94425087108013,2.049360876049671,Undirected,mild
AMLODIPINE,JARDIANCE,2.04860787971485,1.645766311175142,2.5500547777242426,368,67.93478260869566,2.04860787971485,Undirected,mild
ATIVAN,VITAMIN D3,2.048594645386028,1.4193627351604303,2.956777656016133,131,67.93893129770993,2.048594645386028,Undirected,mild
LANTUS,LISINOPRIL,2.0482946470080226,1.5028893850656952,2.7916299114577368,184,67.93478260869566,2.0482946470080226,Undirected,mild
FERROUS SULFATE,LT4,2.0474682756825997,1.5818881587832316,2.65007757764064,265,67.9245283018868,2.0474682756825997,Undirected,mild
DICLOFENAC,HUMIRA,2.0474682756825997,1.5818881587832316,2.65007757764064,265,67.9245283018868,2.0474682756825997,Undirected,mild
CETIRIZINE HYDROCHLORIDE,MAGNESIUM,2.0471979709772157,1.3615128400618906,3.0782078648503357,106,67.9245283018868,2.0471979709772157,Undirected,mild
FUROSEMIDE,KETOPROFEN,2.0471979709772157,1.3615128400618906,3.0782078648503357,106,67.9245283018868,2.0471979709772157,Undirected,mild
BUDESONIDE,RITUXIMAB,2.0471979709772157,1.3615128400618906,3.0782078648503357,106,67.9245283018868,2.0471979709772157,Undirected,mild
LEVOTHYROXINE SODIUM,SILDENAFIL CITRATE,2.0471979709772157,1.3615128400618906,3.0782078648503357,106,67.9245283018868,2.0471979709772157,Undirected,mild
METFORMIN,TACROLIMUS,2.0471979709772157,1.3615128400618906,3.0782078648503357,106,67.9245283018868,2.0471979709772157,Undirected,mild
LORATADINE,MELATONINA,2.0471979709772157,1.3615128400618906,3.0782078648503357,106,67.9245283018868,2.0471979709772157,Undirected,mild
VALACICLOVIR,VENCLEXTA,2.0471979709772157,1.3615128400618906,3.0782078648503357,106,67.9245283018868,2.0471979709772157,Undirected,mild
ACETAMINOPHEN,TELMISARTAN,2.0463876276505917,1.5053155767864626,2.781943126863335,187,67.9144385026738,2.0463876276505917,Undirected,mild
CARVEDILOL,TRAMADOL,2.0459228639789173,1.4234994191878156,2.9405002270671265,134,67.91044776119402,2.0459228639789173,Undirected,mild
CODEINE,HUMIRA,2.0459228639789173,1.4234994191878156,2.9405002270671265,134,67.91044776119402,2.0459228639789173,Undirected,mild
ACYCLOVIR,HUMAN IMMUNOGLOBULIN G,2.0457344271242297,1.5363190356237502,2.724062677920388,215,67.90697674418604,2.0457344271242297,Undirected,mild
ATENOLOL,RAMIPRIL,2.04510550253566,1.4704548472606165,2.8443284227960763,162,67.90123456790124,2.04510550253566,Undirected,mild
JARDIANCE,ROSUVASTATIN,2.044252241852162,1.6916972245812638,2.4702808325242636,492,67.88617886178862,2.044252241852162,Undirected,mild
COCAINE,MORPHINE,2.043953166158689,1.3672153608350124,3.055659455799719,109,67.88990825688074,2.043953166158689,Undirected,mild
CELEBREX,REMICADE,2.043953166158689,1.3672153608350124,3.055659455799719,109,67.88990825688074,2.043953166158689,Undirected,mild
CLONAZEPAM,SEROQUEL,2.043953166158689,1.3672153608350124,3.055659455799719,109,67.88990825688074,2.043953166158689,Undirected,mild
DIVALPROEX SODIUM,LORAZEPAM,2.043953166158689,1.3672153608350124,3.055659455799719,109,67.88990825688074,2.043953166158689,Undirected,mild
ATORVASTATIN CALCIUM,FAMOTIDINE,2.0438354593742947,1.5638531951819947,2.6711352432985898,246,67.88617886178862,2.0438354593742947,Undirected,mild
ACETAMINOPHEN / HYDROCODONE,LT4,2.0433727300098146,1.4275277697900577,2.924897295946701,137,67.88321167883211,2.0433727300098146,Undirected,mild
ADALIMUMAB,HYRIMOZ,2.043005476984604,1.4734649141442189,2.832691392189173,165,67.87878787878789,2.043005476984604,Undirected,mild
FOLIC ACID,VALACYCLOVIR HYDROCHLORIDE,2.043005476984604,1.4734649141442189,2.832691392189173,165,67.87878787878789,2.043005476984604,Undirected,mild
GABAPENTIN,LACTULOSE,2.043005476984604,1.4734649141442189,2.832691392189173,165,67.87878787878789,2.043005476984604,Undirected,mild
ALBUTEROL,OZEMPIC,2.042758571140481,1.510036318778352,2.7634186860775807,193,67.87564766839378,2.042758571140481,Undirected,mild
MAGNESIUM,PREGABALIN,2.042758571140481,1.510036318778352,2.7634186860775807,193,67.87564766839378,2.042758571140481,Undirected,mild
ATORVASTATIN CALCIUM,TYLENOL,2.042586248280699,1.5400893812711207,2.7090366522895635,221,67.87330316742081,2.042586248280699,Undirected,mild
AMLODIPINE BESYLATE,SPIRONOLACTONE,2.0424633380973094,1.5653825134142438,2.664943840705641,249,67.8714859437751,2.0424633380973094,Undirected,mild
OLANZAPINE,PREGABALIN,2.042374851530759,1.5870701317016616,2.628299122290717,277,67.87003610108303,2.042374851530759,Undirected,mild
ACETAMINOPHEN,FLUOXETINE,2.042374851530759,1.5870701317016616,2.628299122290717,277,67.87003610108303,2.042374851530759,Undirected,mild
OLANZAPINE,PANTOPRAZOLE,2.0412670563904314,1.623487957445631,2.566555037501347,336,67.85714285714286,2.0412670563904314,Undirected,mild
LASIX,METOPROLOL,2.041030661540921,1.512333564834671,2.7545551181399435,196,67.85714285714286,2.041030661540921,Undirected,mild
FUROSEMIDE,TRESIBA,2.0409361336523624,1.4314526206821288,2.909925373333635,140,67.85714285714286,2.0409361336523624,Undirected,mild
SPIRONOLACTONE,TRAMADOL,2.0409361336523624,1.4314526206821288,2.909925373333635,140,67.85714285714286,2.0409361336523624,Undirected,mild
HYDROCHLOROTHIAZIDE,RITUXIMAB,2.040888876145297,1.3727329394893697,3.03425909363186,112,67.85714285714286,2.040888876145297,Undirected,mild
CARVEDILOL,XARELTO,2.040888876145297,1.3727329394893697,3.03425909363186,112,67.85714285714286,2.040888876145297,Undirected,mild
MIRALAX,POTASSIUM CHLORIDE,2.040888876145297,1.3727329394893697,3.03425909363186,112,67.85714285714286,2.040888876145297,Undirected,mild
FAMOTIDINE,FINASTERIDE,2.040888876145297,1.3727329394893697,3.03425909363186,112,67.85714285714286,2.040888876145297,Undirected,mild
METHOTREXATE SODIUM,VINCRISTINE SULFATE,2.039356888603711,1.514590428329821,2.7459413722042476,199,67.8391959798995,2.039356888603711,Undirected,mild
ALDACTONE,LASIX,2.038605670282496,1.4352785027460837,2.8955447120238604,143,67.83216783216784,2.038605670282496,Undirected,mild
TYLENOL,XARELTO,2.038605670282496,1.4352785027460837,2.8955447120238604,143,67.83216783216784,2.038605670282496,Undirected,mild
LORATADINE,PANTOPRAZOLE,2.038605670282496,1.4352785027460837,2.8955447120238604,143,67.83216783216784,2.038605670282496,Undirected,mild
ONDANSETRON,PROPOFOL,2.038183957095318,1.545532228189782,2.6878726740149363,230,67.82608695652173,2.038183957095318,Undirected,mild
ALBUTEROL,SPIRIVA RESPIMAT,2.037990464604946,1.3780757745446215,3.013916368418243,115,67.82608695652173,2.037990464604946,Undirected,mild
LEVOTHYROXINE SODIUM,TADALAFIL,2.037990464604946,1.3780757745446215,3.013916368418243,115,67.82608695652173,2.037990464604946,Undirected,mild
VENCLEXTA,VYXEOS,2.037990464604946,1.3780757745446215,3.013916368418243,115,67.82608695652173,2.037990464604946,Undirected,mild
ATORVASTATIN,CALCIUM PHOSPHATE / CHOLECALCIFEROL,2.037990464604946,1.3780757745446215,3.013916368418243,115,67.82608695652173,2.037990464604946,Undirected,mild
ISMN,PANTOPRAZOLE,2.037990464604946,1.3780757745446215,3.013916368418243,115,67.82608695652173,2.037990464604946,Undirected,mild
LEFLUNOMIDE,PREDNISOLONE,2.0377347537156356,1.516808117207607,2.7375663931340792,202,67.82178217821783,2.0377347537156356,Undirected,mild
CLOPIDOGREL,FUROSEMIDE,2.0373522617879662,1.7326325422856572,2.3956633257833633,671,67.80923994038747,2.0373522617879662,Undirected,mild
ACTEMRA,PANTOPRAZOLE,2.036795027750626,1.5472926839760293,2.6811565956670305,233,67.81115879828327,2.036795027750626,Undirected,mild
CLONAZEPAM,DIAZEPAM,2.0365082713413982,1.6778004137412443,2.4719066137276267,469,67.80383795309169,2.0365082713413982,Undirected,mild
GABAPENTIN,TRULICITY,2.035442766662562,1.5490273545023356,2.67459915689481,236,67.79661016949152,2.035442766662562,Undirected,mild
ACETAMINOPHEN,MIRABEGRON,2.0352448358720783,1.3832532762694525,2.9945503206146564,118,67.79661016949152,2.0352448358720783,Undirected,mild
PERPRAZOLE,ZOPICLONE,2.0352448358720783,1.3832532762694525,2.9945503206146564,118,67.79661016949152,2.0352448358720783,Undirected,mild
ENOXAPARIN SODIUM,PREDNISONE,2.0352448358720783,1.3832532762694525,2.9945503206146564,118,67.79661016949152,2.0352448358720783,Undirected,mild
FILGRASTIM,PANTOPRAZOLE,2.034636149488716,1.5211305526686076,2.7214917572615147,208,67.78846153846155,2.034636149488716,Undirected,mild
FINASTERIDE,PANTOPRAZOLE,2.034636149488716,1.5211305526686076,2.7214917572615147,208,67.78846153846155,2.034636149488716,Undirected,mild
ONDANSETRON,TRAMADOL,2.034486278587107,1.5955759534614329,2.5941318611500774,298,67.78523489932886,2.034486278587107,Undirected,mild
CARVEDILOL,ROSUVASTATIN CALCIUM,2.0342366092692865,1.442650113034963,2.8684145553393208,149,67.78523489932886,2.0342366092692865,Undirected,mild
IBUPROFEN,TRAZODONE,2.0342366092692865,1.442650113034963,2.8684145553393208,149,67.78523489932886,2.0342366092692865,Undirected,mild
PREDNISONE,VALSARTAN,2.034125745199414,1.5507368810124913,2.668194455129969,239,67.78242677824268,2.034125745199414,Undirected,mild
LAMOTRIGINE,PREDNISONE,2.03359387778898,1.487605749183089,2.779973162951146,180,67.77777777777779,2.03359387778898,Undirected,mild
GABAPENTIN,PANTOPRAZOLE SODIUM,2.0335324027943313,1.706894019535684,2.422677674117913,574,67.77003484320558,2.0335324027943313,Undirected,mild
CARBIDOPA / LEVODOPA,CYANOCOBALAMIN,2.0334526513232056,1.5967370128162204,2.5896122229173204,301,67.77408637873754,2.0334526513232056,Undirected,mild
MIRALAX,ONDANSETRON,2.033155395872777,1.5232374728400235,2.7137730901928308,211,67.77251184834124,2.033155395872777,Undirected,mild
LANTUS,RAMIPRIL,2.032640237426321,1.3882741444957154,2.9760882252152916,121,67.76859504132231,2.032640237426321,Undirected,mild
ALBUTEROL SULFATE,CREON,2.032640237426321,1.3882741444957154,2.9760882252152916,121,67.76859504132231,2.032640237426321,Undirected,mild
AMLODIPINE,TADALAFIL,2.032640237426321,1.3882741444957154,2.9760882252152916,121,67.76859504132231,2.032640237426321,Undirected,mild
JARDIANCE,PREGABALIN,2.032640237426321,1.3882741444957154,2.9760882252152916,121,67.76859504132231,2.032640237426321,Undirected,mild
HYDROXYZINE,METOPROLOL,2.032640237426321,1.3882741444957154,2.9760882252152916,121,67.76859504132231,2.032640237426321,Undirected,mild
AMIKACIN,CIPROFLOXACIN,2.032640237426321,1.3882741444957154,2.9760882252152916,121,67.76859504132231,2.032640237426321,Undirected,mild
PANTOPRAZOLE,SYMBICORT,2.032612665679071,1.5769212092776852,2.619987748513722,273,67.76556776556777,2.032612665679071,Undirected,mild
AMLODIPINE BESYLATE,PANTOPRAZOLE,2.032612665679071,1.5769212092776852,2.619987748513722,273,67.76556776556777,2.032612665679071,Undirected,mild
ONDANSETRON,TAMSULOSIN,2.032612665679071,1.5769212092776852,2.619987748513722,273,67.76556776556777,2.032612665679071,Undirected,mild
GABAPENTIN,POLYETHYLENE GLYCOL,2.03218609874437,1.4462035958014707,2.855600934694939,152,67.76315789473685,2.03218609874437,Undirected,mild
FOLIC ACID,THIAMINE,2.031903434185725,1.490266503800704,2.770398150482668,183,67.75956284153006,2.031903434185725,Undirected,mild
CYANOCOBALAMIN,ZOFRAN,2.0317176920403632,1.52530957045871,2.706255084276718,214,67.7570093457944,2.0317176920403632,Undirected,mild
BISOPROLOL FUMARATE,ROSUVASTATIN,2.0315920682999336,1.554082956758802,2.655821115616147,245,67.75510204081633,2.0315920682999336,Undirected,mild
MIRTAZAPINE,PREDNISONE,2.031506300083786,1.578282719739416,2.6148786878700094,276,67.7536231884058,2.031506300083786,Undirected,mild
CARBIDOPA / LEVODOPA,MELATONINA,2.0303729037161315,1.5557206811577575,2.6498420815983503,248,67.74193548387096,2.0303729037161315,Undirected,mild
OXAZEPAM,QUETIAPINE,2.030321193002581,1.5273478258583149,2.6989295280129735,217,67.74193548387096,2.030321193002581,Undirected,mild
ACETAMINOPHEN / HYDROCODONE,FUROSEMIDE,2.03026948747912,1.4928758214739697,2.7611098877058216,186,67.74193548387096,2.03026948747912,Undirected,mild
ACYCLOVIR,MELATONINA,2.03026948747912,1.4928758214739697,2.7611098877058216,186,67.74193548387096,2.03026948747912,Undirected,mild
ATENOLOL,ROSUVASTATIN,2.03026948747912,1.4928758214739697,2.7611098877058216,186,67.74193548387096,2.03026948747912,Undirected,mild
CALCIUM CARBONATE,GABAPENTIN,2.03026948747912,1.4928758214739697,2.7611098877058216,186,67.74193548387096,2.03026948747912,Undirected,mild
CLOPIDOGREL,METFORMIN HYDROCHLORIDE,2.030217787144967,1.4496736566212465,2.843249751013926,155,67.74193548387096,2.030217787144967,Undirected,mild
EPINEPHRINE,HYDROCHLOROTHIAZIDE,2.030217787144967,1.4496736566212465,2.843249751013926,155,67.74193548387096,2.030217787144967,Undirected,mild
EPINEPHRINE,PANTOPRAZOLE SODIUM,2.030217787144967,1.4496736566212465,2.843249751013926,155,67.74193548387096,2.030217787144967,Undirected,mild
PROPOFOL,TRANEXAMIC ACID,2.0301660919993405,1.3931464371426547,2.958464559947646,124,67.74193548387096,2.0301660919993405,Undirected,mild
LISINOPRIL,NIFEDIPINE,2.0301660919993405,1.3931464371426547,2.958464559947646,124,67.74193548387096,2.0301660919993405,Undirected,mild
FAMOTIDINE,POTASSIUM CHLORIDE,2.0295237052835846,1.6012559933847863,2.572334771781998,313,67.73162939297124,2.0295237052835846,Undirected,mild
PANTOPRAZOLE SODIUM,ZOPICLONE,2.029183952201739,1.5573356136675809,2.643994958913194,251,67.72908366533864,2.029183952201739,Undirected,mild
HUMALOG,LANTUS,2.029175600673766,1.692999003631234,2.432106344739832,536,67.72388059701493,2.029175600673766,Undirected,mild
DOCUSATE SODIUM,OMEPRAZOLE,2.0283268392426748,1.4530636329844755,2.8313348936702307,158,67.72151898734177,2.0283268392426748,Undirected,mild
CLOPIDOGREL,METFORMIN,2.028242027467397,1.6739498218646722,2.4575203320028955,477,67.71488469601678,2.028242027467397,Undirected,mild
ASPIRIN,SENNOSIDES,2.0282354494120014,1.6361752106861285,2.514241146904072,381,67.71653543307087,2.0282354494120014,Undirected,mild
ALLOPURINOL,MAGNESIUM,2.0280241084021204,1.5589282936173874,2.6382751542192824,254,67.71653543307087,2.0280241084021204,Undirected,mild
FILGRASTIM,VENETOCLAX,2.0278128542514193,1.3978776307453529,2.941620125700662,127,67.71653543307087,2.0278128542514193,Undirected,mild
GLICLAZIDE,SIMVASTATIN,2.0278128542514193,1.3978776307453529,2.941620125700662,127,67.71653543307087,2.0278128542514193,Undirected,mild
ALLOPURINOL,HYDROXYUREA,2.0278128542514193,1.3978776307453529,2.941620125700662,127,67.71653543307087,2.0278128542514193,Undirected,mild
ACYCLOVIR,MAGNESIUM,2.0276449418522517,1.5313265397664575,2.684825152214786,223,67.71300448430493,2.0276449418522517,Undirected,mild
ELIQUIS,LATANOPROST,2.026508791749736,1.4563766746962434,2.8198322277411636,161,67.70186335403726,2.026508791749736,Undirected,mild
CLOPIDOGREL,ENTRESTO,2.026508791749736,1.4563766746962434,2.8198322277411636,161,67.70186335403726,2.026508791749736,Undirected,mild
CARBIDOPA / LEVODOPA,SERTRALINE,2.025679725475402,1.5004117192371484,2.7348349107059597,195,67.6923076923077,2.025679725475402,Undirected,mild
ALBUTEROL,FUROSEMIDE,2.025665131243688,1.7390131021073576,2.35956774504117,755,67.68211920529801,2.025665131243688,Undirected,mild
METOPROLOL TARTRATE,TAMSULOSIN,2.0255718879228133,1.4024746740764162,2.925501293522563,130,67.6923076923077,2.0255718879228133,Undirected,mild
ATORVASTATIN CALCIUM,GLYCERYL TRINITRATE,2.0255718879228133,1.4024746740764162,2.925501293522563,130,67.6923076923077,2.0255718879228133,Undirected,mild
HYDRALAZINE,LISINOPRIL,2.0255718879228133,1.4024746740764162,2.925501293522563,130,67.6923076923077,2.0255718879228133,Undirected,mild
ALPRAZOLAM,ATORVASTATIN,2.0247758070759345,1.6244303757693124,2.5237874950340182,362,67.67955801104972,2.0247758070759345,Undirected,mild
ALBUTEROL SULFATE,MAGNESIUM OXIDE,2.024759518230301,1.4596157573995805,2.8087194084339355,164,67.6829268292683,2.024759518230301,Undirected,mild
HYDROXYZINE,LT4,2.024759518230301,1.4596157573995805,2.8087194084339355,164,67.6829268292683,2.024759518230301,Undirected,mild
FUROSEMIDE,LISINOPRIL,2.023904648906144,1.7208987505568207,2.3802620732559205,668,67.66467065868264,2.023904648906144,Undirected,mild
CETIRIZINE,ONDANSETRON,2.023655502673179,1.5650866655617246,2.616584553181684,266,67.66917293233082,2.023655502673179,Undirected,mild
KEVZARA,PREDNISONE,2.023257278471821,1.626188147872217,2.51727945517585,368,67.66304347826086,2.023257278471821,Undirected,mild
CYANOCOBALAMIN,HYDROCORTISONE,2.0228559432471003,1.505207542733718,2.7185262171211497,201,67.66169154228857,2.0228559432471003,Undirected,mild
FUROSEMIDE,METHYLPREDNISOLONE,2.021789244522754,1.6279143171575785,2.510962466627299,374,67.64705882352942,2.021789244522754,Undirected,mild
METHOTREXATE,RISEDRONATE SODIUM,2.0215645820722945,1.540742719349347,2.65243723573456,238,67.64705882352942,2.0215645820722945,Undirected,mild
CLONAZEPAM,METOPROLOL,2.021452287890664,1.4658831505274197,2.787581909750565,170,67.64705882352942,2.021452287890664,Undirected,mild
AZOSEMIDE,SPIRONOLACTONE,2.021452287890664,1.4658831505274197,2.787581909750565,170,67.64705882352942,2.021452287890664,Undirected,mild
CHOLECALCIFEROL,METHOTREXATE SODIUM,2.0213961500571855,1.4112917468064563,2.8952499755717542,136,67.64705882352942,2.0213961500571855,Undirected,mild
OZEMPIC,TOUJEO,2.0213961500571855,1.4112917468064563,2.8952499755717542,136,67.64705882352942,2.0213961500571855,Undirected,mild
ETOPOSIDE,TACROLIMUS,2.0213961500571855,1.4112917468064563,2.8952499755717542,136,67.64705882352942,2.0213961500571855,Undirected,mild
DOXORUBICIN HYDROCHLORIDE,FLUDARABINE,2.0213400183939085,1.3349633993919976,3.060619843077009,102,67.64705882352942,2.0213400183939085,Undirected,mild
METOPROLOL TARTRATE,SODIUM CHLORIDE,2.0213400183939085,1.3349633993919976,3.060619843077009,102,67.64705882352942,2.0213400183939085,Undirected,mild
DOXYCYCLINE,ROSUVASTATIN,2.0213400183939085,1.3349633993919976,3.060619843077009,102,67.64705882352942,2.0213400183939085,Undirected,mild
ACETAMINOPHEN,CELLCEPT,2.0213400183939085,1.3349633993919976,3.060619843077009,102,67.64705882352942,2.0213400183939085,Undirected,mild
BUDESONIDE\FORMOTEROL FUMARATE,NUCALA,2.0213400183939085,1.3349633993919976,3.060619843077009,102,67.64705882352942,2.0213400183939085,Undirected,mild
LORATADINE,LORAZEPAM,2.0213400183939085,1.3349633993919976,3.060619843077009,102,67.64705882352942,2.0213400183939085,Undirected,mild
EPLERENONA,JARDIANCE,2.0213400183939085,1.3349633993919976,3.060619843077009,102,67.64705882352942,2.0213400183939085,Undirected,mild
ALLOPURINOL,TADALAFIL,2.0213400183939085,1.3349633993919976,3.060619843077009,102,67.64705882352942,2.0213400183939085,Undirected,mild
ALBUTEROL SULFATE,PANTOPRAZOLE SODIUM,2.0210733870015862,1.62876584935639,2.5078728395859695,377,67.63925729442971,2.0210733870015862,Undirected,mild
ALBUTEROL,SPIRONOLACTONE,2.020442397528798,1.5425412659541633,2.6464040682936383,241,67.63485477178423,2.020442397528798,Undirected,mild
LT4,OLANZAPINE,2.020201278009173,1.5098338913527791,2.703087556216675,207,67.6328502415459,2.020201278009173,Undirected,mild
ASPIRIN,ZETIA,2.019887498335774,1.4689166472974275,2.7775200951256167,173,67.63005780346822,2.019887498335774,Undirected,mild
MELATONINA,PREDNISONE,2.019676526399103,1.6304463845586148,2.501826070405753,383,67.62402088772846,2.019676526399103,Undirected,mild
LOSARTAN,OXYCODONE,2.019447769868446,1.4155234382892623,2.8810326872123926,139,67.62589928057554,2.019447769868446,Undirected,mild
ASPIRIN,DOXYCYCLINE HYCLATE,2.019447769868446,1.4155234382892623,2.8810326872123926,139,67.62589928057554,2.019447769868446,Undirected,mild
FUROSEMIDE,GLYCERYL TRINITRATE,2.018955032234478,1.6596404510873308,2.4560617448884,457,67.6148796498906,2.018955032234478,Undirected,mild
AMLODIPINE BESYLATE,SYMBICORT,2.018759842198738,1.3413648628733037,3.0382421765130196,105,67.61904761904762,2.018759842198738,Undirected,mild
AMOXICILLIN,EPINEPHRINE,2.018759842198738,1.3413648628733037,3.0382421765130196,105,67.61904761904762,2.018759842198738,Undirected,mild
PANTOPRAZOLE,PROMETHAZINE,2.018759842198738,1.3413648628733037,3.0382421765130196,105,67.61904761904762,2.018759842198738,Undirected,mild
BISOPROLOL,SPIRIVA,2.018759842198738,1.3413648628733037,3.0382421765130196,105,67.61904761904762,2.018759842198738,Undirected,mild
CERTOLIZUMAB PEGOL,PREGABALIN,2.018759842198738,1.3413648628733037,3.0382421765130196,105,67.61904761904762,2.018759842198738,Undirected,mild
ASPIRIN,GLIPIZIDE,2.018282527125854,1.5460593783419665,2.634739917732016,247,67.61133603238866,2.018282527125854,Undirected,mild
ARIPIPRAZOLE,VENLAFAXINE,2.0179345604610943,1.6156617740746295,2.5203665492646707,355,67.6056338028169,2.0179345604610943,Undirected,mild
CODEINE,LANSOPRAZOLE,2.017584295875461,1.4196443754706425,2.867370491721755,142,67.6056338028169,2.017584295875461,Undirected,mild
ACETAMINOPHEN,MIDAZOLAM,2.0169183940324253,1.5751168908608335,2.582639949955152,287,67.59581881533101,2.0169183940324253,Undirected,mild
CALCIUM CARBONATE,PREDNISONE,2.016826278365994,1.7114510870950792,2.376689738771162,651,67.58832565284179,2.016826278365994,Undirected,mild
RITUXIMAB,ZOPICLONE,2.016504665105543,1.5164774857783547,2.681405495647918,216,67.5925925925926,2.016504665105543,Undirected,mild
METOPROLOL SUCCINATE,VALSARTAN,2.0163273595899507,1.3475454474518824,3.0170233061294613,108,67.5925925925926,2.0163273595899507,Undirected,mild
LOSARTAN,METFORMIN HYDROCHLORIDE,2.0163273595899507,1.3475454474518824,3.0170233061294613,108,67.5925925925926,2.0163273595899507,Undirected,mild
SERTRALINE HYDROCHLORIDE,ZOPICLONE,2.0163273595899507,1.3475454474518824,3.0170233061294613,108,67.5925925925926,2.0163273595899507,Undirected,mild
CYAMEMAZINE,ZOPICLONE,2.0163273595899507,1.3475454474518824,3.0170233061294613,108,67.5925925925926,2.0163273595899507,Undirected,mild
LANSOPRAZOLE,PREDNISOLONE,2.0161482751182995,1.6745288167858012,2.427461281356052,509,67.58349705304518,2.0161482751182995,Undirected,mild
PEMBROLIZUMAB,PREDNISOLONE,2.015800308536542,1.423659488124529,2.8542294823947283,145,67.58620689655173,2.015800308536542,Undirected,mild
ASPIRIN,DICLOFENAC SODIUM,2.015800308536542,1.423659488124529,2.8542294823947283,145,67.58620689655173,2.015800308536542,Undirected,mild
DULOXETINA,FUROSEMIDE,2.014272614870829,1.5527975902520434,2.612893137192468,259,67.56756756756756,2.014272614870829,Undirected,mild
JARDIANCE,LT4,2.014272614870829,1.5527975902520434,2.612893137192468,259,67.56756756756756,2.014272614870829,Undirected,mild
ASPIRIN,SITAGLIPTIN,2.0141514243427916,1.4804371086527572,2.7402757850847936,185,67.56756756756756,2.0141514243427916,Undirected,mild
CODEINE,PANTOPRAZOLE,2.014090839938477,1.4275733979189182,2.841578525796037,148,67.56756756756756,2.014090839938477,Undirected,mild
DIAZEPAM,LACOSAMIDE,2.014090839938477,1.4275733979189182,2.841578525796037,148,67.56756756756756,2.014090839938477,Undirected,mild
OMEPRAZOLE,POMALYST,2.014030262772234,1.3535180611453297,2.9968701680493215,111,67.56756756756756,2.014030262772234,Undirected,mild
MYRBETRIQ,PANTOPRAZOLE,2.014030262772234,1.3535180611453297,2.9968701680493215,111,67.56756756756756,2.014030262772234,Undirected,mild
CARBOPLATIN,DIPYRONE,2.014030262772234,1.3535180611453297,2.9968701680493215,111,67.56756756756756,2.014030262772234,Undirected,mild
CALCITRIOL,PANTOPRAZOLE,2.014030262772234,1.3535180611453297,2.9968701680493215,111,67.56756756756756,2.014030262772234,Undirected,mild
ACETAMINOPHEN,PLAVIX,2.014030262772234,1.3535180611453297,2.9968701680493215,111,67.56756756756756,2.014030262772234,Undirected,mild
OMEPRAZOLE,PLAVIX,2.014030262772234,1.3535180611453297,2.9968701680493215,111,67.56756756756756,2.014030262772234,Undirected,mild
ASPIRIN,MIRTAZAPINE,2.01302430205687,1.688392373011031,2.400074121067516,567,67.54850088183422,2.01302430205687,Undirected,mild
ASPARAGINASE,CYCLOPHOSPHAMIDE,2.0128353141847977,1.4831743708065188,2.731645099710218,188,67.5531914893617,2.0128353141847977,Undirected,mild
ACETAMINOPHEN / HYDROCODONE,ELIQUIS,2.0128353141847977,1.4831743708065188,2.731645099710218,188,67.5531914893617,2.0128353141847977,Undirected,mild
CANDESARTAN,VITAMIN D3,2.0124513277119873,1.431390443071516,2.82938898049314,151,67.54966887417218,2.0124513277119873,Undirected,mild
PREDNISONE,SIMVASTATIN,2.0124081624122976,1.5560271460944377,2.6026452188243847,265,67.54716981132076,2.0124081624122976,Undirected,mild
ALBUTEROL SULFATE,LISINOPRIL,2.011873738211451,1.6239293508770558,2.4924950930401386,382,67.5392670157068,2.011873738211451,Undirected,mild
DIAZEPAM,MELATONINA,2.0118575745227436,1.3592945573368411,2.977699629795196,114,67.54385964912281,2.0118575745227436,Undirected,mild
CHOLECALCIFEROL,VITAMIN D NOS,2.0118575745227436,1.3592945573368411,2.977699629795196,114,67.54385964912281,2.0118575745227436,Undirected,mild
CARBOPLATIN,LORAZEPAM,2.0118575745227436,1.3592945573368411,2.977699629795196,114,67.54385964912281,2.0118575745227436,Undirected,mild
CLONAZEPAM,SODIUM CHLORIDE,2.0118575745227436,1.3592945573368411,2.977699629795196,114,67.54385964912281,2.0118575745227436,Undirected,mild
ASPIRIN,OXYBUTYNIN,2.0118575745227436,1.3592945573368411,2.977699629795196,114,67.54385964912281,2.0118575745227436,Undirected,mild
ALBUTEROL SULFATE,HYDROCORTISONE,2.0118575745227436,1.3592945573368411,2.977699629795196,114,67.54385964912281,2.0118575745227436,Undirected,mild
ADVAIR HFA,SODIUM CHLORIDE,2.0118575745227436,1.3592945573368411,2.977699629795196,114,67.54385964912281,2.0118575745227436,Undirected,mild
BUPRENORPHINE,COCAINE,2.011561803173217,1.4858583476924516,2.7232615371913096,191,67.5392670157068,2.011561803173217,Undirected,mild
ATORVASTATIN CALCIUM,CYANOCOBALAMIN,2.0112545448895243,1.6248060027802738,2.489617121931449,385,67.53246753246754,2.0112545448895243,Undirected,mild
OMEPRAZOLE,PROAIR,2.009799473115775,1.36488584461383,2.959437185224302,117,67.52136752136752,2.009799473115775,Undirected,mild
AMLODIPINE BESYLATE,TRELEGY ELLIPTA,2.009799473115775,1.36488584461383,2.959437185224302,117,67.52136752136752,2.009799473115775,Undirected,mild
ARIPIPRAZOLE,ZOPICLONE,2.009799473115775,1.36488584461383,2.959437185224302,117,67.52136752136752,2.009799473115775,Undirected,mild
HYDRALAZINE,PREDNISONE,2.009799473115775,1.36488584461383,2.959437185224302,117,67.52136752136752,2.009799473115775,Undirected,mild
EPIDIOLEX,VIMPAT,2.0093657120610486,1.438750006527876,2.806290562284962,157,67.51592356687898,2.0093657120610486,Undirected,mild
CYCLOPHOSPHAMIDE,FOLIC ACID,2.0093657120610486,1.438750006527876,2.806290562284962,157,67.51592356687898,2.0093657120610486,Undirected,mild
CHOLECALCIFEROL,LACTULOSE,2.0093657120610486,1.438750006527876,2.806290562284962,157,67.51592356687898,2.0093657120610486,Undirected,mild
HYDROXYCHLOROQUINE SULFATE,PREDNISONE,2.009186371918063,1.725590911654835,2.339389857605338,757,67.50330250990753,2.009186371918063,Undirected,mild
ACETAMINOPHEN,FAMOTIDINE,2.0091492535830113,1.7501101960406698,2.3065294587195044,920,67.5,2.0091492535830113,Undirected,mild
FERROUS SULFATE,ONDANSETRON,2.0091345912573426,1.491073434805842,2.7071918200409972,197,67.51269035532995,2.0091345912573426,Undirected,mild
JARDIANCE,VITAMIN D3,2.008874463242519,1.6282346441723556,2.4784981842216203,397,67.50629722921914,2.008874463242519,Undirected,mild
FOLIC ACID,PANTOPRAZOLE,2.0082664367125234,1.7949241268239575,2.2469663316423714,1390,67.4820143884892,2.0082664367125234,Undirected,mild
FAMOTIDINE,LEVOTHYROXINE SODIUM,2.0080422463358474,1.5326612174405574,2.630870812926994,240,67.5,2.0080422463358474,Undirected,mild
PREDNISONE,SODIUM BICARBONATE,2.0080422463358474,1.5326612174405574,2.630870812926994,240,67.5,2.0080422463358474,Undirected,mild
LASIX,LIPITOR,2.0079772038921475,1.493607838148395,2.6994853323405876,200,67.5,2.0079772038921475,Undirected,mild
EZETIMIBE,JARDIANCE,2.0079772038921475,1.493607838148395,2.6994853323405876,200,67.5,2.0079772038921475,Undirected,mild
FUROSEMIDE,NYSTATIN,2.0079121698414424,1.4422999740144966,2.795334780860813,160,67.5,2.0079121698414424,Undirected,mild
SIMVASTATIN,TAMSULOSIN HYDROCHLORIDE,2.007847144182107,1.370301982795897,2.9420158512612455,120,67.5,2.007847144182107,Undirected,mild
LASIX,ZYRTEC,2.007847144182107,1.370301982795897,2.9420158512612455,120,67.5,2.007847144182107,Undirected,mild
ENTRESTO,ROSUVASTATIN,2.0071054617160025,1.5345441209129795,2.62519159895739,243,67.48971193415639,2.0071054617160025,Undirected,mild
CITALOPRAM,CLONAZEPAM,2.006855024133074,1.4960955519927486,2.691985202765767,203,67.48768472906403,2.006855024133074,Undirected,mild
FLUDARABINE,TOCILIZUMAB,2.006855024133074,1.4960955519927486,2.691985202765767,203,67.48768472906403,2.006855024133074,Undirected,mild
ASPIRIN,ENOXAPARIN SODIUM,2.0067782863389194,1.5916170483488323,2.5302311851328847,326,67.48466257668711,2.0067782863389194,Undirected,mild
HYDROCORTISONE,PREDNISONE,2.0062443246400266,1.734956864837363,2.319951793457197,830,67.46987951807229,2.0062443246400266,Undirected,mild
ACETAMINOPHEN,GLYCERYL TRINITRATE,2.00610091956773,1.5927871677978345,2.526665822562238,329,67.47720364741642,2.00610091956773,Undirected,mild
JARDIANCE,ONDANSETRON,2.0059926547894404,1.375552267175073,2.9253752308032315,123,67.47967479674797,2.0059926547894404,Undirected,mild
EPINEPHRINE,FOLIC ACID,2.0059926547894404,1.375552267175073,2.9253752308032315,123,67.47967479674797,2.0059926547894404,Undirected,mild
OFEV,TYVASO DPI,2.0051670859580533,1.449157330534393,2.774505540490096,166,67.46987951807229,2.0051670859580533,Undirected,mild
ATORVASTATIN,MIRTAZAPINE,2.004706471810855,1.6975275605818445,2.36747145168166,633,67.4565560821485,2.004706471810855,Undirected,mild
ASPIRIN,TICAGRELOR,2.004370894823682,1.6979179977861751,2.366134695111599,636,67.45283018867924,2.004370894823682,Undirected,mild
CIPROFLOXACIN,LEVOFLOXACIN,2.0042288459500908,1.3806453026546404,2.909460713200458,126,67.46031746031747,2.0042288459500908,Undirected,mild
ERBITUX,SODIUM CHLORIDE,2.0042288459500908,1.3806453026546404,2.909460713200458,126,67.46031746031747,2.0042288459500908,Undirected,mild
OMEPRAZOLE,PERINDOPRIL,2.0042288459500908,1.3806453026546404,2.909460713200458,126,67.46031746031747,2.0042288459500908,Undirected,mild
POTASSIUM CHLORIDE,VALACYCLOVIR HYDROCHLORIDE,2.003869653369621,1.4524709739115844,2.7645947215604174,169,67.45562130177515,2.003869653369621,Undirected,mild
LT4,ZOFRAN,2.003869653369621,1.4524709739115844,2.7645947215604174,169,67.45562130177515,2.003869653369621,Undirected,mild
CANDESARTAN,CHOLECALCIFEROL,2.003534569591214,1.5723312053566374,2.5529931339348813,298,67.4496644295302,2.003534569591214,Undirected,mild
JARDIANCE,RAMIPRIL,2.0026187170505416,1.4557118138341998,2.754997031533287,172,67.44186046511628,2.0026187170505416,Undirected,mild
SODIUM CHLORIDE,TRELEGY ELLIPTA,2.0026187170505416,1.4557118138341998,2.754997031533287,172,67.44186046511628,2.0026187170505416,Undirected,mild
LIPITOR,PROTONIX,2.0025492404847243,1.3855890691986923,2.894222789217807,129,67.44186046511628,2.0025492404847243,Undirected,mild
ACETAMINOPHEN / HYDROCODONE,SPIRONOLACTONE,2.0025492404847243,1.3855890691986923,2.894222789217807,129,67.44186046511628,2.0025492404847243,Undirected,mild
DIPHENHYDRAMINE HYDROCHLORIDE,METOPROLOL SUCCINATE,2.0025492404847243,1.3855890691986923,2.894222789217807,129,67.44186046511628,2.0025492404847243,Undirected,mild
LEVOTHYROXINE SODIUM,METOPROLOL SUCCINATE,2.0019498418878032,1.5452695886019885,2.5935947998953863,261,67.43295019157088,2.0019498418878032,Undirected,mild
LORAZEPAM,MELATONINA,2.0019498418878032,1.5452695886019885,2.5935947998953863,261,67.43295019157088,2.0019498418878032,Undirected,mild
SPIRONOLACTONE,TYVASO DPI,2.0014118298309884,1.4588825705687796,2.745696873344459,175,67.42857142857143,2.0014118298309884,Undirected,mild
ASPIRIN,OXYCODONE,2.001373878681948,1.621948065013147,2.469559592364604,396,67.42424242424242,2.001373878681948,Undirected,mild
LT4,VALACICLOVIR,2.000947963742318,1.39039097978016,2.879616461721856,132,67.42424242424242,2.000947963742318,Undirected,mild
INSULIN,TACROLIMUS,2.000947963742318,1.39039097978016,2.879616461721856,132,67.42424242424242,2.000947963742318,Undirected,mild
LEVOTHYROXINE SODIUM,RITUXIMAB,2.000947963742318,1.39039097978016,2.879616461721856,132,67.42424242424242,2.000947963742318,Undirected,mild
PREGABALIN,SENNOSIDES,2.0007791543257967,1.5101191121487594,2.6508619036604246,221,67.42081447963801,2.0007791543257967,Undirected,mild
ALLOPURINOL,ASCORBIC ACID,2.00039014973294,1.5486427702026118,2.5839146562025035,267,67.41573033707866,2.00039014973294,Undirected,mild
GABAPENTIN,TYLENOL EXTRA STRENGTH,2.0002467133114687,1.4619858215052808,2.7366796963830073,178,67.41573033707866,2.0002467133114687,Undirected,mild
